Copyright 1986-2021 Xilinx, Inc. All Rights Reserved.
-----------------------------------------------------------------------------------------------------------------------------------------------------------------------------------------------------------------
| Tool Version : Vivado v.2021.1 (win64) Build 3247384 Thu Jun 10 19:36:33 MDT 2021
| Date         : Fri Feb 27 18:27:24 2026
| Host         : DESKTOP-0G8LKRK running 64-bit major release  (build 9200)
| Command      : report_timing_summary -max_paths 10 -file microwave_oven_timing_summary_routed.rpt -pb microwave_oven_timing_summary_routed.pb -rpx microwave_oven_timing_summary_routed.rpx -warn_on_violation
| Design       : microwave_oven
| Device       : 7a35t-cpg236
| Speed File   : -1  PRODUCTION 1.23 2018-06-13
-----------------------------------------------------------------------------------------------------------------------------------------------------------------------------------------------------------------

Timing Summary Report

------------------------------------------------------------------------------------------------
| Timer Settings
| --------------
------------------------------------------------------------------------------------------------

  Enable Multi Corner Analysis               :  Yes
  Enable Pessimism Removal                   :  Yes
  Pessimism Removal Resolution               :  Nearest Common Node
  Enable Input Delay Default Clock           :  No
  Enable Preset / Clear Arcs                 :  No
  Disable Flight Delays                      :  No
  Ignore I/O Paths                           :  No
  Timing Early Launch at Borrowing Latches   :  No
  Borrow Time for Max Delay Exceptions       :  Yes
  Merge Timing Exceptions                    :  Yes

  Corner  Analyze    Analyze    
  Name    Max Paths  Min Paths  
  ------  ---------  ---------  
  Slow    Yes        Yes        
  Fast    Yes        Yes        


------------------------------------------------------------------------------------------------
| Report Methodology
| ------------------
------------------------------------------------------------------------------------------------

Rule       Severity  Description                    Violations  
---------  --------  -----------------------------  ----------  
TIMING-18  Warning   Missing input or output delay  16          

Note: This report is based on the most recent report_methodology run and may not be up-to-date. Run report_methodology on the current design for the latest report.



check_timing report

Table of Contents
-----------------
1. checking no_clock (0)
2. checking constant_clock (0)
3. checking pulse_width_clock (0)
4. checking unconstrained_internal_endpoints (0)
5. checking no_input_delay (4)
6. checking no_output_delay (12)
7. checking multiple_clock (0)
8. checking generated_clocks (0)
9. checking loops (0)
10. checking partial_input_delay (0)
11. checking partial_output_delay (0)
12. checking latch_loops (0)

1. checking no_clock (0)
------------------------
 There are 0 register/latch pins with no clock.


2. checking constant_clock (0)
------------------------------
 There are 0 register/latch pins with constant_clock.


3. checking pulse_width_clock (0)
---------------------------------
 There are 0 register/latch pins which need pulse_width check


4. checking unconstrained_internal_endpoints (0)
------------------------------------------------
 There are 0 pins that are not constrained for maximum delay.

 There are 0 pins that are not constrained for maximum delay due to constant clock.


5. checking no_input_delay (4)
------------------------------
 There are 4 input ports with no input delay specified. (HIGH)

 There are 0 input ports with no input delay but user has a false path constraint.


6. checking no_output_delay (12)
--------------------------------
 There are 12 ports with no output delay specified. (HIGH)

 There are 0 ports with no output delay but user has a false path constraint

 There are 0 ports with no output delay but with a timing clock defined on it or propagating through it


7. checking multiple_clock (0)
------------------------------
 There are 0 register/latch pins with multiple clocks.


8. checking generated_clocks (0)
--------------------------------
 There are 0 generated clocks that are not connected to a clock source.


9. checking loops (0)
---------------------
 There are 0 combinational loops in the design.


10. checking partial_input_delay (0)
------------------------------------
 There are 0 input ports with partial input delay specified.


11. checking partial_output_delay (0)
-------------------------------------
 There are 0 ports with partial output delay specified.


12. checking latch_loops (0)
----------------------------
 There are 0 combinational latch loops in the design through latch input



------------------------------------------------------------------------------------------------
| Design Timing Summary
| ---------------------
------------------------------------------------------------------------------------------------

    WNS(ns)      TNS(ns)  TNS Failing Endpoints  TNS Total Endpoints      WHS(ns)      THS(ns)  THS Failing Endpoints  THS Total Endpoints     WPWS(ns)     TPWS(ns)  TPWS Failing Endpoints  TPWS Total Endpoints  
    -------      -------  ---------------------  -------------------      -------      -------  ---------------------  -------------------     --------     --------  ----------------------  --------------------  
      4.351        0.000                      0                  343        0.162        0.000                      0                  343        4.500        0.000                       0                   216  


All user specified timing constraints are met.


------------------------------------------------------------------------------------------------
| Clock Summary
| -------------
------------------------------------------------------------------------------------------------

Clock        Waveform(ns)       Period(ns)      Frequency(MHz)
-----        ------------       ----------      --------------
sys_clk_pin  {0.000 5.000}      10.000          100.000         


------------------------------------------------------------------------------------------------
| Intra Clock Table
| -----------------
------------------------------------------------------------------------------------------------

Clock             WNS(ns)      TNS(ns)  TNS Failing Endpoints  TNS Total Endpoints      WHS(ns)      THS(ns)  THS Failing Endpoints  THS Total Endpoints     WPWS(ns)     TPWS(ns)  TPWS Failing Endpoints  TPWS Total Endpoints  
-----             -------      -------  ---------------------  -------------------      -------      -------  ---------------------  -------------------     --------     --------  ----------------------  --------------------  
sys_clk_pin         4.351        0.000                      0                  343        0.162        0.000                      0                  343        4.500        0.000                       0                   216  


------------------------------------------------------------------------------------------------
| Inter Clock Table
| -----------------
------------------------------------------------------------------------------------------------

From Clock    To Clock          WNS(ns)      TNS(ns)  TNS Failing Endpoints  TNS Total Endpoints      WHS(ns)      THS(ns)  THS Failing Endpoints  THS Total Endpoints  
----------    --------          -------      -------  ---------------------  -------------------      -------      -------  ---------------------  -------------------  


------------------------------------------------------------------------------------------------
| Other Path Groups Table
| -----------------------
------------------------------------------------------------------------------------------------

Path Group    From Clock    To Clock          WNS(ns)      TNS(ns)  TNS Failing Endpoints  TNS Total Endpoints      WHS(ns)      THS(ns)  THS Failing Endpoints  THS Total Endpoints  
----------    ----------    --------          -------      -------  ---------------------  -------------------      -------      -------  ---------------------  -------------------  


------------------------------------------------------------------------------------------------
| Timing Details
| --------------
------------------------------------------------------------------------------------------------


---------------------------------------------------------------------------------------------------
From Clock:  sys_clk_pin
  To Clock:  sys_clk_pin

Setup :            0  Failing Endpoints,  Worst Slack        4.351ns,  Total Violation        0.000ns
Hold  :            0  Failing Endpoints,  Worst Slack        0.162ns,  Total Violation        0.000ns
PW    :            0  Failing Endpoints,  Worst Slack        4.500ns,  Total Violation        0.000ns
---------------------------------------------------------------------------------------------------


Max Delay Paths
--------------------------------------------------------------------------------------
Slack (MET) :             4.351ns  (required time - arrival time)
  Source:                 u_microwave_time/cnt_1s_reg[12]/C
                            (rising edge-triggered cell FDCE clocked by sys_clk_pin  {rise@0.000ns fall@5.000ns period=10.000ns})
  Destination:            u_microwave_time/cnt_1s_reg[25]/D
                            (rising edge-triggered cell FDCE clocked by sys_clk_pin  {rise@0.000ns fall@5.000ns period=10.000ns})
  Path Group:             sys_clk_pin
  Path Type:              Setup (Max at Slow Process Corner)
  Requirement:            10.000ns  (sys_clk_pin rise@10.000ns - sys_clk_pin rise@0.000ns)
  Data Path Delay:        5.695ns  (logic 2.435ns (42.759%)  route 3.260ns (57.241%))
  Logic Levels:           11  (CARRY4=7 LUT2=1 LUT6=3)
  Clock Path Skew:        -0.028ns (DCD - SCD + CPR)
    Destination Clock Delay (DCD):    4.783ns = ( 14.783 - 10.000 ) 
    Source Clock Delay      (SCD):    5.084ns
    Clock Pessimism Removal (CPR):    0.273ns
  Clock Uncertainty:      0.035ns  ((TSJ^2 + TIJ^2)^1/2 + DJ) / 2 + PE
    Total System Jitter     (TSJ):    0.071ns
    Total Input Jitter      (TIJ):    0.000ns
    Discrete Jitter          (DJ):    0.000ns
    Phase Error              (PE):    0.000ns

    Location             Delay type                Incr(ns)  Path(ns)    Netlist Resource(s)
  -------------------------------------------------------------------    -------------------
                         (clock sys_clk_pin rise edge)
                                                      0.000     0.000 r  
    W5                                                0.000     0.000 r  clk (IN)
                         net (fo=0)                   0.000     0.000    clk
    W5                   IBUF (Prop_ibuf_I_O)         1.458     1.458 r  clk_IBUF_inst/O
                         net (fo=1, routed)           1.967     3.425    clk_IBUF
    BUFGCTRL_X0Y0        BUFG (Prop_bufg_I_O)         0.096     3.521 r  clk_IBUF_BUFG_inst/O
                         net (fo=215, routed)         1.563     5.084    u_microwave_time/clk_IBUF_BUFG
    SLICE_X56Y16         FDCE                                         r  u_microwave_time/cnt_1s_reg[12]/C
  -------------------------------------------------------------------    -------------------
    SLICE_X56Y16         FDCE (Prop_fdce_C_Q)         0.518     5.602 f  u_microwave_time/cnt_1s_reg[12]/Q
                         net (fo=2, routed)           0.809     6.412    u_microwave_time/cnt_1s_reg[12]
    SLICE_X57Y15         LUT6 (Prop_lut6_I1_O)        0.124     6.536 r  u_microwave_time/second[5]_i_17/O
                         net (fo=1, routed)           0.402     6.938    u_microwave_time/second[5]_i_17_n_0
    SLICE_X57Y16         LUT6 (Prop_lut6_I4_O)        0.124     7.062 f  u_microwave_time/second[5]_i_11/O
                         net (fo=1, routed)           0.640     7.701    u_microwave_time/second[5]_i_11_n_0
    SLICE_X57Y18         LUT6 (Prop_lut6_I3_O)        0.124     7.825 f  u_microwave_time/second[5]_i_5/O
                         net (fo=33, routed)          1.409     9.234    u_microwave_time/second[5]_i_5_n_0
    SLICE_X56Y13         LUT2 (Prop_lut2_I1_O)        0.124     9.358 r  u_microwave_time/cnt_1s[0]_i_6/O
                         net (fo=1, routed)           0.000     9.358    u_microwave_time/cnt_1s[0]_i_6_n_0
    SLICE_X56Y13         CARRY4 (Prop_carry4_S[0]_CO[3])
                                                      0.513     9.871 r  u_microwave_time/cnt_1s_reg[0]_i_1/CO[3]
                         net (fo=1, routed)           0.000     9.871    u_microwave_time/cnt_1s_reg[0]_i_1_n_0
    SLICE_X56Y14         CARRY4 (Prop_carry4_CI_CO[3])
                                                      0.117     9.988 r  u_microwave_time/cnt_1s_reg[4]_i_1/CO[3]
                         net (fo=1, routed)           0.000     9.988    u_microwave_time/cnt_1s_reg[4]_i_1_n_0
    SLICE_X56Y15         CARRY4 (Prop_carry4_CI_CO[3])
                                                      0.117    10.105 r  u_microwave_time/cnt_1s_reg[8]_i_1/CO[3]
                         net (fo=1, routed)           0.000    10.105    u_microwave_time/cnt_1s_reg[8]_i_1_n_0
    SLICE_X56Y16         CARRY4 (Prop_carry4_CI_CO[3])
                                                      0.117    10.222 r  u_microwave_time/cnt_1s_reg[12]_i_1/CO[3]
                         net (fo=1, routed)           0.000    10.222    u_microwave_time/cnt_1s_reg[12]_i_1_n_0
    SLICE_X56Y17         CARRY4 (Prop_carry4_CI_CO[3])
                                                      0.117    10.339 r  u_microwave_time/cnt_1s_reg[16]_i_1/CO[3]
                         net (fo=1, routed)           0.000    10.339    u_microwave_time/cnt_1s_reg[16]_i_1_n_0
    SLICE_X56Y18         CARRY4 (Prop_carry4_CI_CO[3])
                                                      0.117    10.456 r  u_microwave_time/cnt_1s_reg[20]_i_1/CO[3]
                         net (fo=1, routed)           0.000    10.456    u_microwave_time/cnt_1s_reg[20]_i_1_n_0
    SLICE_X56Y19         CARRY4 (Prop_carry4_CI_O[1])
                                                      0.323    10.779 r  u_microwave_time/cnt_1s_reg[24]_i_1/O[1]
                         net (fo=1, routed)           0.000    10.779    u_microwave_time/cnt_1s_reg[24]_i_1_n_6
    SLICE_X56Y19         FDCE                                         r  u_microwave_time/cnt_1s_reg[25]/D
  -------------------------------------------------------------------    -------------------

                         (clock sys_clk_pin rise edge)
                                                     10.000    10.000 r  
    W5                                                0.000    10.000 r  clk (IN)
                         net (fo=0)                   0.000    10.000    clk
    W5                   IBUF (Prop_ibuf_I_O)         1.388    11.388 r  clk_IBUF_inst/O
                         net (fo=1, routed)           1.862    13.250    clk_IBUF
    BUFGCTRL_X0Y0        BUFG (Prop_bufg_I_O)         0.091    13.341 r  clk_IBUF_BUFG_inst/O
                         net (fo=215, routed)         1.442    14.783    u_microwave_time/clk_IBUF_BUFG
    SLICE_X56Y19         FDCE                                         r  u_microwave_time/cnt_1s_reg[25]/C
                         clock pessimism              0.273    15.056    
                         clock uncertainty           -0.035    15.021    
    SLICE_X56Y19         FDCE (Setup_fdce_C_D)        0.109    15.130    u_microwave_time/cnt_1s_reg[25]
  -------------------------------------------------------------------
                         required time                         15.130    
                         arrival time                         -10.779    
  -------------------------------------------------------------------
                         slack                                  4.351    

Slack (MET) :             4.359ns  (required time - arrival time)
  Source:                 u_microwave_time/cnt_1s_reg[12]/C
                            (rising edge-triggered cell FDCE clocked by sys_clk_pin  {rise@0.000ns fall@5.000ns period=10.000ns})
  Destination:            u_microwave_time/cnt_1s_reg[27]/D
                            (rising edge-triggered cell FDCE clocked by sys_clk_pin  {rise@0.000ns fall@5.000ns period=10.000ns})
  Path Group:             sys_clk_pin
  Path Type:              Setup (Max at Slow Process Corner)
  Requirement:            10.000ns  (sys_clk_pin rise@10.000ns - sys_clk_pin rise@0.000ns)
  Data Path Delay:        5.687ns  (logic 2.427ns (42.679%)  route 3.260ns (57.321%))
  Logic Levels:           11  (CARRY4=7 LUT2=1 LUT6=3)
  Clock Path Skew:        -0.028ns (DCD - SCD + CPR)
    Destination Clock Delay (DCD):    4.783ns = ( 14.783 - 10.000 ) 
    Source Clock Delay      (SCD):    5.084ns
    Clock Pessimism Removal (CPR):    0.273ns
  Clock Uncertainty:      0.035ns  ((TSJ^2 + TIJ^2)^1/2 + DJ) / 2 + PE
    Total System Jitter     (TSJ):    0.071ns
    Total Input Jitter      (TIJ):    0.000ns
    Discrete Jitter          (DJ):    0.000ns
    Phase Error              (PE):    0.000ns

    Location             Delay type                Incr(ns)  Path(ns)    Netlist Resource(s)
  -------------------------------------------------------------------    -------------------
                         (clock sys_clk_pin rise edge)
                                                      0.000     0.000 r  
    W5                                                0.000     0.000 r  clk (IN)
                         net (fo=0)                   0.000     0.000    clk
    W5                   IBUF (Prop_ibuf_I_O)         1.458     1.458 r  clk_IBUF_inst/O
                         net (fo=1, routed)           1.967     3.425    clk_IBUF
    BUFGCTRL_X0Y0        BUFG (Prop_bufg_I_O)         0.096     3.521 r  clk_IBUF_BUFG_inst/O
                         net (fo=215, routed)         1.563     5.084    u_microwave_time/clk_IBUF_BUFG
    SLICE_X56Y16         FDCE                                         r  u_microwave_time/cnt_1s_reg[12]/C
  -------------------------------------------------------------------    -------------------
    SLICE_X56Y16         FDCE (Prop_fdce_C_Q)         0.518     5.602 f  u_microwave_time/cnt_1s_reg[12]/Q
                         net (fo=2, routed)           0.809     6.412    u_microwave_time/cnt_1s_reg[12]
    SLICE_X57Y15         LUT6 (Prop_lut6_I1_O)        0.124     6.536 r  u_microwave_time/second[5]_i_17/O
                         net (fo=1, routed)           0.402     6.938    u_microwave_time/second[5]_i_17_n_0
    SLICE_X57Y16         LUT6 (Prop_lut6_I4_O)        0.124     7.062 f  u_microwave_time/second[5]_i_11/O
                         net (fo=1, routed)           0.640     7.701    u_microwave_time/second[5]_i_11_n_0
    SLICE_X57Y18         LUT6 (Prop_lut6_I3_O)        0.124     7.825 f  u_microwave_time/second[5]_i_5/O
                         net (fo=33, routed)          1.409     9.234    u_microwave_time/second[5]_i_5_n_0
    SLICE_X56Y13         LUT2 (Prop_lut2_I1_O)        0.124     9.358 r  u_microwave_time/cnt_1s[0]_i_6/O
                         net (fo=1, routed)           0.000     9.358    u_microwave_time/cnt_1s[0]_i_6_n_0
    SLICE_X56Y13         CARRY4 (Prop_carry4_S[0]_CO[3])
                                                      0.513     9.871 r  u_microwave_time/cnt_1s_reg[0]_i_1/CO[3]
                         net (fo=1, routed)           0.000     9.871    u_microwave_time/cnt_1s_reg[0]_i_1_n_0
    SLICE_X56Y14         CARRY4 (Prop_carry4_CI_CO[3])
                                                      0.117     9.988 r  u_microwave_time/cnt_1s_reg[4]_i_1/CO[3]
                         net (fo=1, routed)           0.000     9.988    u_microwave_time/cnt_1s_reg[4]_i_1_n_0
    SLICE_X56Y15         CARRY4 (Prop_carry4_CI_CO[3])
                                                      0.117    10.105 r  u_microwave_time/cnt_1s_reg[8]_i_1/CO[3]
                         net (fo=1, routed)           0.000    10.105    u_microwave_time/cnt_1s_reg[8]_i_1_n_0
    SLICE_X56Y16         CARRY4 (Prop_carry4_CI_CO[3])
                                                      0.117    10.222 r  u_microwave_time/cnt_1s_reg[12]_i_1/CO[3]
                         net (fo=1, routed)           0.000    10.222    u_microwave_time/cnt_1s_reg[12]_i_1_n_0
    SLICE_X56Y17         CARRY4 (Prop_carry4_CI_CO[3])
                                                      0.117    10.339 r  u_microwave_time/cnt_1s_reg[16]_i_1/CO[3]
                         net (fo=1, routed)           0.000    10.339    u_microwave_time/cnt_1s_reg[16]_i_1_n_0
    SLICE_X56Y18         CARRY4 (Prop_carry4_CI_CO[3])
                                                      0.117    10.456 r  u_microwave_time/cnt_1s_reg[20]_i_1/CO[3]
                         net (fo=1, routed)           0.000    10.456    u_microwave_time/cnt_1s_reg[20]_i_1_n_0
    SLICE_X56Y19         CARRY4 (Prop_carry4_CI_O[3])
                                                      0.315    10.771 r  u_microwave_time/cnt_1s_reg[24]_i_1/O[3]
                         net (fo=1, routed)           0.000    10.771    u_microwave_time/cnt_1s_reg[24]_i_1_n_4
    SLICE_X56Y19         FDCE                                         r  u_microwave_time/cnt_1s_reg[27]/D
  -------------------------------------------------------------------    -------------------

                         (clock sys_clk_pin rise edge)
                                                     10.000    10.000 r  
    W5                                                0.000    10.000 r  clk (IN)
                         net (fo=0)                   0.000    10.000    clk
    W5                   IBUF (Prop_ibuf_I_O)         1.388    11.388 r  clk_IBUF_inst/O
                         net (fo=1, routed)           1.862    13.250    clk_IBUF
    BUFGCTRL_X0Y0        BUFG (Prop_bufg_I_O)         0.091    13.341 r  clk_IBUF_BUFG_inst/O
                         net (fo=215, routed)         1.442    14.783    u_microwave_time/clk_IBUF_BUFG
    SLICE_X56Y19         FDCE                                         r  u_microwave_time/cnt_1s_reg[27]/C
                         clock pessimism              0.273    15.056    
                         clock uncertainty           -0.035    15.021    
    SLICE_X56Y19         FDCE (Setup_fdce_C_D)        0.109    15.130    u_microwave_time/cnt_1s_reg[27]
  -------------------------------------------------------------------
                         required time                         15.130    
                         arrival time                         -10.771    
  -------------------------------------------------------------------
                         slack                                  4.359    

Slack (MET) :             4.435ns  (required time - arrival time)
  Source:                 u_microwave_time/cnt_1s_reg[12]/C
                            (rising edge-triggered cell FDCE clocked by sys_clk_pin  {rise@0.000ns fall@5.000ns period=10.000ns})
  Destination:            u_microwave_time/cnt_1s_reg[26]/D
                            (rising edge-triggered cell FDCE clocked by sys_clk_pin  {rise@0.000ns fall@5.000ns period=10.000ns})
  Path Group:             sys_clk_pin
  Path Type:              Setup (Max at Slow Process Corner)
  Requirement:            10.000ns  (sys_clk_pin rise@10.000ns - sys_clk_pin rise@0.000ns)
  Data Path Delay:        5.611ns  (logic 2.351ns (41.902%)  route 3.260ns (58.098%))
  Logic Levels:           11  (CARRY4=7 LUT2=1 LUT6=3)
  Clock Path Skew:        -0.028ns (DCD - SCD + CPR)
    Destination Clock Delay (DCD):    4.783ns = ( 14.783 - 10.000 ) 
    Source Clock Delay      (SCD):    5.084ns
    Clock Pessimism Removal (CPR):    0.273ns
  Clock Uncertainty:      0.035ns  ((TSJ^2 + TIJ^2)^1/2 + DJ) / 2 + PE
    Total System Jitter     (TSJ):    0.071ns
    Total Input Jitter      (TIJ):    0.000ns
    Discrete Jitter          (DJ):    0.000ns
    Phase Error              (PE):    0.000ns

    Location             Delay type                Incr(ns)  Path(ns)    Netlist Resource(s)
  -------------------------------------------------------------------    -------------------
                         (clock sys_clk_pin rise edge)
                                                      0.000     0.000 r  
    W5                                                0.000     0.000 r  clk (IN)
                         net (fo=0)                   0.000     0.000    clk
    W5                   IBUF (Prop_ibuf_I_O)         1.458     1.458 r  clk_IBUF_inst/O
                         net (fo=1, routed)           1.967     3.425    clk_IBUF
    BUFGCTRL_X0Y0        BUFG (Prop_bufg_I_O)         0.096     3.521 r  clk_IBUF_BUFG_inst/O
                         net (fo=215, routed)         1.563     5.084    u_microwave_time/clk_IBUF_BUFG
    SLICE_X56Y16         FDCE                                         r  u_microwave_time/cnt_1s_reg[12]/C
  -------------------------------------------------------------------    -------------------
    SLICE_X56Y16         FDCE (Prop_fdce_C_Q)         0.518     5.602 f  u_microwave_time/cnt_1s_reg[12]/Q
                         net (fo=2, routed)           0.809     6.412    u_microwave_time/cnt_1s_reg[12]
    SLICE_X57Y15         LUT6 (Prop_lut6_I1_O)        0.124     6.536 r  u_microwave_time/second[5]_i_17/O
                         net (fo=1, routed)           0.402     6.938    u_microwave_time/second[5]_i_17_n_0
    SLICE_X57Y16         LUT6 (Prop_lut6_I4_O)        0.124     7.062 f  u_microwave_time/second[5]_i_11/O
                         net (fo=1, routed)           0.640     7.701    u_microwave_time/second[5]_i_11_n_0
    SLICE_X57Y18         LUT6 (Prop_lut6_I3_O)        0.124     7.825 f  u_microwave_time/second[5]_i_5/O
                         net (fo=33, routed)          1.409     9.234    u_microwave_time/second[5]_i_5_n_0
    SLICE_X56Y13         LUT2 (Prop_lut2_I1_O)        0.124     9.358 r  u_microwave_time/cnt_1s[0]_i_6/O
                         net (fo=1, routed)           0.000     9.358    u_microwave_time/cnt_1s[0]_i_6_n_0
    SLICE_X56Y13         CARRY4 (Prop_carry4_S[0]_CO[3])
                                                      0.513     9.871 r  u_microwave_time/cnt_1s_reg[0]_i_1/CO[3]
                         net (fo=1, routed)           0.000     9.871    u_microwave_time/cnt_1s_reg[0]_i_1_n_0
    SLICE_X56Y14         CARRY4 (Prop_carry4_CI_CO[3])
                                                      0.117     9.988 r  u_microwave_time/cnt_1s_reg[4]_i_1/CO[3]
                         net (fo=1, routed)           0.000     9.988    u_microwave_time/cnt_1s_reg[4]_i_1_n_0
    SLICE_X56Y15         CARRY4 (Prop_carry4_CI_CO[3])
                                                      0.117    10.105 r  u_microwave_time/cnt_1s_reg[8]_i_1/CO[3]
                         net (fo=1, routed)           0.000    10.105    u_microwave_time/cnt_1s_reg[8]_i_1_n_0
    SLICE_X56Y16         CARRY4 (Prop_carry4_CI_CO[3])
                                                      0.117    10.222 r  u_microwave_time/cnt_1s_reg[12]_i_1/CO[3]
                         net (fo=1, routed)           0.000    10.222    u_microwave_time/cnt_1s_reg[12]_i_1_n_0
    SLICE_X56Y17         CARRY4 (Prop_carry4_CI_CO[3])
                                                      0.117    10.339 r  u_microwave_time/cnt_1s_reg[16]_i_1/CO[3]
                         net (fo=1, routed)           0.000    10.339    u_microwave_time/cnt_1s_reg[16]_i_1_n_0
    SLICE_X56Y18         CARRY4 (Prop_carry4_CI_CO[3])
                                                      0.117    10.456 r  u_microwave_time/cnt_1s_reg[20]_i_1/CO[3]
                         net (fo=1, routed)           0.000    10.456    u_microwave_time/cnt_1s_reg[20]_i_1_n_0
    SLICE_X56Y19         CARRY4 (Prop_carry4_CI_O[2])
                                                      0.239    10.695 r  u_microwave_time/cnt_1s_reg[24]_i_1/O[2]
                         net (fo=1, routed)           0.000    10.695    u_microwave_time/cnt_1s_reg[24]_i_1_n_5
    SLICE_X56Y19         FDCE                                         r  u_microwave_time/cnt_1s_reg[26]/D
  -------------------------------------------------------------------    -------------------

                         (clock sys_clk_pin rise edge)
                                                     10.000    10.000 r  
    W5                                                0.000    10.000 r  clk (IN)
                         net (fo=0)                   0.000    10.000    clk
    W5                   IBUF (Prop_ibuf_I_O)         1.388    11.388 r  clk_IBUF_inst/O
                         net (fo=1, routed)           1.862    13.250    clk_IBUF
    BUFGCTRL_X0Y0        BUFG (Prop_bufg_I_O)         0.091    13.341 r  clk_IBUF_BUFG_inst/O
                         net (fo=215, routed)         1.442    14.783    u_microwave_time/clk_IBUF_BUFG
    SLICE_X56Y19         FDCE                                         r  u_microwave_time/cnt_1s_reg[26]/C
                         clock pessimism              0.273    15.056    
                         clock uncertainty           -0.035    15.021    
    SLICE_X56Y19         FDCE (Setup_fdce_C_D)        0.109    15.130    u_microwave_time/cnt_1s_reg[26]
  -------------------------------------------------------------------
                         required time                         15.130    
                         arrival time                         -10.695    
  -------------------------------------------------------------------
                         slack                                  4.435    

Slack (MET) :             4.455ns  (required time - arrival time)
  Source:                 u_microwave_time/cnt_1s_reg[12]/C
                            (rising edge-triggered cell FDCE clocked by sys_clk_pin  {rise@0.000ns fall@5.000ns period=10.000ns})
  Destination:            u_microwave_time/cnt_1s_reg[24]/D
                            (rising edge-triggered cell FDCE clocked by sys_clk_pin  {rise@0.000ns fall@5.000ns period=10.000ns})
  Path Group:             sys_clk_pin
  Path Type:              Setup (Max at Slow Process Corner)
  Requirement:            10.000ns  (sys_clk_pin rise@10.000ns - sys_clk_pin rise@0.000ns)
  Data Path Delay:        5.591ns  (logic 2.331ns (41.695%)  route 3.260ns (58.305%))
  Logic Levels:           11  (CARRY4=7 LUT2=1 LUT6=3)
  Clock Path Skew:        -0.028ns (DCD - SCD + CPR)
    Destination Clock Delay (DCD):    4.783ns = ( 14.783 - 10.000 ) 
    Source Clock Delay      (SCD):    5.084ns
    Clock Pessimism Removal (CPR):    0.273ns
  Clock Uncertainty:      0.035ns  ((TSJ^2 + TIJ^2)^1/2 + DJ) / 2 + PE
    Total System Jitter     (TSJ):    0.071ns
    Total Input Jitter      (TIJ):    0.000ns
    Discrete Jitter          (DJ):    0.000ns
    Phase Error              (PE):    0.000ns

    Location             Delay type                Incr(ns)  Path(ns)    Netlist Resource(s)
  -------------------------------------------------------------------    -------------------
                         (clock sys_clk_pin rise edge)
                                                      0.000     0.000 r  
    W5                                                0.000     0.000 r  clk (IN)
                         net (fo=0)                   0.000     0.000    clk
    W5                   IBUF (Prop_ibuf_I_O)         1.458     1.458 r  clk_IBUF_inst/O
                         net (fo=1, routed)           1.967     3.425    clk_IBUF
    BUFGCTRL_X0Y0        BUFG (Prop_bufg_I_O)         0.096     3.521 r  clk_IBUF_BUFG_inst/O
                         net (fo=215, routed)         1.563     5.084    u_microwave_time/clk_IBUF_BUFG
    SLICE_X56Y16         FDCE                                         r  u_microwave_time/cnt_1s_reg[12]/C
  -------------------------------------------------------------------    -------------------
    SLICE_X56Y16         FDCE (Prop_fdce_C_Q)         0.518     5.602 f  u_microwave_time/cnt_1s_reg[12]/Q
                         net (fo=2, routed)           0.809     6.412    u_microwave_time/cnt_1s_reg[12]
    SLICE_X57Y15         LUT6 (Prop_lut6_I1_O)        0.124     6.536 r  u_microwave_time/second[5]_i_17/O
                         net (fo=1, routed)           0.402     6.938    u_microwave_time/second[5]_i_17_n_0
    SLICE_X57Y16         LUT6 (Prop_lut6_I4_O)        0.124     7.062 f  u_microwave_time/second[5]_i_11/O
                         net (fo=1, routed)           0.640     7.701    u_microwave_time/second[5]_i_11_n_0
    SLICE_X57Y18         LUT6 (Prop_lut6_I3_O)        0.124     7.825 f  u_microwave_time/second[5]_i_5/O
                         net (fo=33, routed)          1.409     9.234    u_microwave_time/second[5]_i_5_n_0
    SLICE_X56Y13         LUT2 (Prop_lut2_I1_O)        0.124     9.358 r  u_microwave_time/cnt_1s[0]_i_6/O
                         net (fo=1, routed)           0.000     9.358    u_microwave_time/cnt_1s[0]_i_6_n_0
    SLICE_X56Y13         CARRY4 (Prop_carry4_S[0]_CO[3])
                                                      0.513     9.871 r  u_microwave_time/cnt_1s_reg[0]_i_1/CO[3]
                         net (fo=1, routed)           0.000     9.871    u_microwave_time/cnt_1s_reg[0]_i_1_n_0
    SLICE_X56Y14         CARRY4 (Prop_carry4_CI_CO[3])
                                                      0.117     9.988 r  u_microwave_time/cnt_1s_reg[4]_i_1/CO[3]
                         net (fo=1, routed)           0.000     9.988    u_microwave_time/cnt_1s_reg[4]_i_1_n_0
    SLICE_X56Y15         CARRY4 (Prop_carry4_CI_CO[3])
                                                      0.117    10.105 r  u_microwave_time/cnt_1s_reg[8]_i_1/CO[3]
                         net (fo=1, routed)           0.000    10.105    u_microwave_time/cnt_1s_reg[8]_i_1_n_0
    SLICE_X56Y16         CARRY4 (Prop_carry4_CI_CO[3])
                                                      0.117    10.222 r  u_microwave_time/cnt_1s_reg[12]_i_1/CO[3]
                         net (fo=1, routed)           0.000    10.222    u_microwave_time/cnt_1s_reg[12]_i_1_n_0
    SLICE_X56Y17         CARRY4 (Prop_carry4_CI_CO[3])
                                                      0.117    10.339 r  u_microwave_time/cnt_1s_reg[16]_i_1/CO[3]
                         net (fo=1, routed)           0.000    10.339    u_microwave_time/cnt_1s_reg[16]_i_1_n_0
    SLICE_X56Y18         CARRY4 (Prop_carry4_CI_CO[3])
                                                      0.117    10.456 r  u_microwave_time/cnt_1s_reg[20]_i_1/CO[3]
                         net (fo=1, routed)           0.000    10.456    u_microwave_time/cnt_1s_reg[20]_i_1_n_0
    SLICE_X56Y19         CARRY4 (Prop_carry4_CI_O[0])
                                                      0.219    10.675 r  u_microwave_time/cnt_1s_reg[24]_i_1/O[0]
                         net (fo=1, routed)           0.000    10.675    u_microwave_time/cnt_1s_reg[24]_i_1_n_7
    SLICE_X56Y19         FDCE                                         r  u_microwave_time/cnt_1s_reg[24]/D
  -------------------------------------------------------------------    -------------------

                         (clock sys_clk_pin rise edge)
                                                     10.000    10.000 r  
    W5                                                0.000    10.000 r  clk (IN)
                         net (fo=0)                   0.000    10.000    clk
    W5                   IBUF (Prop_ibuf_I_O)         1.388    11.388 r  clk_IBUF_inst/O
                         net (fo=1, routed)           1.862    13.250    clk_IBUF
    BUFGCTRL_X0Y0        BUFG (Prop_bufg_I_O)         0.091    13.341 r  clk_IBUF_BUFG_inst/O
                         net (fo=215, routed)         1.442    14.783    u_microwave_time/clk_IBUF_BUFG
    SLICE_X56Y19         FDCE                                         r  u_microwave_time/cnt_1s_reg[24]/C
                         clock pessimism              0.273    15.056    
                         clock uncertainty           -0.035    15.021    
    SLICE_X56Y19         FDCE (Setup_fdce_C_D)        0.109    15.130    u_microwave_time/cnt_1s_reg[24]
  -------------------------------------------------------------------
                         required time                         15.130    
                         arrival time                         -10.675    
  -------------------------------------------------------------------
                         slack                                  4.455    

Slack (MET) :             4.469ns  (required time - arrival time)
  Source:                 u_microwave_time/cnt_1s_reg[12]/C
                            (rising edge-triggered cell FDCE clocked by sys_clk_pin  {rise@0.000ns fall@5.000ns period=10.000ns})
  Destination:            u_microwave_time/cnt_1s_reg[21]/D
                            (rising edge-triggered cell FDCE clocked by sys_clk_pin  {rise@0.000ns fall@5.000ns period=10.000ns})
  Path Group:             sys_clk_pin
  Path Type:              Setup (Max at Slow Process Corner)
  Requirement:            10.000ns  (sys_clk_pin rise@10.000ns - sys_clk_pin rise@0.000ns)
  Data Path Delay:        5.578ns  (logic 2.318ns (41.559%)  route 3.260ns (58.441%))
  Logic Levels:           10  (CARRY4=6 LUT2=1 LUT6=3)
  Clock Path Skew:        -0.027ns (DCD - SCD + CPR)
    Destination Clock Delay (DCD):    4.784ns = ( 14.784 - 10.000 ) 
    Source Clock Delay      (SCD):    5.084ns
    Clock Pessimism Removal (CPR):    0.273ns
  Clock Uncertainty:      0.035ns  ((TSJ^2 + TIJ^2)^1/2 + DJ) / 2 + PE
    Total System Jitter     (TSJ):    0.071ns
    Total Input Jitter      (TIJ):    0.000ns
    Discrete Jitter          (DJ):    0.000ns
    Phase Error              (PE):    0.000ns

    Location             Delay type                Incr(ns)  Path(ns)    Netlist Resource(s)
  -------------------------------------------------------------------    -------------------
                         (clock sys_clk_pin rise edge)
                                                      0.000     0.000 r  
    W5                                                0.000     0.000 r  clk (IN)
                         net (fo=0)                   0.000     0.000    clk
    W5                   IBUF (Prop_ibuf_I_O)         1.458     1.458 r  clk_IBUF_inst/O
                         net (fo=1, routed)           1.967     3.425    clk_IBUF
    BUFGCTRL_X0Y0        BUFG (Prop_bufg_I_O)         0.096     3.521 r  clk_IBUF_BUFG_inst/O
                         net (fo=215, routed)         1.563     5.084    u_microwave_time/clk_IBUF_BUFG
    SLICE_X56Y16         FDCE                                         r  u_microwave_time/cnt_1s_reg[12]/C
  -------------------------------------------------------------------    -------------------
    SLICE_X56Y16         FDCE (Prop_fdce_C_Q)         0.518     5.602 f  u_microwave_time/cnt_1s_reg[12]/Q
                         net (fo=2, routed)           0.809     6.412    u_microwave_time/cnt_1s_reg[12]
    SLICE_X57Y15         LUT6 (Prop_lut6_I1_O)        0.124     6.536 r  u_microwave_time/second[5]_i_17/O
                         net (fo=1, routed)           0.402     6.938    u_microwave_time/second[5]_i_17_n_0
    SLICE_X57Y16         LUT6 (Prop_lut6_I4_O)        0.124     7.062 f  u_microwave_time/second[5]_i_11/O
                         net (fo=1, routed)           0.640     7.701    u_microwave_time/second[5]_i_11_n_0
    SLICE_X57Y18         LUT6 (Prop_lut6_I3_O)        0.124     7.825 f  u_microwave_time/second[5]_i_5/O
                         net (fo=33, routed)          1.409     9.234    u_microwave_time/second[5]_i_5_n_0
    SLICE_X56Y13         LUT2 (Prop_lut2_I1_O)        0.124     9.358 r  u_microwave_time/cnt_1s[0]_i_6/O
                         net (fo=1, routed)           0.000     9.358    u_microwave_time/cnt_1s[0]_i_6_n_0
    SLICE_X56Y13         CARRY4 (Prop_carry4_S[0]_CO[3])
                                                      0.513     9.871 r  u_microwave_time/cnt_1s_reg[0]_i_1/CO[3]
                         net (fo=1, routed)           0.000     9.871    u_microwave_time/cnt_1s_reg[0]_i_1_n_0
    SLICE_X56Y14         CARRY4 (Prop_carry4_CI_CO[3])
                                                      0.117     9.988 r  u_microwave_time/cnt_1s_reg[4]_i_1/CO[3]
                         net (fo=1, routed)           0.000     9.988    u_microwave_time/cnt_1s_reg[4]_i_1_n_0
    SLICE_X56Y15         CARRY4 (Prop_carry4_CI_CO[3])
                                                      0.117    10.105 r  u_microwave_time/cnt_1s_reg[8]_i_1/CO[3]
                         net (fo=1, routed)           0.000    10.105    u_microwave_time/cnt_1s_reg[8]_i_1_n_0
    SLICE_X56Y16         CARRY4 (Prop_carry4_CI_CO[3])
                                                      0.117    10.222 r  u_microwave_time/cnt_1s_reg[12]_i_1/CO[3]
                         net (fo=1, routed)           0.000    10.222    u_microwave_time/cnt_1s_reg[12]_i_1_n_0
    SLICE_X56Y17         CARRY4 (Prop_carry4_CI_CO[3])
                                                      0.117    10.339 r  u_microwave_time/cnt_1s_reg[16]_i_1/CO[3]
                         net (fo=1, routed)           0.000    10.339    u_microwave_time/cnt_1s_reg[16]_i_1_n_0
    SLICE_X56Y18         CARRY4 (Prop_carry4_CI_O[1])
                                                      0.323    10.662 r  u_microwave_time/cnt_1s_reg[20]_i_1/O[1]
                         net (fo=1, routed)           0.000    10.662    u_microwave_time/cnt_1s_reg[20]_i_1_n_6
    SLICE_X56Y18         FDCE                                         r  u_microwave_time/cnt_1s_reg[21]/D
  -------------------------------------------------------------------    -------------------

                         (clock sys_clk_pin rise edge)
                                                     10.000    10.000 r  
    W5                                                0.000    10.000 r  clk (IN)
                         net (fo=0)                   0.000    10.000    clk
    W5                   IBUF (Prop_ibuf_I_O)         1.388    11.388 r  clk_IBUF_inst/O
                         net (fo=1, routed)           1.862    13.250    clk_IBUF
    BUFGCTRL_X0Y0        BUFG (Prop_bufg_I_O)         0.091    13.341 r  clk_IBUF_BUFG_inst/O
                         net (fo=215, routed)         1.443    14.784    u_microwave_time/clk_IBUF_BUFG
    SLICE_X56Y18         FDCE                                         r  u_microwave_time/cnt_1s_reg[21]/C
                         clock pessimism              0.273    15.057    
                         clock uncertainty           -0.035    15.022    
    SLICE_X56Y18         FDCE (Setup_fdce_C_D)        0.109    15.131    u_microwave_time/cnt_1s_reg[21]
  -------------------------------------------------------------------
                         required time                         15.131    
                         arrival time                         -10.662    
  -------------------------------------------------------------------
                         slack                                  4.469    

Slack (MET) :             4.477ns  (required time - arrival time)
  Source:                 u_microwave_time/cnt_1s_reg[12]/C
                            (rising edge-triggered cell FDCE clocked by sys_clk_pin  {rise@0.000ns fall@5.000ns period=10.000ns})
  Destination:            u_microwave_time/cnt_1s_reg[23]/D
                            (rising edge-triggered cell FDCE clocked by sys_clk_pin  {rise@0.000ns fall@5.000ns period=10.000ns})
  Path Group:             sys_clk_pin
  Path Type:              Setup (Max at Slow Process Corner)
  Requirement:            10.000ns  (sys_clk_pin rise@10.000ns - sys_clk_pin rise@0.000ns)
  Data Path Delay:        5.570ns  (logic 2.310ns (41.475%)  route 3.260ns (58.525%))
  Logic Levels:           10  (CARRY4=6 LUT2=1 LUT6=3)
  Clock Path Skew:        -0.027ns (DCD - SCD + CPR)
    Destination Clock Delay (DCD):    4.784ns = ( 14.784 - 10.000 ) 
    Source Clock Delay      (SCD):    5.084ns
    Clock Pessimism Removal (CPR):    0.273ns
  Clock Uncertainty:      0.035ns  ((TSJ^2 + TIJ^2)^1/2 + DJ) / 2 + PE
    Total System Jitter     (TSJ):    0.071ns
    Total Input Jitter      (TIJ):    0.000ns
    Discrete Jitter          (DJ):    0.000ns
    Phase Error              (PE):    0.000ns

    Location             Delay type                Incr(ns)  Path(ns)    Netlist Resource(s)
  -------------------------------------------------------------------    -------------------
                         (clock sys_clk_pin rise edge)
                                                      0.000     0.000 r  
    W5                                                0.000     0.000 r  clk (IN)
                         net (fo=0)                   0.000     0.000    clk
    W5                   IBUF (Prop_ibuf_I_O)         1.458     1.458 r  clk_IBUF_inst/O
                         net (fo=1, routed)           1.967     3.425    clk_IBUF
    BUFGCTRL_X0Y0        BUFG (Prop_bufg_I_O)         0.096     3.521 r  clk_IBUF_BUFG_inst/O
                         net (fo=215, routed)         1.563     5.084    u_microwave_time/clk_IBUF_BUFG
    SLICE_X56Y16         FDCE                                         r  u_microwave_time/cnt_1s_reg[12]/C
  -------------------------------------------------------------------    -------------------
    SLICE_X56Y16         FDCE (Prop_fdce_C_Q)         0.518     5.602 f  u_microwave_time/cnt_1s_reg[12]/Q
                         net (fo=2, routed)           0.809     6.412    u_microwave_time/cnt_1s_reg[12]
    SLICE_X57Y15         LUT6 (Prop_lut6_I1_O)        0.124     6.536 r  u_microwave_time/second[5]_i_17/O
                         net (fo=1, routed)           0.402     6.938    u_microwave_time/second[5]_i_17_n_0
    SLICE_X57Y16         LUT6 (Prop_lut6_I4_O)        0.124     7.062 f  u_microwave_time/second[5]_i_11/O
                         net (fo=1, routed)           0.640     7.701    u_microwave_time/second[5]_i_11_n_0
    SLICE_X57Y18         LUT6 (Prop_lut6_I3_O)        0.124     7.825 f  u_microwave_time/second[5]_i_5/O
                         net (fo=33, routed)          1.409     9.234    u_microwave_time/second[5]_i_5_n_0
    SLICE_X56Y13         LUT2 (Prop_lut2_I1_O)        0.124     9.358 r  u_microwave_time/cnt_1s[0]_i_6/O
                         net (fo=1, routed)           0.000     9.358    u_microwave_time/cnt_1s[0]_i_6_n_0
    SLICE_X56Y13         CARRY4 (Prop_carry4_S[0]_CO[3])
                                                      0.513     9.871 r  u_microwave_time/cnt_1s_reg[0]_i_1/CO[3]
                         net (fo=1, routed)           0.000     9.871    u_microwave_time/cnt_1s_reg[0]_i_1_n_0
    SLICE_X56Y14         CARRY4 (Prop_carry4_CI_CO[3])
                                                      0.117     9.988 r  u_microwave_time/cnt_1s_reg[4]_i_1/CO[3]
                         net (fo=1, routed)           0.000     9.988    u_microwave_time/cnt_1s_reg[4]_i_1_n_0
    SLICE_X56Y15         CARRY4 (Prop_carry4_CI_CO[3])
                                                      0.117    10.105 r  u_microwave_time/cnt_1s_reg[8]_i_1/CO[3]
                         net (fo=1, routed)           0.000    10.105    u_microwave_time/cnt_1s_reg[8]_i_1_n_0
    SLICE_X56Y16         CARRY4 (Prop_carry4_CI_CO[3])
                                                      0.117    10.222 r  u_microwave_time/cnt_1s_reg[12]_i_1/CO[3]
                         net (fo=1, routed)           0.000    10.222    u_microwave_time/cnt_1s_reg[12]_i_1_n_0
    SLICE_X56Y17         CARRY4 (Prop_carry4_CI_CO[3])
                                                      0.117    10.339 r  u_microwave_time/cnt_1s_reg[16]_i_1/CO[3]
                         net (fo=1, routed)           0.000    10.339    u_microwave_time/cnt_1s_reg[16]_i_1_n_0
    SLICE_X56Y18         CARRY4 (Prop_carry4_CI_O[3])
                                                      0.315    10.654 r  u_microwave_time/cnt_1s_reg[20]_i_1/O[3]
                         net (fo=1, routed)           0.000    10.654    u_microwave_time/cnt_1s_reg[20]_i_1_n_4
    SLICE_X56Y18         FDCE                                         r  u_microwave_time/cnt_1s_reg[23]/D
  -------------------------------------------------------------------    -------------------

                         (clock sys_clk_pin rise edge)
                                                     10.000    10.000 r  
    W5                                                0.000    10.000 r  clk (IN)
                         net (fo=0)                   0.000    10.000    clk
    W5                   IBUF (Prop_ibuf_I_O)         1.388    11.388 r  clk_IBUF_inst/O
                         net (fo=1, routed)           1.862    13.250    clk_IBUF
    BUFGCTRL_X0Y0        BUFG (Prop_bufg_I_O)         0.091    13.341 r  clk_IBUF_BUFG_inst/O
                         net (fo=215, routed)         1.443    14.784    u_microwave_time/clk_IBUF_BUFG
    SLICE_X56Y18         FDCE                                         r  u_microwave_time/cnt_1s_reg[23]/C
                         clock pessimism              0.273    15.057    
                         clock uncertainty           -0.035    15.022    
    SLICE_X56Y18         FDCE (Setup_fdce_C_D)        0.109    15.131    u_microwave_time/cnt_1s_reg[23]
  -------------------------------------------------------------------
                         required time                         15.131    
                         arrival time                         -10.654    
  -------------------------------------------------------------------
                         slack                                  4.477    

Slack (MET) :             4.553ns  (required time - arrival time)
  Source:                 u_microwave_time/cnt_1s_reg[12]/C
                            (rising edge-triggered cell FDCE clocked by sys_clk_pin  {rise@0.000ns fall@5.000ns period=10.000ns})
  Destination:            u_microwave_time/cnt_1s_reg[22]/D
                            (rising edge-triggered cell FDCE clocked by sys_clk_pin  {rise@0.000ns fall@5.000ns period=10.000ns})
  Path Group:             sys_clk_pin
  Path Type:              Setup (Max at Slow Process Corner)
  Requirement:            10.000ns  (sys_clk_pin rise@10.000ns - sys_clk_pin rise@0.000ns)
  Data Path Delay:        5.494ns  (logic 2.234ns (40.665%)  route 3.260ns (59.335%))
  Logic Levels:           10  (CARRY4=6 LUT2=1 LUT6=3)
  Clock Path Skew:        -0.027ns (DCD - SCD + CPR)
    Destination Clock Delay (DCD):    4.784ns = ( 14.784 - 10.000 ) 
    Source Clock Delay      (SCD):    5.084ns
    Clock Pessimism Removal (CPR):    0.273ns
  Clock Uncertainty:      0.035ns  ((TSJ^2 + TIJ^2)^1/2 + DJ) / 2 + PE
    Total System Jitter     (TSJ):    0.071ns
    Total Input Jitter      (TIJ):    0.000ns
    Discrete Jitter          (DJ):    0.000ns
    Phase Error              (PE):    0.000ns

    Location             Delay type                Incr(ns)  Path(ns)    Netlist Resource(s)
  -------------------------------------------------------------------    -------------------
                         (clock sys_clk_pin rise edge)
                                                      0.000     0.000 r  
    W5                                                0.000     0.000 r  clk (IN)
                         net (fo=0)                   0.000     0.000    clk
    W5                   IBUF (Prop_ibuf_I_O)         1.458     1.458 r  clk_IBUF_inst/O
                         net (fo=1, routed)           1.967     3.425    clk_IBUF
    BUFGCTRL_X0Y0        BUFG (Prop_bufg_I_O)         0.096     3.521 r  clk_IBUF_BUFG_inst/O
                         net (fo=215, routed)         1.563     5.084    u_microwave_time/clk_IBUF_BUFG
    SLICE_X56Y16         FDCE                                         r  u_microwave_time/cnt_1s_reg[12]/C
  -------------------------------------------------------------------    -------------------
    SLICE_X56Y16         FDCE (Prop_fdce_C_Q)         0.518     5.602 f  u_microwave_time/cnt_1s_reg[12]/Q
                         net (fo=2, routed)           0.809     6.412    u_microwave_time/cnt_1s_reg[12]
    SLICE_X57Y15         LUT6 (Prop_lut6_I1_O)        0.124     6.536 r  u_microwave_time/second[5]_i_17/O
                         net (fo=1, routed)           0.402     6.938    u_microwave_time/second[5]_i_17_n_0
    SLICE_X57Y16         LUT6 (Prop_lut6_I4_O)        0.124     7.062 f  u_microwave_time/second[5]_i_11/O
                         net (fo=1, routed)           0.640     7.701    u_microwave_time/second[5]_i_11_n_0
    SLICE_X57Y18         LUT6 (Prop_lut6_I3_O)        0.124     7.825 f  u_microwave_time/second[5]_i_5/O
                         net (fo=33, routed)          1.409     9.234    u_microwave_time/second[5]_i_5_n_0
    SLICE_X56Y13         LUT2 (Prop_lut2_I1_O)        0.124     9.358 r  u_microwave_time/cnt_1s[0]_i_6/O
                         net (fo=1, routed)           0.000     9.358    u_microwave_time/cnt_1s[0]_i_6_n_0
    SLICE_X56Y13         CARRY4 (Prop_carry4_S[0]_CO[3])
                                                      0.513     9.871 r  u_microwave_time/cnt_1s_reg[0]_i_1/CO[3]
                         net (fo=1, routed)           0.000     9.871    u_microwave_time/cnt_1s_reg[0]_i_1_n_0
    SLICE_X56Y14         CARRY4 (Prop_carry4_CI_CO[3])
                                                      0.117     9.988 r  u_microwave_time/cnt_1s_reg[4]_i_1/CO[3]
                         net (fo=1, routed)           0.000     9.988    u_microwave_time/cnt_1s_reg[4]_i_1_n_0
    SLICE_X56Y15         CARRY4 (Prop_carry4_CI_CO[3])
                                                      0.117    10.105 r  u_microwave_time/cnt_1s_reg[8]_i_1/CO[3]
                         net (fo=1, routed)           0.000    10.105    u_microwave_time/cnt_1s_reg[8]_i_1_n_0
    SLICE_X56Y16         CARRY4 (Prop_carry4_CI_CO[3])
                                                      0.117    10.222 r  u_microwave_time/cnt_1s_reg[12]_i_1/CO[3]
                         net (fo=1, routed)           0.000    10.222    u_microwave_time/cnt_1s_reg[12]_i_1_n_0
    SLICE_X56Y17         CARRY4 (Prop_carry4_CI_CO[3])
                                                      0.117    10.339 r  u_microwave_time/cnt_1s_reg[16]_i_1/CO[3]
                         net (fo=1, routed)           0.000    10.339    u_microwave_time/cnt_1s_reg[16]_i_1_n_0
    SLICE_X56Y18         CARRY4 (Prop_carry4_CI_O[2])
                                                      0.239    10.578 r  u_microwave_time/cnt_1s_reg[20]_i_1/O[2]
                         net (fo=1, routed)           0.000    10.578    u_microwave_time/cnt_1s_reg[20]_i_1_n_5
    SLICE_X56Y18         FDCE                                         r  u_microwave_time/cnt_1s_reg[22]/D
  -------------------------------------------------------------------    -------------------

                         (clock sys_clk_pin rise edge)
                                                     10.000    10.000 r  
    W5                                                0.000    10.000 r  clk (IN)
                         net (fo=0)                   0.000    10.000    clk
    W5                   IBUF (Prop_ibuf_I_O)         1.388    11.388 r  clk_IBUF_inst/O
                         net (fo=1, routed)           1.862    13.250    clk_IBUF
    BUFGCTRL_X0Y0        BUFG (Prop_bufg_I_O)         0.091    13.341 r  clk_IBUF_BUFG_inst/O
                         net (fo=215, routed)         1.443    14.784    u_microwave_time/clk_IBUF_BUFG
    SLICE_X56Y18         FDCE                                         r  u_microwave_time/cnt_1s_reg[22]/C
                         clock pessimism              0.273    15.057    
                         clock uncertainty           -0.035    15.022    
    SLICE_X56Y18         FDCE (Setup_fdce_C_D)        0.109    15.131    u_microwave_time/cnt_1s_reg[22]
  -------------------------------------------------------------------
                         required time                         15.131    
                         arrival time                         -10.578    
  -------------------------------------------------------------------
                         slack                                  4.553    

Slack (MET) :             4.566ns  (required time - arrival time)
  Source:                 u_microwave_time/second_reg[2]/C
                            (rising edge-triggered cell FDCE clocked by sys_clk_pin  {rise@0.000ns fall@5.000ns period=10.000ns})
  Destination:            u_microwave_time/minute_reg[3]/CE
                            (rising edge-triggered cell FDCE clocked by sys_clk_pin  {rise@0.000ns fall@5.000ns period=10.000ns})
  Path Group:             sys_clk_pin
  Path Type:              Setup (Max at Slow Process Corner)
  Requirement:            10.000ns  (sys_clk_pin rise@10.000ns - sys_clk_pin rise@0.000ns)
  Data Path Delay:        5.155ns  (logic 1.078ns (20.913%)  route 4.077ns (79.087%))
  Logic Levels:           3  (LUT3=1 LUT6=2)
  Clock Path Skew:        -0.039ns (DCD - SCD + CPR)
    Destination Clock Delay (DCD):    4.790ns = ( 14.790 - 10.000 ) 
    Source Clock Delay      (SCD):    5.089ns
    Clock Pessimism Removal (CPR):    0.260ns
  Clock Uncertainty:      0.035ns  ((TSJ^2 + TIJ^2)^1/2 + DJ) / 2 + PE
    Total System Jitter     (TSJ):    0.071ns
    Total Input Jitter      (TIJ):    0.000ns
    Discrete Jitter          (DJ):    0.000ns
    Phase Error              (PE):    0.000ns

    Location             Delay type                Incr(ns)  Path(ns)    Netlist Resource(s)
  -------------------------------------------------------------------    -------------------
                         (clock sys_clk_pin rise edge)
                                                      0.000     0.000 r  
    W5                                                0.000     0.000 r  clk (IN)
                         net (fo=0)                   0.000     0.000    clk
    W5                   IBUF (Prop_ibuf_I_O)         1.458     1.458 r  clk_IBUF_inst/O
                         net (fo=1, routed)           1.967     3.425    clk_IBUF
    BUFGCTRL_X0Y0        BUFG (Prop_bufg_I_O)         0.096     3.521 r  clk_IBUF_BUFG_inst/O
                         net (fo=215, routed)         1.568     5.089    u_microwave_time/clk_IBUF_BUFG
    SLICE_X57Y11         FDCE                                         r  u_microwave_time/second_reg[2]/C
  -------------------------------------------------------------------    -------------------
    SLICE_X57Y11         FDCE (Prop_fdce_C_Q)         0.456     5.545 f  u_microwave_time/second_reg[2]/Q
                         net (fo=18, routed)          1.635     7.180    u_microwave_time/second_reg_n_0_[2]
    SLICE_X60Y10         LUT3 (Prop_lut3_I1_O)        0.150     7.330 f  u_microwave_time/second[4]_i_2/O
                         net (fo=4, routed)           1.222     8.552    u_microwave_time/second[4]_i_2_n_0
    SLICE_X57Y12         LUT6 (Prop_lut6_I4_O)        0.348     8.900 f  u_microwave_time/second[5]_i_8/O
                         net (fo=12, routed)          0.639     9.539    u_microwave_time/second[5]_i_8_n_0
    SLICE_X55Y11         LUT6 (Prop_lut6_I4_O)        0.124     9.663 r  u_microwave_time/minute[5]_i_1/O
                         net (fo=6, routed)           0.581    10.244    u_microwave_time/minute[5]_i_1_n_0
    SLICE_X55Y11         FDCE                                         r  u_microwave_time/minute_reg[3]/CE
  -------------------------------------------------------------------    -------------------

                         (clock sys_clk_pin rise edge)
                                                     10.000    10.000 r  
    W5                                                0.000    10.000 r  clk (IN)
                         net (fo=0)                   0.000    10.000    clk
    W5                   IBUF (Prop_ibuf_I_O)         1.388    11.388 r  clk_IBUF_inst/O
                         net (fo=1, routed)           1.862    13.250    clk_IBUF
    BUFGCTRL_X0Y0        BUFG (Prop_bufg_I_O)         0.091    13.341 r  clk_IBUF_BUFG_inst/O
                         net (fo=215, routed)         1.449    14.790    u_microwave_time/clk_IBUF_BUFG
    SLICE_X55Y11         FDCE                                         r  u_microwave_time/minute_reg[3]/C
                         clock pessimism              0.260    15.050    
                         clock uncertainty           -0.035    15.015    
    SLICE_X55Y11         FDCE (Setup_fdce_C_CE)      -0.205    14.810    u_microwave_time/minute_reg[3]
  -------------------------------------------------------------------
                         required time                         14.810    
                         arrival time                         -10.244    
  -------------------------------------------------------------------
                         slack                                  4.566    

Slack (MET) :             4.566ns  (required time - arrival time)
  Source:                 u_microwave_time/second_reg[2]/C
                            (rising edge-triggered cell FDCE clocked by sys_clk_pin  {rise@0.000ns fall@5.000ns period=10.000ns})
  Destination:            u_microwave_time/minute_reg[5]/CE
                            (rising edge-triggered cell FDCE clocked by sys_clk_pin  {rise@0.000ns fall@5.000ns period=10.000ns})
  Path Group:             sys_clk_pin
  Path Type:              Setup (Max at Slow Process Corner)
  Requirement:            10.000ns  (sys_clk_pin rise@10.000ns - sys_clk_pin rise@0.000ns)
  Data Path Delay:        5.155ns  (logic 1.078ns (20.913%)  route 4.077ns (79.087%))
  Logic Levels:           3  (LUT3=1 LUT6=2)
  Clock Path Skew:        -0.039ns (DCD - SCD + CPR)
    Destination Clock Delay (DCD):    4.790ns = ( 14.790 - 10.000 ) 
    Source Clock Delay      (SCD):    5.089ns
    Clock Pessimism Removal (CPR):    0.260ns
  Clock Uncertainty:      0.035ns  ((TSJ^2 + TIJ^2)^1/2 + DJ) / 2 + PE
    Total System Jitter     (TSJ):    0.071ns
    Total Input Jitter      (TIJ):    0.000ns
    Discrete Jitter          (DJ):    0.000ns
    Phase Error              (PE):    0.000ns

    Location             Delay type                Incr(ns)  Path(ns)    Netlist Resource(s)
  -------------------------------------------------------------------    -------------------
                         (clock sys_clk_pin rise edge)
                                                      0.000     0.000 r  
    W5                                                0.000     0.000 r  clk (IN)
                         net (fo=0)                   0.000     0.000    clk
    W5                   IBUF (Prop_ibuf_I_O)         1.458     1.458 r  clk_IBUF_inst/O
                         net (fo=1, routed)           1.967     3.425    clk_IBUF
    BUFGCTRL_X0Y0        BUFG (Prop_bufg_I_O)         0.096     3.521 r  clk_IBUF_BUFG_inst/O
                         net (fo=215, routed)         1.568     5.089    u_microwave_time/clk_IBUF_BUFG
    SLICE_X57Y11         FDCE                                         r  u_microwave_time/second_reg[2]/C
  -------------------------------------------------------------------    -------------------
    SLICE_X57Y11         FDCE (Prop_fdce_C_Q)         0.456     5.545 f  u_microwave_time/second_reg[2]/Q
                         net (fo=18, routed)          1.635     7.180    u_microwave_time/second_reg_n_0_[2]
    SLICE_X60Y10         LUT3 (Prop_lut3_I1_O)        0.150     7.330 f  u_microwave_time/second[4]_i_2/O
                         net (fo=4, routed)           1.222     8.552    u_microwave_time/second[4]_i_2_n_0
    SLICE_X57Y12         LUT6 (Prop_lut6_I4_O)        0.348     8.900 f  u_microwave_time/second[5]_i_8/O
                         net (fo=12, routed)          0.639     9.539    u_microwave_time/second[5]_i_8_n_0
    SLICE_X55Y11         LUT6 (Prop_lut6_I4_O)        0.124     9.663 r  u_microwave_time/minute[5]_i_1/O
                         net (fo=6, routed)           0.581    10.244    u_microwave_time/minute[5]_i_1_n_0
    SLICE_X55Y11         FDCE                                         r  u_microwave_time/minute_reg[5]/CE
  -------------------------------------------------------------------    -------------------

                         (clock sys_clk_pin rise edge)
                                                     10.000    10.000 r  
    W5                                                0.000    10.000 r  clk (IN)
                         net (fo=0)                   0.000    10.000    clk
    W5                   IBUF (Prop_ibuf_I_O)         1.388    11.388 r  clk_IBUF_inst/O
                         net (fo=1, routed)           1.862    13.250    clk_IBUF
    BUFGCTRL_X0Y0        BUFG (Prop_bufg_I_O)         0.091    13.341 r  clk_IBUF_BUFG_inst/O
                         net (fo=215, routed)         1.449    14.790    u_microwave_time/clk_IBUF_BUFG
    SLICE_X55Y11         FDCE                                         r  u_microwave_time/minute_reg[5]/C
                         clock pessimism              0.260    15.050    
                         clock uncertainty           -0.035    15.015    
    SLICE_X55Y11         FDCE (Setup_fdce_C_CE)      -0.205    14.810    u_microwave_time/minute_reg[5]
  -------------------------------------------------------------------
                         required time                         14.810    
                         arrival time                         -10.244    
  -------------------------------------------------------------------
                         slack                                  4.566    

Slack (MET) :             4.573ns  (required time - arrival time)
  Source:                 u_microwave_time/cnt_1s_reg[12]/C
                            (rising edge-triggered cell FDCE clocked by sys_clk_pin  {rise@0.000ns fall@5.000ns period=10.000ns})
  Destination:            u_microwave_time/cnt_1s_reg[20]/D
                            (rising edge-triggered cell FDCE clocked by sys_clk_pin  {rise@0.000ns fall@5.000ns period=10.000ns})
  Path Group:             sys_clk_pin
  Path Type:              Setup (Max at Slow Process Corner)
  Requirement:            10.000ns  (sys_clk_pin rise@10.000ns - sys_clk_pin rise@0.000ns)
  Data Path Delay:        5.474ns  (logic 2.214ns (40.448%)  route 3.260ns (59.552%))
  Logic Levels:           10  (CARRY4=6 LUT2=1 LUT6=3)
  Clock Path Skew:        -0.027ns (DCD - SCD + CPR)
    Destination Clock Delay (DCD):    4.784ns = ( 14.784 - 10.000 ) 
    Source Clock Delay      (SCD):    5.084ns
    Clock Pessimism Removal (CPR):    0.273ns
  Clock Uncertainty:      0.035ns  ((TSJ^2 + TIJ^2)^1/2 + DJ) / 2 + PE
    Total System Jitter     (TSJ):    0.071ns
    Total Input Jitter      (TIJ):    0.000ns
    Discrete Jitter          (DJ):    0.000ns
    Phase Error              (PE):    0.000ns

    Location             Delay type                Incr(ns)  Path(ns)    Netlist Resource(s)
  -------------------------------------------------------------------    -------------------
                         (clock sys_clk_pin rise edge)
                                                      0.000     0.000 r  
    W5                                                0.000     0.000 r  clk (IN)
                         net (fo=0)                   0.000     0.000    clk
    W5                   IBUF (Prop_ibuf_I_O)         1.458     1.458 r  clk_IBUF_inst/O
                         net (fo=1, routed)           1.967     3.425    clk_IBUF
    BUFGCTRL_X0Y0        BUFG (Prop_bufg_I_O)         0.096     3.521 r  clk_IBUF_BUFG_inst/O
                         net (fo=215, routed)         1.563     5.084    u_microwave_time/clk_IBUF_BUFG
    SLICE_X56Y16         FDCE                                         r  u_microwave_time/cnt_1s_reg[12]/C
  -------------------------------------------------------------------    -------------------
    SLICE_X56Y16         FDCE (Prop_fdce_C_Q)         0.518     5.602 f  u_microwave_time/cnt_1s_reg[12]/Q
                         net (fo=2, routed)           0.809     6.412    u_microwave_time/cnt_1s_reg[12]
    SLICE_X57Y15         LUT6 (Prop_lut6_I1_O)        0.124     6.536 r  u_microwave_time/second[5]_i_17/O
                         net (fo=1, routed)           0.402     6.938    u_microwave_time/second[5]_i_17_n_0
    SLICE_X57Y16         LUT6 (Prop_lut6_I4_O)        0.124     7.062 f  u_microwave_time/second[5]_i_11/O
                         net (fo=1, routed)           0.640     7.701    u_microwave_time/second[5]_i_11_n_0
    SLICE_X57Y18         LUT6 (Prop_lut6_I3_O)        0.124     7.825 f  u_microwave_time/second[5]_i_5/O
                         net (fo=33, routed)          1.409     9.234    u_microwave_time/second[5]_i_5_n_0
    SLICE_X56Y13         LUT2 (Prop_lut2_I1_O)        0.124     9.358 r  u_microwave_time/cnt_1s[0]_i_6/O
                         net (fo=1, routed)           0.000     9.358    u_microwave_time/cnt_1s[0]_i_6_n_0
    SLICE_X56Y13         CARRY4 (Prop_carry4_S[0]_CO[3])
                                                      0.513     9.871 r  u_microwave_time/cnt_1s_reg[0]_i_1/CO[3]
                         net (fo=1, routed)           0.000     9.871    u_microwave_time/cnt_1s_reg[0]_i_1_n_0
    SLICE_X56Y14         CARRY4 (Prop_carry4_CI_CO[3])
                                                      0.117     9.988 r  u_microwave_time/cnt_1s_reg[4]_i_1/CO[3]
                         net (fo=1, routed)           0.000     9.988    u_microwave_time/cnt_1s_reg[4]_i_1_n_0
    SLICE_X56Y15         CARRY4 (Prop_carry4_CI_CO[3])
                                                      0.117    10.105 r  u_microwave_time/cnt_1s_reg[8]_i_1/CO[3]
                         net (fo=1, routed)           0.000    10.105    u_microwave_time/cnt_1s_reg[8]_i_1_n_0
    SLICE_X56Y16         CARRY4 (Prop_carry4_CI_CO[3])
                                                      0.117    10.222 r  u_microwave_time/cnt_1s_reg[12]_i_1/CO[3]
                         net (fo=1, routed)           0.000    10.222    u_microwave_time/cnt_1s_reg[12]_i_1_n_0
    SLICE_X56Y17         CARRY4 (Prop_carry4_CI_CO[3])
                                                      0.117    10.339 r  u_microwave_time/cnt_1s_reg[16]_i_1/CO[3]
                         net (fo=1, routed)           0.000    10.339    u_microwave_time/cnt_1s_reg[16]_i_1_n_0
    SLICE_X56Y18         CARRY4 (Prop_carry4_CI_O[0])
                                                      0.219    10.558 r  u_microwave_time/cnt_1s_reg[20]_i_1/O[0]
                         net (fo=1, routed)           0.000    10.558    u_microwave_time/cnt_1s_reg[20]_i_1_n_7
    SLICE_X56Y18         FDCE                                         r  u_microwave_time/cnt_1s_reg[20]/D
  -------------------------------------------------------------------    -------------------

                         (clock sys_clk_pin rise edge)
                                                     10.000    10.000 r  
    W5                                                0.000    10.000 r  clk (IN)
                         net (fo=0)                   0.000    10.000    clk
    W5                   IBUF (Prop_ibuf_I_O)         1.388    11.388 r  clk_IBUF_inst/O
                         net (fo=1, routed)           1.862    13.250    clk_IBUF
    BUFGCTRL_X0Y0        BUFG (Prop_bufg_I_O)         0.091    13.341 r  clk_IBUF_BUFG_inst/O
                         net (fo=215, routed)         1.443    14.784    u_microwave_time/clk_IBUF_BUFG
    SLICE_X56Y18         FDCE                                         r  u_microwave_time/cnt_1s_reg[20]/C
                         clock pessimism              0.273    15.057    
                         clock uncertainty           -0.035    15.022    
    SLICE_X56Y18         FDCE (Setup_fdce_C_D)        0.109    15.131    u_microwave_time/cnt_1s_reg[20]
  -------------------------------------------------------------------
                         required time                         15.131    
                         arrival time                         -10.558    
  -------------------------------------------------------------------
                         slack                                  4.573    





Min Delay Paths
--------------------------------------------------------------------------------------
Slack (MET) :             0.162ns  (arrival time - required time)
  Source:                 u_microwave_time/time_out_cnt_reg[0]/C
                            (rising edge-triggered cell FDPE clocked by sys_clk_pin  {rise@0.000ns fall@5.000ns period=10.000ns})
  Destination:            u_microwave_time/time_out_cnt_reg[2]/D
                            (rising edge-triggered cell FDPE clocked by sys_clk_pin  {rise@0.000ns fall@5.000ns period=10.000ns})
  Path Group:             sys_clk_pin
  Path Type:              Hold (Min at Fast Process Corner)
  Requirement:            0.000ns  (sys_clk_pin rise@0.000ns - sys_clk_pin rise@0.000ns)
  Data Path Delay:        0.295ns  (logic 0.186ns (62.984%)  route 0.109ns (37.016%))
  Logic Levels:           1  (LUT6=1)
  Clock Path Skew:        0.013ns (DCD - SCD - CPR)
    Destination Clock Delay (DCD):    1.960ns
    Source Clock Delay      (SCD):    1.446ns
    Clock Pessimism Removal (CPR):    0.501ns

    Location             Delay type                Incr(ns)  Path(ns)    Netlist Resource(s)
  -------------------------------------------------------------------    -------------------
                         (clock sys_clk_pin rise edge)
                                                      0.000     0.000 r  
    W5                                                0.000     0.000 r  clk (IN)
                         net (fo=0)                   0.000     0.000    clk
    W5                   IBUF (Prop_ibuf_I_O)         0.226     0.226 r  clk_IBUF_inst/O
                         net (fo=1, routed)           0.631     0.858    clk_IBUF
    BUFGCTRL_X0Y0        BUFG (Prop_bufg_I_O)         0.026     0.884 r  clk_IBUF_BUFG_inst/O
                         net (fo=215, routed)         0.563     1.446    u_microwave_time/clk_IBUF_BUFG
    SLICE_X55Y12         FDPE                                         r  u_microwave_time/time_out_cnt_reg[0]/C
  -------------------------------------------------------------------    -------------------
    SLICE_X55Y12         FDPE (Prop_fdpe_C_Q)         0.141     1.587 r  u_microwave_time/time_out_cnt_reg[0]/Q
                         net (fo=3, routed)           0.109     1.696    u_microwave_time/time_out_cnt_reg_n_0_[0]
    SLICE_X54Y12         LUT6 (Prop_lut6_I1_O)        0.045     1.741 r  u_microwave_time/time_out_cnt[2]_i_1/O
                         net (fo=1, routed)           0.000     1.741    u_microwave_time/time_out_cnt[2]_i_1_n_0
    SLICE_X54Y12         FDPE                                         r  u_microwave_time/time_out_cnt_reg[2]/D
  -------------------------------------------------------------------    -------------------

                         (clock sys_clk_pin rise edge)
                                                      0.000     0.000 r  
    W5                                                0.000     0.000 r  clk (IN)
                         net (fo=0)                   0.000     0.000    clk
    W5                   IBUF (Prop_ibuf_I_O)         0.414     0.414 r  clk_IBUF_inst/O
                         net (fo=1, routed)           0.685     1.099    clk_IBUF
    BUFGCTRL_X0Y0        BUFG (Prop_bufg_I_O)         0.029     1.128 r  clk_IBUF_BUFG_inst/O
                         net (fo=215, routed)         0.833     1.960    u_microwave_time/clk_IBUF_BUFG
    SLICE_X54Y12         FDPE                                         r  u_microwave_time/time_out_cnt_reg[2]/C
                         clock pessimism             -0.501     1.459    
    SLICE_X54Y12         FDPE (Hold_fdpe_C_D)         0.120     1.579    u_microwave_time/time_out_cnt_reg[2]
  -------------------------------------------------------------------
                         required time                         -1.579    
                         arrival time                           1.741    
  -------------------------------------------------------------------
                         slack                                  0.162    

Slack (MET) :             0.165ns  (arrival time - required time)
  Source:                 u_microwave_time/time_out_cnt_reg[0]/C
                            (rising edge-triggered cell FDPE clocked by sys_clk_pin  {rise@0.000ns fall@5.000ns period=10.000ns})
  Destination:            u_microwave_time/time_out_cnt_reg[1]/D
                            (rising edge-triggered cell FDPE clocked by sys_clk_pin  {rise@0.000ns fall@5.000ns period=10.000ns})
  Path Group:             sys_clk_pin
  Path Type:              Hold (Min at Fast Process Corner)
  Requirement:            0.000ns  (sys_clk_pin rise@0.000ns - sys_clk_pin rise@0.000ns)
  Data Path Delay:        0.299ns  (logic 0.186ns (62.143%)  route 0.113ns (37.857%))
  Logic Levels:           1  (LUT6=1)
  Clock Path Skew:        0.013ns (DCD - SCD - CPR)
    Destination Clock Delay (DCD):    1.960ns
    Source Clock Delay      (SCD):    1.446ns
    Clock Pessimism Removal (CPR):    0.501ns

    Location             Delay type                Incr(ns)  Path(ns)    Netlist Resource(s)
  -------------------------------------------------------------------    -------------------
                         (clock sys_clk_pin rise edge)
                                                      0.000     0.000 r  
    W5                                                0.000     0.000 r  clk (IN)
                         net (fo=0)                   0.000     0.000    clk
    W5                   IBUF (Prop_ibuf_I_O)         0.226     0.226 r  clk_IBUF_inst/O
                         net (fo=1, routed)           0.631     0.858    clk_IBUF
    BUFGCTRL_X0Y0        BUFG (Prop_bufg_I_O)         0.026     0.884 r  clk_IBUF_BUFG_inst/O
                         net (fo=215, routed)         0.563     1.446    u_microwave_time/clk_IBUF_BUFG
    SLICE_X55Y12         FDPE                                         r  u_microwave_time/time_out_cnt_reg[0]/C
  -------------------------------------------------------------------    -------------------
    SLICE_X55Y12         FDPE (Prop_fdpe_C_Q)         0.141     1.587 r  u_microwave_time/time_out_cnt_reg[0]/Q
                         net (fo=3, routed)           0.113     1.700    u_microwave_time/time_out_cnt_reg_n_0_[0]
    SLICE_X54Y12         LUT6 (Prop_lut6_I0_O)        0.045     1.745 r  u_microwave_time/time_out_cnt[1]_i_1/O
                         net (fo=1, routed)           0.000     1.745    u_microwave_time/time_out_cnt[1]_i_1_n_0
    SLICE_X54Y12         FDPE                                         r  u_microwave_time/time_out_cnt_reg[1]/D
  -------------------------------------------------------------------    -------------------

                         (clock sys_clk_pin rise edge)
                                                      0.000     0.000 r  
    W5                                                0.000     0.000 r  clk (IN)
                         net (fo=0)                   0.000     0.000    clk
    W5                   IBUF (Prop_ibuf_I_O)         0.414     0.414 r  clk_IBUF_inst/O
                         net (fo=1, routed)           0.685     1.099    clk_IBUF
    BUFGCTRL_X0Y0        BUFG (Prop_bufg_I_O)         0.029     1.128 r  clk_IBUF_BUFG_inst/O
                         net (fo=215, routed)         0.833     1.960    u_microwave_time/clk_IBUF_BUFG
    SLICE_X54Y12         FDPE                                         r  u_microwave_time/time_out_cnt_reg[1]/C
                         clock pessimism             -0.501     1.459    
    SLICE_X54Y12         FDPE (Hold_fdpe_C_D)         0.121     1.580    u_microwave_time/time_out_cnt_reg[1]
  -------------------------------------------------------------------
                         required time                         -1.580    
                         arrival time                           1.745    
  -------------------------------------------------------------------
                         slack                                  0.165    

Slack (MET) :             0.190ns  (arrival time - required time)
  Source:                 u_microwave_time/minute_reg[3]/C
                            (rising edge-triggered cell FDCE clocked by sys_clk_pin  {rise@0.000ns fall@5.000ns period=10.000ns})
  Destination:            u_microwave_time/minute_reg[4]/D
                            (rising edge-triggered cell FDCE clocked by sys_clk_pin  {rise@0.000ns fall@5.000ns period=10.000ns})
  Path Group:             sys_clk_pin
  Path Type:              Hold (Min at Fast Process Corner)
  Requirement:            0.000ns  (sys_clk_pin rise@0.000ns - sys_clk_pin rise@0.000ns)
  Data Path Delay:        0.324ns  (logic 0.186ns (57.470%)  route 0.138ns (42.530%))
  Logic Levels:           1  (LUT6=1)
  Clock Path Skew:        0.013ns (DCD - SCD - CPR)
    Destination Clock Delay (DCD):    1.962ns
    Source Clock Delay      (SCD):    1.447ns
    Clock Pessimism Removal (CPR):    0.502ns

    Location             Delay type                Incr(ns)  Path(ns)    Netlist Resource(s)
  -------------------------------------------------------------------    -------------------
                         (clock sys_clk_pin rise edge)
                                                      0.000     0.000 r  
    W5                                                0.000     0.000 r  clk (IN)
                         net (fo=0)                   0.000     0.000    clk
    W5                   IBUF (Prop_ibuf_I_O)         0.226     0.226 r  clk_IBUF_inst/O
                         net (fo=1, routed)           0.631     0.858    clk_IBUF
    BUFGCTRL_X0Y0        BUFG (Prop_bufg_I_O)         0.026     0.884 r  clk_IBUF_BUFG_inst/O
                         net (fo=215, routed)         0.564     1.447    u_microwave_time/clk_IBUF_BUFG
    SLICE_X55Y11         FDCE                                         r  u_microwave_time/minute_reg[3]/C
  -------------------------------------------------------------------    -------------------
    SLICE_X55Y11         FDCE (Prop_fdce_C_Q)         0.141     1.588 r  u_microwave_time/minute_reg[3]/Q
                         net (fo=15, routed)          0.138     1.726    u_microwave_time/minute[3]
    SLICE_X54Y11         LUT6 (Prop_lut6_I4_O)        0.045     1.771 r  u_microwave_time/minute[4]_i_1/O
                         net (fo=1, routed)           0.000     1.771    u_microwave_time/minute[4]_i_1_n_0
    SLICE_X54Y11         FDCE                                         r  u_microwave_time/minute_reg[4]/D
  -------------------------------------------------------------------    -------------------

                         (clock sys_clk_pin rise edge)
                                                      0.000     0.000 r  
    W5                                                0.000     0.000 r  clk (IN)
                         net (fo=0)                   0.000     0.000    clk
    W5                   IBUF (Prop_ibuf_I_O)         0.414     0.414 r  clk_IBUF_inst/O
                         net (fo=1, routed)           0.685     1.099    clk_IBUF
    BUFGCTRL_X0Y0        BUFG (Prop_bufg_I_O)         0.029     1.128 r  clk_IBUF_BUFG_inst/O
                         net (fo=215, routed)         0.835     1.962    u_microwave_time/clk_IBUF_BUFG
    SLICE_X54Y11         FDCE                                         r  u_microwave_time/minute_reg[4]/C
                         clock pessimism             -0.502     1.460    
    SLICE_X54Y11         FDCE (Hold_fdce_C_D)         0.121     1.581    u_microwave_time/minute_reg[4]
  -------------------------------------------------------------------
                         required time                         -1.581    
                         arrival time                           1.771    
  -------------------------------------------------------------------
                         slack                                  0.190    

Slack (MET) :             0.237ns  (arrival time - required time)
  Source:                 u_microwave_time/second_reg[5]/C
                            (rising edge-triggered cell FDCE clocked by sys_clk_pin  {rise@0.000ns fall@5.000ns period=10.000ns})
  Destination:            u_microwave_time/second_reg[5]/D
                            (rising edge-triggered cell FDCE clocked by sys_clk_pin  {rise@0.000ns fall@5.000ns period=10.000ns})
  Path Group:             sys_clk_pin
  Path Type:              Hold (Min at Fast Process Corner)
  Requirement:            0.000ns  (sys_clk_pin rise@0.000ns - sys_clk_pin rise@0.000ns)
  Data Path Delay:        0.358ns  (logic 0.209ns (58.341%)  route 0.149ns (41.659%))
  Logic Levels:           1  (LUT5=1)
  Clock Path Skew:        0.000ns (DCD - SCD - CPR)
    Destination Clock Delay (DCD):    1.989ns
    Source Clock Delay      (SCD):    1.475ns
    Clock Pessimism Removal (CPR):    0.514ns

    Location             Delay type                Incr(ns)  Path(ns)    Netlist Resource(s)
  -------------------------------------------------------------------    -------------------
                         (clock sys_clk_pin rise edge)
                                                      0.000     0.000 r  
    W5                                                0.000     0.000 r  clk (IN)
                         net (fo=0)                   0.000     0.000    clk
    W5                   IBUF (Prop_ibuf_I_O)         0.226     0.226 r  clk_IBUF_inst/O
                         net (fo=1, routed)           0.631     0.858    clk_IBUF
    BUFGCTRL_X0Y0        BUFG (Prop_bufg_I_O)         0.026     0.884 r  clk_IBUF_BUFG_inst/O
                         net (fo=215, routed)         0.592     1.475    u_microwave_time/clk_IBUF_BUFG
    SLICE_X60Y11         FDCE                                         r  u_microwave_time/second_reg[5]/C
  -------------------------------------------------------------------    -------------------
    SLICE_X60Y11         FDCE (Prop_fdce_C_Q)         0.164     1.639 r  u_microwave_time/second_reg[5]/Q
                         net (fo=15, routed)          0.149     1.788    u_microwave_time/second_reg_n_0_[5]
    SLICE_X60Y11         LUT5 (Prop_lut5_I2_O)        0.045     1.833 r  u_microwave_time/second[5]_i_2/O
                         net (fo=1, routed)           0.000     1.833    u_microwave_time/second[5]_i_2_n_0
    SLICE_X60Y11         FDCE                                         r  u_microwave_time/second_reg[5]/D
  -------------------------------------------------------------------    -------------------

                         (clock sys_clk_pin rise edge)
                                                      0.000     0.000 r  
    W5                                                0.000     0.000 r  clk (IN)
                         net (fo=0)                   0.000     0.000    clk
    W5                   IBUF (Prop_ibuf_I_O)         0.414     0.414 r  clk_IBUF_inst/O
                         net (fo=1, routed)           0.685     1.099    clk_IBUF
    BUFGCTRL_X0Y0        BUFG (Prop_bufg_I_O)         0.029     1.128 r  clk_IBUF_BUFG_inst/O
                         net (fo=215, routed)         0.862     1.989    u_microwave_time/clk_IBUF_BUFG
    SLICE_X60Y11         FDCE                                         r  u_microwave_time/second_reg[5]/C
                         clock pessimism             -0.514     1.475    
    SLICE_X60Y11         FDCE (Hold_fdce_C_D)         0.121     1.596    u_microwave_time/second_reg[5]
  -------------------------------------------------------------------
                         required time                         -1.596    
                         arrival time                           1.833    
  -------------------------------------------------------------------
                         slack                                  0.237    

Slack (MET) :             0.244ns  (arrival time - required time)
  Source:                 u_microwave_time/minute_reg[1]/C
                            (rising edge-triggered cell FDCE clocked by sys_clk_pin  {rise@0.000ns fall@5.000ns period=10.000ns})
  Destination:            u_microwave_time/minute_reg[3]/D
                            (rising edge-triggered cell FDCE clocked by sys_clk_pin  {rise@0.000ns fall@5.000ns period=10.000ns})
  Path Group:             sys_clk_pin
  Path Type:              Hold (Min at Fast Process Corner)
  Requirement:            0.000ns  (sys_clk_pin rise@0.000ns - sys_clk_pin rise@0.000ns)
  Data Path Delay:        0.348ns  (logic 0.209ns (59.975%)  route 0.139ns (40.025%))
  Logic Levels:           1  (LUT6=1)
  Clock Path Skew:        0.013ns (DCD - SCD - CPR)
    Destination Clock Delay (DCD):    1.962ns
    Source Clock Delay      (SCD):    1.447ns
    Clock Pessimism Removal (CPR):    0.502ns

    Location             Delay type                Incr(ns)  Path(ns)    Netlist Resource(s)
  -------------------------------------------------------------------    -------------------
                         (clock sys_clk_pin rise edge)
                                                      0.000     0.000 r  
    W5                                                0.000     0.000 r  clk (IN)
                         net (fo=0)                   0.000     0.000    clk
    W5                   IBUF (Prop_ibuf_I_O)         0.226     0.226 r  clk_IBUF_inst/O
                         net (fo=1, routed)           0.631     0.858    clk_IBUF
    BUFGCTRL_X0Y0        BUFG (Prop_bufg_I_O)         0.026     0.884 r  clk_IBUF_BUFG_inst/O
                         net (fo=215, routed)         0.564     1.447    u_microwave_time/clk_IBUF_BUFG
    SLICE_X54Y11         FDCE                                         r  u_microwave_time/minute_reg[1]/C
  -------------------------------------------------------------------    -------------------
    SLICE_X54Y11         FDCE (Prop_fdce_C_Q)         0.164     1.611 r  u_microwave_time/minute_reg[1]/Q
                         net (fo=15, routed)          0.139     1.751    u_microwave_time/minute[1]
    SLICE_X55Y11         LUT6 (Prop_lut6_I1_O)        0.045     1.796 r  u_microwave_time/minute[3]_i_1/O
                         net (fo=1, routed)           0.000     1.796    u_microwave_time/minute[3]_i_1_n_0
    SLICE_X55Y11         FDCE                                         r  u_microwave_time/minute_reg[3]/D
  -------------------------------------------------------------------    -------------------

                         (clock sys_clk_pin rise edge)
                                                      0.000     0.000 r  
    W5                                                0.000     0.000 r  clk (IN)
                         net (fo=0)                   0.000     0.000    clk
    W5                   IBUF (Prop_ibuf_I_O)         0.414     0.414 r  clk_IBUF_inst/O
                         net (fo=1, routed)           0.685     1.099    clk_IBUF
    BUFGCTRL_X0Y0        BUFG (Prop_bufg_I_O)         0.029     1.128 r  clk_IBUF_BUFG_inst/O
                         net (fo=215, routed)         0.835     1.962    u_microwave_time/clk_IBUF_BUFG
    SLICE_X55Y11         FDCE                                         r  u_microwave_time/minute_reg[3]/C
                         clock pessimism             -0.502     1.460    
    SLICE_X55Y11         FDCE (Hold_fdce_C_D)         0.091     1.551    u_microwave_time/minute_reg[3]
  -------------------------------------------------------------------
                         required time                         -1.551    
                         arrival time                           1.796    
  -------------------------------------------------------------------
                         slack                                  0.244    

Slack (MET) :             0.249ns  (arrival time - required time)
  Source:                 u_fnd_controller/u_bin2bdc4digit/circle_count_reg[0]/C
                            (rising edge-triggered cell FDRE clocked by sys_clk_pin  {rise@0.000ns fall@5.000ns period=10.000ns})
  Destination:            u_fnd_controller/u_bin2bdc4digit/circle_count_reg[3]/D
                            (rising edge-triggered cell FDRE clocked by sys_clk_pin  {rise@0.000ns fall@5.000ns period=10.000ns})
  Path Group:             sys_clk_pin
  Path Type:              Hold (Min at Fast Process Corner)
  Requirement:            0.000ns  (sys_clk_pin rise@0.000ns - sys_clk_pin rise@0.000ns)
  Data Path Delay:        0.370ns  (logic 0.189ns (51.139%)  route 0.181ns (48.861%))
  Logic Levels:           1  (LUT4=1)
  Clock Path Skew:        0.014ns (DCD - SCD - CPR)
    Destination Clock Delay (DCD):    1.985ns
    Source Clock Delay      (SCD):    1.473ns
    Clock Pessimism Removal (CPR):    0.498ns

    Location             Delay type                Incr(ns)  Path(ns)    Netlist Resource(s)
  -------------------------------------------------------------------    -------------------
                         (clock sys_clk_pin rise edge)
                                                      0.000     0.000 r  
    W5                                                0.000     0.000 r  clk (IN)
                         net (fo=0)                   0.000     0.000    clk
    W5                   IBUF (Prop_ibuf_I_O)         0.226     0.226 r  clk_IBUF_inst/O
                         net (fo=1, routed)           0.631     0.858    clk_IBUF
    BUFGCTRL_X0Y0        BUFG (Prop_bufg_I_O)         0.026     0.884 r  clk_IBUF_BUFG_inst/O
                         net (fo=215, routed)         0.590     1.473    u_fnd_controller/u_bin2bdc4digit/clk_IBUF_BUFG
    SLICE_X61Y14         FDRE                                         r  u_fnd_controller/u_bin2bdc4digit/circle_count_reg[0]/C
  -------------------------------------------------------------------    -------------------
    SLICE_X61Y14         FDRE (Prop_fdre_C_Q)         0.141     1.614 r  u_fnd_controller/u_bin2bdc4digit/circle_count_reg[0]/Q
                         net (fo=17, routed)          0.181     1.795    u_fnd_controller/u_bin2bdc4digit/circle_count[0]
    SLICE_X61Y15         LUT4 (Prop_lut4_I0_O)        0.048     1.843 r  u_fnd_controller/u_bin2bdc4digit/circle_count[3]_i_2/O
                         net (fo=1, routed)           0.000     1.843    u_fnd_controller/u_bin2bdc4digit/circle_count[3]_i_2_n_0
    SLICE_X61Y15         FDRE                                         r  u_fnd_controller/u_bin2bdc4digit/circle_count_reg[3]/D
  -------------------------------------------------------------------    -------------------

                         (clock sys_clk_pin rise edge)
                                                      0.000     0.000 r  
    W5                                                0.000     0.000 r  clk (IN)
                         net (fo=0)                   0.000     0.000    clk
    W5                   IBUF (Prop_ibuf_I_O)         0.414     0.414 r  clk_IBUF_inst/O
                         net (fo=1, routed)           0.685     1.099    clk_IBUF
    BUFGCTRL_X0Y0        BUFG (Prop_bufg_I_O)         0.029     1.128 r  clk_IBUF_BUFG_inst/O
                         net (fo=215, routed)         0.858     1.985    u_fnd_controller/u_bin2bdc4digit/clk_IBUF_BUFG
    SLICE_X61Y15         FDRE                                         r  u_fnd_controller/u_bin2bdc4digit/circle_count_reg[3]/C
                         clock pessimism             -0.498     1.487    
    SLICE_X61Y15         FDRE (Hold_fdre_C_D)         0.107     1.594    u_fnd_controller/u_bin2bdc4digit/circle_count_reg[3]
  -------------------------------------------------------------------
                         required time                         -1.594    
                         arrival time                           1.843    
  -------------------------------------------------------------------
                         slack                                  0.249    

Slack (MET) :             0.252ns  (arrival time - required time)
  Source:                 u_btn_debouncer/U_debouncer_btnR/count_reg[3]/C
                            (rising edge-triggered cell FDRE clocked by sys_clk_pin  {rise@0.000ns fall@5.000ns period=10.000ns})
  Destination:            u_btn_debouncer/U_debouncer_btnR/count_reg[3]/D
                            (rising edge-triggered cell FDRE clocked by sys_clk_pin  {rise@0.000ns fall@5.000ns period=10.000ns})
  Path Group:             sys_clk_pin
  Path Type:              Hold (Min at Fast Process Corner)
  Requirement:            0.000ns  (sys_clk_pin rise@0.000ns - sys_clk_pin rise@0.000ns)
  Data Path Delay:        0.357ns  (logic 0.249ns (69.714%)  route 0.108ns (30.286%))
  Logic Levels:           1  (CARRY4=1)
  Clock Path Skew:        0.000ns (DCD - SCD - CPR)
    Destination Clock Delay (DCD):    1.964ns
    Source Clock Delay      (SCD):    1.449ns
    Clock Pessimism Removal (CPR):    0.515ns

    Location             Delay type                Incr(ns)  Path(ns)    Netlist Resource(s)
  -------------------------------------------------------------------    -------------------
                         (clock sys_clk_pin rise edge)
                                                      0.000     0.000 r  
    W5                                                0.000     0.000 r  clk (IN)
                         net (fo=0)                   0.000     0.000    clk
    W5                   IBUF (Prop_ibuf_I_O)         0.226     0.226 r  clk_IBUF_inst/O
                         net (fo=1, routed)           0.631     0.858    clk_IBUF
    BUFGCTRL_X0Y0        BUFG (Prop_bufg_I_O)         0.026     0.884 r  clk_IBUF_BUFG_inst/O
                         net (fo=215, routed)         0.566     1.449    u_btn_debouncer/U_debouncer_btnR/clk_IBUF_BUFG
    SLICE_X55Y6          FDRE                                         r  u_btn_debouncer/U_debouncer_btnR/count_reg[3]/C
  -------------------------------------------------------------------    -------------------
    SLICE_X55Y6          FDRE (Prop_fdre_C_Q)         0.141     1.590 r  u_btn_debouncer/U_debouncer_btnR/count_reg[3]/Q
                         net (fo=1, routed)           0.108     1.698    u_btn_debouncer/U_debouncer_btnR/count_reg_n_0_[3]
    SLICE_X55Y6          CARRY4 (Prop_carry4_S[3]_O[3])
                                                      0.108     1.806 r  u_btn_debouncer/U_debouncer_btnR/count_reg[0]_i_2__1/O[3]
                         net (fo=1, routed)           0.000     1.806    u_btn_debouncer/U_debouncer_btnR/count_reg[0]_i_2__1_n_4
    SLICE_X55Y6          FDRE                                         r  u_btn_debouncer/U_debouncer_btnR/count_reg[3]/D
  -------------------------------------------------------------------    -------------------

                         (clock sys_clk_pin rise edge)
                                                      0.000     0.000 r  
    W5                                                0.000     0.000 r  clk (IN)
                         net (fo=0)                   0.000     0.000    clk
    W5                   IBUF (Prop_ibuf_I_O)         0.414     0.414 r  clk_IBUF_inst/O
                         net (fo=1, routed)           0.685     1.099    clk_IBUF
    BUFGCTRL_X0Y0        BUFG (Prop_bufg_I_O)         0.029     1.128 r  clk_IBUF_BUFG_inst/O
                         net (fo=215, routed)         0.837     1.964    u_btn_debouncer/U_debouncer_btnR/clk_IBUF_BUFG
    SLICE_X55Y6          FDRE                                         r  u_btn_debouncer/U_debouncer_btnR/count_reg[3]/C
                         clock pessimism             -0.515     1.449    
    SLICE_X55Y6          FDRE (Hold_fdre_C_D)         0.105     1.554    u_btn_debouncer/U_debouncer_btnR/count_reg[3]
  -------------------------------------------------------------------
                         required time                         -1.554    
                         arrival time                           1.806    
  -------------------------------------------------------------------
                         slack                                  0.252    

Slack (MET) :             0.252ns  (arrival time - required time)
  Source:                 u_btn_debouncer/U_debouncer_btnU/count_reg[3]/C
                            (rising edge-triggered cell FDRE clocked by sys_clk_pin  {rise@0.000ns fall@5.000ns period=10.000ns})
  Destination:            u_btn_debouncer/U_debouncer_btnU/count_reg[3]/D
                            (rising edge-triggered cell FDRE clocked by sys_clk_pin  {rise@0.000ns fall@5.000ns period=10.000ns})
  Path Group:             sys_clk_pin
  Path Type:              Hold (Min at Fast Process Corner)
  Requirement:            0.000ns  (sys_clk_pin rise@0.000ns - sys_clk_pin rise@0.000ns)
  Data Path Delay:        0.357ns  (logic 0.249ns (69.714%)  route 0.108ns (30.286%))
  Logic Levels:           1  (CARRY4=1)
  Clock Path Skew:        0.000ns (DCD - SCD - CPR)
    Destination Clock Delay (DCD):    1.963ns
    Source Clock Delay      (SCD):    1.448ns
    Clock Pessimism Removal (CPR):    0.515ns

    Location             Delay type                Incr(ns)  Path(ns)    Netlist Resource(s)
  -------------------------------------------------------------------    -------------------
                         (clock sys_clk_pin rise edge)
                                                      0.000     0.000 r  
    W5                                                0.000     0.000 r  clk (IN)
                         net (fo=0)                   0.000     0.000    clk
    W5                   IBUF (Prop_ibuf_I_O)         0.226     0.226 r  clk_IBUF_inst/O
                         net (fo=1, routed)           0.631     0.858    clk_IBUF
    BUFGCTRL_X0Y0        BUFG (Prop_bufg_I_O)         0.026     0.884 r  clk_IBUF_BUFG_inst/O
                         net (fo=215, routed)         0.565     1.448    u_btn_debouncer/U_debouncer_btnU/clk_IBUF_BUFG
    SLICE_X51Y9          FDRE                                         r  u_btn_debouncer/U_debouncer_btnU/count_reg[3]/C
  -------------------------------------------------------------------    -------------------
    SLICE_X51Y9          FDRE (Prop_fdre_C_Q)         0.141     1.589 r  u_btn_debouncer/U_debouncer_btnU/count_reg[3]/Q
                         net (fo=1, routed)           0.108     1.697    u_btn_debouncer/U_debouncer_btnU/count_reg_n_0_[3]
    SLICE_X51Y9          CARRY4 (Prop_carry4_S[3]_O[3])
                                                      0.108     1.805 r  u_btn_debouncer/U_debouncer_btnU/count_reg[0]_i_2/O[3]
                         net (fo=1, routed)           0.000     1.805    u_btn_debouncer/U_debouncer_btnU/count_reg[0]_i_2_n_4
    SLICE_X51Y9          FDRE                                         r  u_btn_debouncer/U_debouncer_btnU/count_reg[3]/D
  -------------------------------------------------------------------    -------------------

                         (clock sys_clk_pin rise edge)
                                                      0.000     0.000 r  
    W5                                                0.000     0.000 r  clk (IN)
                         net (fo=0)                   0.000     0.000    clk
    W5                   IBUF (Prop_ibuf_I_O)         0.414     0.414 r  clk_IBUF_inst/O
                         net (fo=1, routed)           0.685     1.099    clk_IBUF
    BUFGCTRL_X0Y0        BUFG (Prop_bufg_I_O)         0.029     1.128 r  clk_IBUF_BUFG_inst/O
                         net (fo=215, routed)         0.836     1.963    u_btn_debouncer/U_debouncer_btnU/clk_IBUF_BUFG
    SLICE_X51Y9          FDRE                                         r  u_btn_debouncer/U_debouncer_btnU/count_reg[3]/C
                         clock pessimism             -0.515     1.448    
    SLICE_X51Y9          FDRE (Hold_fdre_C_D)         0.105     1.553    u_btn_debouncer/U_debouncer_btnU/count_reg[3]
  -------------------------------------------------------------------
                         required time                         -1.553    
                         arrival time                           1.805    
  -------------------------------------------------------------------
                         slack                                  0.252    

Slack (MET) :             0.254ns  (arrival time - required time)
  Source:                 u_fnd_controller/u_bin2bdc4digit/clk_count_reg[2]/C
                            (rising edge-triggered cell FDRE clocked by sys_clk_pin  {rise@0.000ns fall@5.000ns period=10.000ns})
  Destination:            u_fnd_controller/u_bin2bdc4digit/clk_count_reg[2]/D
                            (rising edge-triggered cell FDRE clocked by sys_clk_pin  {rise@0.000ns fall@5.000ns period=10.000ns})
  Path Group:             sys_clk_pin
  Path Type:              Hold (Min at Fast Process Corner)
  Requirement:            0.000ns  (sys_clk_pin rise@0.000ns - sys_clk_pin rise@0.000ns)
  Data Path Delay:        0.388ns  (logic 0.274ns (70.550%)  route 0.114ns (29.450%))
  Logic Levels:           1  (CARRY4=1)
  Clock Path Skew:        0.000ns (DCD - SCD - CPR)
    Destination Clock Delay (DCD):    1.986ns
    Source Clock Delay      (SCD):    1.473ns
    Clock Pessimism Removal (CPR):    0.513ns

    Location             Delay type                Incr(ns)  Path(ns)    Netlist Resource(s)
  -------------------------------------------------------------------    -------------------
                         (clock sys_clk_pin rise edge)
                                                      0.000     0.000 r  
    W5                                                0.000     0.000 r  clk (IN)
                         net (fo=0)                   0.000     0.000    clk
    W5                   IBUF (Prop_ibuf_I_O)         0.226     0.226 r  clk_IBUF_inst/O
                         net (fo=1, routed)           0.631     0.858    clk_IBUF
    BUFGCTRL_X0Y0        BUFG (Prop_bufg_I_O)         0.026     0.884 r  clk_IBUF_BUFG_inst/O
                         net (fo=215, routed)         0.590     1.473    u_fnd_controller/u_bin2bdc4digit/clk_IBUF_BUFG
    SLICE_X60Y13         FDRE                                         r  u_fnd_controller/u_bin2bdc4digit/clk_count_reg[2]/C
  -------------------------------------------------------------------    -------------------
    SLICE_X60Y13         FDRE (Prop_fdre_C_Q)         0.164     1.637 r  u_fnd_controller/u_bin2bdc4digit/clk_count_reg[2]/Q
                         net (fo=1, routed)           0.114     1.752    u_fnd_controller/u_bin2bdc4digit/clk_count_reg_n_0_[2]
    SLICE_X60Y13         CARRY4 (Prop_carry4_S[2]_O[2])
                                                      0.110     1.862 r  u_fnd_controller/u_bin2bdc4digit/clk_count_reg[0]_i_1/O[2]
                         net (fo=1, routed)           0.000     1.862    u_fnd_controller/u_bin2bdc4digit/clk_count_reg[0]_i_1_n_5
    SLICE_X60Y13         FDRE                                         r  u_fnd_controller/u_bin2bdc4digit/clk_count_reg[2]/D
  -------------------------------------------------------------------    -------------------

                         (clock sys_clk_pin rise edge)
                                                      0.000     0.000 r  
    W5                                                0.000     0.000 r  clk (IN)
                         net (fo=0)                   0.000     0.000    clk
    W5                   IBUF (Prop_ibuf_I_O)         0.414     0.414 r  clk_IBUF_inst/O
                         net (fo=1, routed)           0.685     1.099    clk_IBUF
    BUFGCTRL_X0Y0        BUFG (Prop_bufg_I_O)         0.029     1.128 r  clk_IBUF_BUFG_inst/O
                         net (fo=215, routed)         0.859     1.986    u_fnd_controller/u_bin2bdc4digit/clk_IBUF_BUFG
    SLICE_X60Y13         FDRE                                         r  u_fnd_controller/u_bin2bdc4digit/clk_count_reg[2]/C
                         clock pessimism             -0.513     1.473    
    SLICE_X60Y13         FDRE (Hold_fdre_C_D)         0.134     1.607    u_fnd_controller/u_bin2bdc4digit/clk_count_reg[2]
  -------------------------------------------------------------------
                         required time                         -1.607    
                         arrival time                           1.862    
  -------------------------------------------------------------------
                         slack                                  0.254    

Slack (MET) :             0.254ns  (arrival time - required time)
  Source:                 u_fnd_controller/u_bin2bdc4digit/clk_count_reg[6]/C
                            (rising edge-triggered cell FDRE clocked by sys_clk_pin  {rise@0.000ns fall@5.000ns period=10.000ns})
  Destination:            u_fnd_controller/u_bin2bdc4digit/clk_count_reg[6]/D
                            (rising edge-triggered cell FDRE clocked by sys_clk_pin  {rise@0.000ns fall@5.000ns period=10.000ns})
  Path Group:             sys_clk_pin
  Path Type:              Hold (Min at Fast Process Corner)
  Requirement:            0.000ns  (sys_clk_pin rise@0.000ns - sys_clk_pin rise@0.000ns)
  Data Path Delay:        0.388ns  (logic 0.274ns (70.550%)  route 0.114ns (29.450%))
  Logic Levels:           1  (CARRY4=1)
  Clock Path Skew:        0.000ns (DCD - SCD - CPR)
    Destination Clock Delay (DCD):    1.986ns
    Source Clock Delay      (SCD):    1.473ns
    Clock Pessimism Removal (CPR):    0.513ns

    Location             Delay type                Incr(ns)  Path(ns)    Netlist Resource(s)
  -------------------------------------------------------------------    -------------------
                         (clock sys_clk_pin rise edge)
                                                      0.000     0.000 r  
    W5                                                0.000     0.000 r  clk (IN)
                         net (fo=0)                   0.000     0.000    clk
    W5                   IBUF (Prop_ibuf_I_O)         0.226     0.226 r  clk_IBUF_inst/O
                         net (fo=1, routed)           0.631     0.858    clk_IBUF
    BUFGCTRL_X0Y0        BUFG (Prop_bufg_I_O)         0.026     0.884 r  clk_IBUF_BUFG_inst/O
                         net (fo=215, routed)         0.590     1.473    u_fnd_controller/u_bin2bdc4digit/clk_IBUF_BUFG
    SLICE_X60Y14         FDRE                                         r  u_fnd_controller/u_bin2bdc4digit/clk_count_reg[6]/C
  -------------------------------------------------------------------    -------------------
    SLICE_X60Y14         FDRE (Prop_fdre_C_Q)         0.164     1.637 r  u_fnd_controller/u_bin2bdc4digit/clk_count_reg[6]/Q
                         net (fo=1, routed)           0.114     1.752    u_fnd_controller/u_bin2bdc4digit/clk_count_reg_n_0_[6]
    SLICE_X60Y14         CARRY4 (Prop_carry4_S[2]_O[2])
                                                      0.110     1.862 r  u_fnd_controller/u_bin2bdc4digit/clk_count_reg[4]_i_1/O[2]
                         net (fo=1, routed)           0.000     1.862    u_fnd_controller/u_bin2bdc4digit/clk_count_reg[4]_i_1_n_5
    SLICE_X60Y14         FDRE                                         r  u_fnd_controller/u_bin2bdc4digit/clk_count_reg[6]/D
  -------------------------------------------------------------------    -------------------

                         (clock sys_clk_pin rise edge)
                                                      0.000     0.000 r  
    W5                                                0.000     0.000 r  clk (IN)
                         net (fo=0)                   0.000     0.000    clk
    W5                   IBUF (Prop_ibuf_I_O)         0.414     0.414 r  clk_IBUF_inst/O
                         net (fo=1, routed)           0.685     1.099    clk_IBUF
    BUFGCTRL_X0Y0        BUFG (Prop_bufg_I_O)         0.029     1.128 r  clk_IBUF_BUFG_inst/O
                         net (fo=215, routed)         0.859     1.986    u_fnd_controller/u_bin2bdc4digit/clk_IBUF_BUFG
    SLICE_X60Y14         FDRE                                         r  u_fnd_controller/u_bin2bdc4digit/clk_count_reg[6]/C
                         clock pessimism             -0.513     1.473    
    SLICE_X60Y14         FDRE (Hold_fdre_C_D)         0.134     1.607    u_fnd_controller/u_bin2bdc4digit/clk_count_reg[6]
  -------------------------------------------------------------------
                         required time                         -1.607    
                         arrival time                           1.862    
  -------------------------------------------------------------------
                         slack                                  0.254    





Pulse Width Checks
--------------------------------------------------------------------------------------
Clock Name:         sys_clk_pin
Waveform(ns):       { 0.000 5.000 }
Period(ns):         10.000
Sources:            { clk }

Check Type        Corner  Lib Pin  Reference Pin  Required(ns)  Actual(ns)  Slack(ns)  Location       Pin
Min Period        n/a     BUFG/I   n/a            2.155         10.000      7.845      BUFGCTRL_X0Y0  clk_IBUF_BUFG_inst/I
Min Period        n/a     FDRE/C   n/a            1.000         10.000      9.000      SLICE_X61Y7    u_btn_debouncer/U_debouncer_btnL/btn_state_reg/C
Min Period        n/a     FDRE/C   n/a            1.000         10.000      9.000      SLICE_X58Y4    u_btn_debouncer/U_debouncer_btnL/count_reg[0]/C
Min Period        n/a     FDRE/C   n/a            1.000         10.000      9.000      SLICE_X58Y6    u_btn_debouncer/U_debouncer_btnL/count_reg[10]/C
Min Period        n/a     FDRE/C   n/a            1.000         10.000      9.000      SLICE_X58Y6    u_btn_debouncer/U_debouncer_btnL/count_reg[11]/C
Min Period        n/a     FDRE/C   n/a            1.000         10.000      9.000      SLICE_X58Y7    u_btn_debouncer/U_debouncer_btnL/count_reg[12]/C
Min Period        n/a     FDRE/C   n/a            1.000         10.000      9.000      SLICE_X58Y7    u_btn_debouncer/U_debouncer_btnL/count_reg[13]/C
Min Period        n/a     FDRE/C   n/a            1.000         10.000      9.000      SLICE_X58Y7    u_btn_debouncer/U_debouncer_btnL/count_reg[14]/C
Min Period        n/a     FDRE/C   n/a            1.000         10.000      9.000      SLICE_X58Y7    u_btn_debouncer/U_debouncer_btnL/count_reg[15]/C
Min Period        n/a     FDRE/C   n/a            1.000         10.000      9.000      SLICE_X58Y8    u_btn_debouncer/U_debouncer_btnL/count_reg[16]/C
Low Pulse Width   Slow    FDRE/C   n/a            0.500         5.000       4.500      SLICE_X61Y7    u_btn_debouncer/U_debouncer_btnL/btn_state_reg/C
Low Pulse Width   Fast    FDRE/C   n/a            0.500         5.000       4.500      SLICE_X61Y7    u_btn_debouncer/U_debouncer_btnL/btn_state_reg/C
Low Pulse Width   Slow    FDRE/C   n/a            0.500         5.000       4.500      SLICE_X58Y4    u_btn_debouncer/U_debouncer_btnL/count_reg[0]/C
Low Pulse Width   Fast    FDRE/C   n/a            0.500         5.000       4.500      SLICE_X58Y4    u_btn_debouncer/U_debouncer_btnL/count_reg[0]/C
Low Pulse Width   Slow    FDRE/C   n/a            0.500         5.000       4.500      SLICE_X58Y6    u_btn_debouncer/U_debouncer_btnL/count_reg[10]/C
Low Pulse Width   Fast    FDRE/C   n/a            0.500         5.000       4.500      SLICE_X58Y6    u_btn_debouncer/U_debouncer_btnL/count_reg[10]/C
Low Pulse Width   Slow    FDRE/C   n/a            0.500         5.000       4.500      SLICE_X58Y6    u_btn_debouncer/U_debouncer_btnL/count_reg[11]/C
Low Pulse Width   Fast    FDRE/C   n/a            0.500         5.000       4.500      SLICE_X58Y6    u_btn_debouncer/U_debouncer_btnL/count_reg[11]/C
Low Pulse Width   Slow    FDRE/C   n/a            0.500         5.000       4.500      SLICE_X58Y7    u_btn_debouncer/U_debouncer_btnL/count_reg[12]/C
Low Pulse Width   Fast    FDRE/C   n/a            0.500         5.000       4.500      SLICE_X58Y7    u_btn_debouncer/U_debouncer_btnL/count_reg[12]/C
High Pulse Width  Slow    FDRE/C   n/a            0.500         5.000       4.500      SLICE_X61Y7    u_btn_debouncer/U_debouncer_btnL/btn_state_reg/C
High Pulse Width  Fast    FDRE/C   n/a            0.500         5.000       4.500      SLICE_X61Y7    u_btn_debouncer/U_debouncer_btnL/btn_state_reg/C
High Pulse Width  Slow    FDRE/C   n/a            0.500         5.000       4.500      SLICE_X58Y4    u_btn_debouncer/U_debouncer_btnL/count_reg[0]/C
High Pulse Width  Fast    FDRE/C   n/a            0.500         5.000       4.500      SLICE_X58Y4    u_btn_debouncer/U_debouncer_btnL/count_reg[0]/C
High Pulse Width  Slow    FDRE/C   n/a            0.500         5.000       4.500      SLICE_X58Y6    u_btn_debouncer/U_debouncer_btnL/count_reg[10]/C
High Pulse Width  Fast    FDRE/C   n/a            0.500         5.000       4.500      SLICE_X58Y6    u_btn_debouncer/U_debouncer_btnL/count_reg[10]/C
High Pulse Width  Slow    FDRE/C   n/a            0.500         5.000       4.500      SLICE_X58Y6    u_btn_debouncer/U_debouncer_btnL/count_reg[11]/C
High Pulse Width  Fast    FDRE/C   n/a            0.500         5.000       4.500      SLICE_X58Y6    u_btn_debouncer/U_debouncer_btnL/count_reg[11]/C
High Pulse Width  Slow    FDRE/C   n/a            0.500         5.000       4.500      SLICE_X58Y7    u_btn_debouncer/U_debouncer_btnL/count_reg[12]/C
High Pulse Width  Fast    FDRE/C   n/a            0.500         5.000       4.500      SLICE_X58Y7    u_btn_debouncer/U_debouncer_btnL/count_reg[12]/C



