Copyright 1986-2021 Xilinx, Inc. All Rights Reserved.
--------------------------------------------------------------------------------------------------------------------------------------------------------------------------------------------
| Tool Version : Vivado v.2021.1 (win64) Build 3247384 Thu Jun 10 19:36:33 MDT 2021
| Date         : Thu Feb 12 17:16:37 2026
| Host         : DESKTOP-0G8LKRK running 64-bit major release  (build 9200)
| Command      : report_timing_summary -max_paths 10 -file top_btn_timing_summary_routed.rpt -pb top_btn_timing_summary_routed.pb -rpx top_btn_timing_summary_routed.rpx -warn_on_violation
| Design       : top_btn
| Device       : 7a35t-cpg236
| Speed File   : -1  PRODUCTION 1.23 2018-06-13
--------------------------------------------------------------------------------------------------------------------------------------------------------------------------------------------

Timing Summary Report

------------------------------------------------------------------------------------------------
| Timer Settings
| --------------
------------------------------------------------------------------------------------------------

  Enable Multi Corner Analysis               :  Yes
  Enable Pessimism Removal                   :  Yes
  Pessimism Removal Resolution               :  Nearest Common Node
  Enable Input Delay Default Clock           :  No
  Enable Preset / Clear Arcs                 :  No
  Disable Flight Delays                      :  No
  Ignore I/O Paths                           :  No
  Timing Early Launch at Borrowing Latches   :  No
  Borrow Time for Max Delay Exceptions       :  Yes
  Merge Timing Exceptions                    :  Yes

  Corner  Analyze    Analyze    
  Name    Max Paths  Min Paths  
  ------  ---------  ---------  
  Slow    Yes        Yes        
  Fast    Yes        Yes        


------------------------------------------------------------------------------------------------
| Report Methodology
| ------------------
------------------------------------------------------------------------------------------------

Rule       Severity          Description                    Violations  
---------  ----------------  -----------------------------  ----------  
TIMING-17  Critical Warning  Non-clocked sequential cell    1           
TIMING-18  Warning           Missing input or output delay  2           

Note: This report is based on the most recent report_methodology run and may not be up-to-date. Run report_methodology on the current design for the latest report.



check_timing report

Table of Contents
-----------------
1. checking no_clock (1)
2. checking constant_clock (0)
3. checking pulse_width_clock (0)
4. checking unconstrained_internal_endpoints (1)
5. checking no_input_delay (2)
6. checking no_output_delay (1)
7. checking multiple_clock (0)
8. checking generated_clocks (0)
9. checking loops (0)
10. checking partial_input_delay (0)
11. checking partial_output_delay (0)
12. checking latch_loops (0)

1. checking no_clock (1)
------------------------
 There is 1 register/latch pin with no clock driven by root clock pin: u_button_debounce/o_clean_btn_reg/Q (HIGH)


2. checking constant_clock (0)
------------------------------
 There are 0 register/latch pins with constant_clock.


3. checking pulse_width_clock (0)
---------------------------------
 There are 0 register/latch pins which need pulse_width check


4. checking unconstrained_internal_endpoints (1)
------------------------------------------------
 There is 1 pin that is not constrained for maximum delay. (HIGH)

 There are 0 pins that are not constrained for maximum delay due to constant clock.


5. checking no_input_delay (2)
------------------------------
 There are 2 input ports with no input delay specified. (HIGH)

 There are 0 input ports with no input delay but user has a false path constraint.


6. checking no_output_delay (1)
-------------------------------
 There is 1 port with no output delay specified. (HIGH)

 There are 0 ports with no output delay but user has a false path constraint

 There are 0 ports with no output delay but with a timing clock defined on it or propagating through it


7. checking multiple_clock (0)
------------------------------
 There are 0 register/latch pins with multiple clocks.


8. checking generated_clocks (0)
--------------------------------
 There are 0 generated clocks that are not connected to a clock source.


9. checking loops (0)
---------------------
 There are 0 combinational loops in the design.


10. checking partial_input_delay (0)
------------------------------------
 There are 0 input ports with partial input delay specified.


11. checking partial_output_delay (0)
-------------------------------------
 There are 0 ports with partial output delay specified.


12. checking latch_loops (0)
----------------------------
 There are 0 combinational latch loops in the design through latch input



------------------------------------------------------------------------------------------------
| Design Timing Summary
| ---------------------
------------------------------------------------------------------------------------------------

    WNS(ns)      TNS(ns)  TNS Failing Endpoints  TNS Total Endpoints      WHS(ns)      THS(ns)  THS Failing Endpoints  THS Total Endpoints     WPWS(ns)     TPWS(ns)  TPWS Failing Endpoints  TPWS Total Endpoints  
    -------      -------  ---------------------  -------------------      -------      -------  ---------------------  -------------------     --------     --------  ----------------------  --------------------  
      5.684        0.000                      0                   34        0.118        0.000                      0                   34        4.500        0.000                       0                    35  


All user specified timing constraints are met.


------------------------------------------------------------------------------------------------
| Clock Summary
| -------------
------------------------------------------------------------------------------------------------

Clock        Waveform(ns)       Period(ns)      Frequency(MHz)
-----        ------------       ----------      --------------
sys_clk_pin  {0.000 5.000}      10.000          100.000         


------------------------------------------------------------------------------------------------
| Intra Clock Table
| -----------------
------------------------------------------------------------------------------------------------

Clock             WNS(ns)      TNS(ns)  TNS Failing Endpoints  TNS Total Endpoints      WHS(ns)      THS(ns)  THS Failing Endpoints  THS Total Endpoints     WPWS(ns)     TPWS(ns)  TPWS Failing Endpoints  TPWS Total Endpoints  
-----             -------      -------  ---------------------  -------------------      -------      -------  ---------------------  -------------------     --------     --------  ----------------------  --------------------  
sys_clk_pin         5.684        0.000                      0                   34        0.118        0.000                      0                   34        4.500        0.000                       0                    35  


------------------------------------------------------------------------------------------------
| Inter Clock Table
| -----------------
------------------------------------------------------------------------------------------------

From Clock    To Clock          WNS(ns)      TNS(ns)  TNS Failing Endpoints  TNS Total Endpoints      WHS(ns)      THS(ns)  THS Failing Endpoints  THS Total Endpoints  
----------    --------          -------      -------  ---------------------  -------------------      -------      -------  ---------------------  -------------------  


------------------------------------------------------------------------------------------------
| Other Path Groups Table
| -----------------------
------------------------------------------------------------------------------------------------

Path Group    From Clock    To Clock          WNS(ns)      TNS(ns)  TNS Failing Endpoints  TNS Total Endpoints      WHS(ns)      THS(ns)  THS Failing Endpoints  THS Total Endpoints  
----------    ----------    --------          -------      -------  ---------------------  -------------------      -------      -------  ---------------------  -------------------  


------------------------------------------------------------------------------------------------
| Timing Details
| --------------
------------------------------------------------------------------------------------------------


---------------------------------------------------------------------------------------------------
From Clock:  sys_clk_pin
  To Clock:  sys_clk_pin

Setup :            0  Failing Endpoints,  Worst Slack        5.684ns,  Total Violation        0.000ns
Hold  :            0  Failing Endpoints,  Worst Slack        0.118ns,  Total Violation        0.000ns
PW    :            0  Failing Endpoints,  Worst Slack        4.500ns,  Total Violation        0.000ns
---------------------------------------------------------------------------------------------------


Max Delay Paths
--------------------------------------------------------------------------------------
Slack (MET) :             5.684ns  (required time - arrival time)
  Source:                 u_button_debounce/u_delay_time/cnt_reg[0]/C
                            (rising edge-triggered cell FDCE clocked by sys_clk_pin  {rise@0.000ns fall@5.000ns period=10.000ns})
  Destination:            u_button_debounce/u_delay_time/cnt_reg[26]/D
                            (rising edge-triggered cell FDCE clocked by sys_clk_pin  {rise@0.000ns fall@5.000ns period=10.000ns})
  Path Group:             sys_clk_pin
  Path Type:              Setup (Max at Slow Process Corner)
  Requirement:            10.000ns  (sys_clk_pin rise@10.000ns - sys_clk_pin rise@0.000ns)
  Data Path Delay:        4.255ns  (logic 2.243ns (52.716%)  route 2.012ns (47.284%))
  Logic Levels:           8  (CARRY4=7 LUT5=1)
  Clock Path Skew:        -0.107ns (DCD - SCD + CPR)
    Destination Clock Delay (DCD):    4.861ns = ( 14.861 - 10.000 ) 
    Source Clock Delay      (SCD):    5.148ns
    Clock Pessimism Removal (CPR):    0.180ns
  Clock Uncertainty:      0.035ns  ((TSJ^2 + TIJ^2)^1/2 + DJ) / 2 + PE
    Total System Jitter     (TSJ):    0.071ns
    Total Input Jitter      (TIJ):    0.000ns
    Discrete Jitter          (DJ):    0.000ns
    Phase Error              (PE):    0.000ns

    Location             Delay type                Incr(ns)  Path(ns)    Netlist Resource(s)
  -------------------------------------------------------------------    -------------------
                         (clock sys_clk_pin rise edge)
                                                      0.000     0.000 r  
    W5                                                0.000     0.000 r  clk (IN)
                         net (fo=0)                   0.000     0.000    clk
    W5                   IBUF (Prop_ibuf_I_O)         1.458     1.458 r  clk_IBUF_inst/O
                         net (fo=1, routed)           1.967     3.425    clk_IBUF
    BUFGCTRL_X0Y0        BUFG (Prop_bufg_I_O)         0.096     3.521 r  clk_IBUF_BUFG_inst/O
                         net (fo=34, routed)          1.627     5.148    u_button_debounce/u_delay_time/clk_IBUF_BUFG
    SLICE_X1Y50          FDCE                                         r  u_button_debounce/u_delay_time/cnt_reg[0]/C
  -------------------------------------------------------------------    -------------------
    SLICE_X1Y50          FDCE (Prop_fdce_C_Q)         0.456     5.604 r  u_button_debounce/u_delay_time/cnt_reg[0]/Q
                         net (fo=34, routed)          1.076     6.679    u_button_debounce/u_delay_time/cnt[0]
    SLICE_X0Y43          CARRY4 (Prop_carry4_CYINIT_CO[3])
                                                      0.580     7.259 r  u_button_debounce/u_delay_time/cnt0_carry/CO[3]
                         net (fo=1, routed)           0.000     7.259    u_button_debounce/u_delay_time/cnt0_carry_n_0
    SLICE_X0Y44          CARRY4 (Prop_carry4_CI_CO[3])
                                                      0.114     7.373 r  u_button_debounce/u_delay_time/cnt0_carry__0/CO[3]
                         net (fo=1, routed)           0.000     7.373    u_button_debounce/u_delay_time/cnt0_carry__0_n_0
    SLICE_X0Y45          CARRY4 (Prop_carry4_CI_CO[3])
                                                      0.114     7.487 r  u_button_debounce/u_delay_time/cnt0_carry__1/CO[3]
                         net (fo=1, routed)           0.000     7.487    u_button_debounce/u_delay_time/cnt0_carry__1_n_0
    SLICE_X0Y46          CARRY4 (Prop_carry4_CI_CO[3])
                                                      0.114     7.601 r  u_button_debounce/u_delay_time/cnt0_carry__2/CO[3]
                         net (fo=1, routed)           0.000     7.601    u_button_debounce/u_delay_time/cnt0_carry__2_n_0
    SLICE_X0Y47          CARRY4 (Prop_carry4_CI_CO[3])
                                                      0.114     7.715 r  u_button_debounce/u_delay_time/cnt0_carry__3/CO[3]
                         net (fo=1, routed)           0.000     7.715    u_button_debounce/u_delay_time/cnt0_carry__3_n_0
    SLICE_X0Y48          CARRY4 (Prop_carry4_CI_CO[3])
                                                      0.114     7.829 r  u_button_debounce/u_delay_time/cnt0_carry__4/CO[3]
                         net (fo=1, routed)           0.000     7.829    u_button_debounce/u_delay_time/cnt0_carry__4_n_0
    SLICE_X0Y49          CARRY4 (Prop_carry4_CI_O[1])
                                                      0.334     8.163 r  u_button_debounce/u_delay_time/cnt0_carry__5/O[1]
                         net (fo=1, routed)           0.936     9.100    u_button_debounce/u_delay_time/data0[26]
    SLICE_X2Y49          LUT5 (Prop_lut5_I4_O)        0.303     9.403 r  u_button_debounce/u_delay_time/cnt[26]_i_1/O
                         net (fo=1, routed)           0.000     9.403    u_button_debounce/u_delay_time/cnt_0[26]
    SLICE_X2Y49          FDCE                                         r  u_button_debounce/u_delay_time/cnt_reg[26]/D
  -------------------------------------------------------------------    -------------------

                         (clock sys_clk_pin rise edge)
                                                     10.000    10.000 r  
    W5                                                0.000    10.000 r  clk (IN)
                         net (fo=0)                   0.000    10.000    clk
    W5                   IBUF (Prop_ibuf_I_O)         1.388    11.388 r  clk_IBUF_inst/O
                         net (fo=1, routed)           1.862    13.250    clk_IBUF
    BUFGCTRL_X0Y0        BUFG (Prop_bufg_I_O)         0.091    13.341 r  clk_IBUF_BUFG_inst/O
                         net (fo=34, routed)          1.520    14.861    u_button_debounce/u_delay_time/clk_IBUF_BUFG
    SLICE_X2Y49          FDCE                                         r  u_button_debounce/u_delay_time/cnt_reg[26]/C
                         clock pessimism              0.180    15.041    
                         clock uncertainty           -0.035    15.006    
    SLICE_X2Y49          FDCE (Setup_fdce_C_D)        0.081    15.087    u_button_debounce/u_delay_time/cnt_reg[26]
  -------------------------------------------------------------------
                         required time                         15.087    
                         arrival time                          -9.403    
  -------------------------------------------------------------------
                         slack                                  5.684    

Slack (MET) :             5.834ns  (required time - arrival time)
  Source:                 u_button_debounce/u_delay_time/cnt_reg[0]/C
                            (rising edge-triggered cell FDCE clocked by sys_clk_pin  {rise@0.000ns fall@5.000ns period=10.000ns})
  Destination:            u_button_debounce/u_delay_time/cnt_reg[27]/D
                            (rising edge-triggered cell FDCE clocked by sys_clk_pin  {rise@0.000ns fall@5.000ns period=10.000ns})
  Path Group:             sys_clk_pin
  Path Type:              Setup (Max at Slow Process Corner)
  Requirement:            10.000ns  (sys_clk_pin rise@10.000ns - sys_clk_pin rise@0.000ns)
  Data Path Delay:        4.162ns  (logic 2.147ns (51.590%)  route 2.015ns (48.410%))
  Logic Levels:           8  (CARRY4=7 LUT5=1)
  Clock Path Skew:        0.000ns (DCD - SCD + CPR)
    Destination Clock Delay (DCD):    4.851ns = ( 14.851 - 10.000 ) 
    Source Clock Delay      (SCD):    5.148ns
    Clock Pessimism Removal (CPR):    0.297ns
  Clock Uncertainty:      0.035ns  ((TSJ^2 + TIJ^2)^1/2 + DJ) / 2 + PE
    Total System Jitter     (TSJ):    0.071ns
    Total Input Jitter      (TIJ):    0.000ns
    Discrete Jitter          (DJ):    0.000ns
    Phase Error              (PE):    0.000ns

    Location             Delay type                Incr(ns)  Path(ns)    Netlist Resource(s)
  -------------------------------------------------------------------    -------------------
                         (clock sys_clk_pin rise edge)
                                                      0.000     0.000 r  
    W5                                                0.000     0.000 r  clk (IN)
                         net (fo=0)                   0.000     0.000    clk
    W5                   IBUF (Prop_ibuf_I_O)         1.458     1.458 r  clk_IBUF_inst/O
                         net (fo=1, routed)           1.967     3.425    clk_IBUF
    BUFGCTRL_X0Y0        BUFG (Prop_bufg_I_O)         0.096     3.521 r  clk_IBUF_BUFG_inst/O
                         net (fo=34, routed)          1.627     5.148    u_button_debounce/u_delay_time/clk_IBUF_BUFG
    SLICE_X1Y50          FDCE                                         r  u_button_debounce/u_delay_time/cnt_reg[0]/C
  -------------------------------------------------------------------    -------------------
    SLICE_X1Y50          FDCE (Prop_fdce_C_Q)         0.456     5.604 r  u_button_debounce/u_delay_time/cnt_reg[0]/Q
                         net (fo=34, routed)          1.076     6.679    u_button_debounce/u_delay_time/cnt[0]
    SLICE_X0Y43          CARRY4 (Prop_carry4_CYINIT_CO[3])
                                                      0.580     7.259 r  u_button_debounce/u_delay_time/cnt0_carry/CO[3]
                         net (fo=1, routed)           0.000     7.259    u_button_debounce/u_delay_time/cnt0_carry_n_0
    SLICE_X0Y44          CARRY4 (Prop_carry4_CI_CO[3])
                                                      0.114     7.373 r  u_button_debounce/u_delay_time/cnt0_carry__0/CO[3]
                         net (fo=1, routed)           0.000     7.373    u_button_debounce/u_delay_time/cnt0_carry__0_n_0
    SLICE_X0Y45          CARRY4 (Prop_carry4_CI_CO[3])
                                                      0.114     7.487 r  u_button_debounce/u_delay_time/cnt0_carry__1/CO[3]
                         net (fo=1, routed)           0.000     7.487    u_button_debounce/u_delay_time/cnt0_carry__1_n_0
    SLICE_X0Y46          CARRY4 (Prop_carry4_CI_CO[3])
                                                      0.114     7.601 r  u_button_debounce/u_delay_time/cnt0_carry__2/CO[3]
                         net (fo=1, routed)           0.000     7.601    u_button_debounce/u_delay_time/cnt0_carry__2_n_0
    SLICE_X0Y47          CARRY4 (Prop_carry4_CI_CO[3])
                                                      0.114     7.715 r  u_button_debounce/u_delay_time/cnt0_carry__3/CO[3]
                         net (fo=1, routed)           0.000     7.715    u_button_debounce/u_delay_time/cnt0_carry__3_n_0
    SLICE_X0Y48          CARRY4 (Prop_carry4_CI_CO[3])
                                                      0.114     7.829 r  u_button_debounce/u_delay_time/cnt0_carry__4/CO[3]
                         net (fo=1, routed)           0.000     7.829    u_button_debounce/u_delay_time/cnt0_carry__4_n_0
    SLICE_X0Y49          CARRY4 (Prop_carry4_CI_O[2])
                                                      0.239     8.068 r  u_button_debounce/u_delay_time/cnt0_carry__5/O[2]
                         net (fo=1, routed)           0.939     9.008    u_button_debounce/u_delay_time/data0[27]
    SLICE_X1Y50          LUT5 (Prop_lut5_I4_O)        0.302     9.310 r  u_button_debounce/u_delay_time/cnt[27]_i_1/O
                         net (fo=1, routed)           0.000     9.310    u_button_debounce/u_delay_time/cnt_0[27]
    SLICE_X1Y50          FDCE                                         r  u_button_debounce/u_delay_time/cnt_reg[27]/D
  -------------------------------------------------------------------    -------------------

                         (clock sys_clk_pin rise edge)
                                                     10.000    10.000 r  
    W5                                                0.000    10.000 r  clk (IN)
                         net (fo=0)                   0.000    10.000    clk
    W5                   IBUF (Prop_ibuf_I_O)         1.388    11.388 r  clk_IBUF_inst/O
                         net (fo=1, routed)           1.862    13.250    clk_IBUF
    BUFGCTRL_X0Y0        BUFG (Prop_bufg_I_O)         0.091    13.341 r  clk_IBUF_BUFG_inst/O
                         net (fo=34, routed)          1.510    14.851    u_button_debounce/u_delay_time/clk_IBUF_BUFG
    SLICE_X1Y50          FDCE                                         r  u_button_debounce/u_delay_time/cnt_reg[27]/C
                         clock pessimism              0.297    15.148    
                         clock uncertainty           -0.035    15.113    
    SLICE_X1Y50          FDCE (Setup_fdce_C_D)        0.031    15.144    u_button_debounce/u_delay_time/cnt_reg[27]
  -------------------------------------------------------------------
                         required time                         15.144    
                         arrival time                          -9.310    
  -------------------------------------------------------------------
                         slack                                  5.834    

Slack (MET) :             5.925ns  (required time - arrival time)
  Source:                 u_button_debounce/u_delay_time/cnt_reg[0]/C
                            (rising edge-triggered cell FDCE clocked by sys_clk_pin  {rise@0.000ns fall@5.000ns period=10.000ns})
  Destination:            u_button_debounce/u_delay_time/cnt_reg[28]/D
                            (rising edge-triggered cell FDCE clocked by sys_clk_pin  {rise@0.000ns fall@5.000ns period=10.000ns})
  Path Group:             sys_clk_pin
  Path Type:              Setup (Max at Slow Process Corner)
  Requirement:            10.000ns  (sys_clk_pin rise@10.000ns - sys_clk_pin rise@0.000ns)
  Data Path Delay:        3.962ns  (logic 2.225ns (56.154%)  route 1.737ns (43.846%))
  Logic Levels:           8  (CARRY4=7 LUT5=1)
  Clock Path Skew:        -0.107ns (DCD - SCD + CPR)
    Destination Clock Delay (DCD):    4.861ns = ( 14.861 - 10.000 ) 
    Source Clock Delay      (SCD):    5.148ns
    Clock Pessimism Removal (CPR):    0.180ns
  Clock Uncertainty:      0.035ns  ((TSJ^2 + TIJ^2)^1/2 + DJ) / 2 + PE
    Total System Jitter     (TSJ):    0.071ns
    Total Input Jitter      (TIJ):    0.000ns
    Discrete Jitter          (DJ):    0.000ns
    Phase Error              (PE):    0.000ns

    Location             Delay type                Incr(ns)  Path(ns)    Netlist Resource(s)
  -------------------------------------------------------------------    -------------------
                         (clock sys_clk_pin rise edge)
                                                      0.000     0.000 r  
    W5                                                0.000     0.000 r  clk (IN)
                         net (fo=0)                   0.000     0.000    clk
    W5                   IBUF (Prop_ibuf_I_O)         1.458     1.458 r  clk_IBUF_inst/O
                         net (fo=1, routed)           1.967     3.425    clk_IBUF
    BUFGCTRL_X0Y0        BUFG (Prop_bufg_I_O)         0.096     3.521 r  clk_IBUF_BUFG_inst/O
                         net (fo=34, routed)          1.627     5.148    u_button_debounce/u_delay_time/clk_IBUF_BUFG
    SLICE_X1Y50          FDCE                                         r  u_button_debounce/u_delay_time/cnt_reg[0]/C
  -------------------------------------------------------------------    -------------------
    SLICE_X1Y50          FDCE (Prop_fdce_C_Q)         0.456     5.604 r  u_button_debounce/u_delay_time/cnt_reg[0]/Q
                         net (fo=34, routed)          1.076     6.679    u_button_debounce/u_delay_time/cnt[0]
    SLICE_X0Y43          CARRY4 (Prop_carry4_CYINIT_CO[3])
                                                      0.580     7.259 r  u_button_debounce/u_delay_time/cnt0_carry/CO[3]
                         net (fo=1, routed)           0.000     7.259    u_button_debounce/u_delay_time/cnt0_carry_n_0
    SLICE_X0Y44          CARRY4 (Prop_carry4_CI_CO[3])
                                                      0.114     7.373 r  u_button_debounce/u_delay_time/cnt0_carry__0/CO[3]
                         net (fo=1, routed)           0.000     7.373    u_button_debounce/u_delay_time/cnt0_carry__0_n_0
    SLICE_X0Y45          CARRY4 (Prop_carry4_CI_CO[3])
                                                      0.114     7.487 r  u_button_debounce/u_delay_time/cnt0_carry__1/CO[3]
                         net (fo=1, routed)           0.000     7.487    u_button_debounce/u_delay_time/cnt0_carry__1_n_0
    SLICE_X0Y46          CARRY4 (Prop_carry4_CI_CO[3])
                                                      0.114     7.601 r  u_button_debounce/u_delay_time/cnt0_carry__2/CO[3]
                         net (fo=1, routed)           0.000     7.601    u_button_debounce/u_delay_time/cnt0_carry__2_n_0
    SLICE_X0Y47          CARRY4 (Prop_carry4_CI_CO[3])
                                                      0.114     7.715 r  u_button_debounce/u_delay_time/cnt0_carry__3/CO[3]
                         net (fo=1, routed)           0.000     7.715    u_button_debounce/u_delay_time/cnt0_carry__3_n_0
    SLICE_X0Y48          CARRY4 (Prop_carry4_CI_CO[3])
                                                      0.114     7.829 r  u_button_debounce/u_delay_time/cnt0_carry__4/CO[3]
                         net (fo=1, routed)           0.000     7.829    u_button_debounce/u_delay_time/cnt0_carry__4_n_0
    SLICE_X0Y49          CARRY4 (Prop_carry4_CI_O[3])
                                                      0.313     8.142 r  u_button_debounce/u_delay_time/cnt0_carry__5/O[3]
                         net (fo=1, routed)           0.662     8.804    u_button_debounce/u_delay_time/data0[28]
    SLICE_X1Y49          LUT5 (Prop_lut5_I4_O)        0.306     9.110 r  u_button_debounce/u_delay_time/cnt[28]_i_1/O
                         net (fo=1, routed)           0.000     9.110    u_button_debounce/u_delay_time/cnt_0[28]
    SLICE_X1Y49          FDCE                                         r  u_button_debounce/u_delay_time/cnt_reg[28]/D
  -------------------------------------------------------------------    -------------------

                         (clock sys_clk_pin rise edge)
                                                     10.000    10.000 r  
    W5                                                0.000    10.000 r  clk (IN)
                         net (fo=0)                   0.000    10.000    clk
    W5                   IBUF (Prop_ibuf_I_O)         1.388    11.388 r  clk_IBUF_inst/O
                         net (fo=1, routed)           1.862    13.250    clk_IBUF
    BUFGCTRL_X0Y0        BUFG (Prop_bufg_I_O)         0.091    13.341 r  clk_IBUF_BUFG_inst/O
                         net (fo=34, routed)          1.520    14.861    u_button_debounce/u_delay_time/clk_IBUF_BUFG
    SLICE_X1Y49          FDCE                                         r  u_button_debounce/u_delay_time/cnt_reg[28]/C
                         clock pessimism              0.180    15.041    
                         clock uncertainty           -0.035    15.006    
    SLICE_X1Y49          FDCE (Setup_fdce_C_D)        0.029    15.035    u_button_debounce/u_delay_time/cnt_reg[28]
  -------------------------------------------------------------------
                         required time                         15.035    
                         arrival time                          -9.110    
  -------------------------------------------------------------------
                         slack                                  5.925    

Slack (MET) :             5.941ns  (required time - arrival time)
  Source:                 u_button_debounce/u_delay_time/cnt_reg[0]/C
                            (rising edge-triggered cell FDCE clocked by sys_clk_pin  {rise@0.000ns fall@5.000ns period=10.000ns})
  Destination:            u_button_debounce/u_delay_time/cnt_reg[21]/D
                            (rising edge-triggered cell FDCE clocked by sys_clk_pin  {rise@0.000ns fall@5.000ns period=10.000ns})
  Path Group:             sys_clk_pin
  Path Type:              Setup (Max at Slow Process Corner)
  Requirement:            10.000ns  (sys_clk_pin rise@10.000ns - sys_clk_pin rise@0.000ns)
  Data Path Delay:        3.946ns  (logic 2.013ns (51.011%)  route 1.933ns (48.989%))
  Logic Levels:           7  (CARRY4=6 LUT5=1)
  Clock Path Skew:        -0.107ns (DCD - SCD + CPR)
    Destination Clock Delay (DCD):    4.861ns = ( 14.861 - 10.000 ) 
    Source Clock Delay      (SCD):    5.148ns
    Clock Pessimism Removal (CPR):    0.180ns
  Clock Uncertainty:      0.035ns  ((TSJ^2 + TIJ^2)^1/2 + DJ) / 2 + PE
    Total System Jitter     (TSJ):    0.071ns
    Total Input Jitter      (TIJ):    0.000ns
    Discrete Jitter          (DJ):    0.000ns
    Phase Error              (PE):    0.000ns

    Location             Delay type                Incr(ns)  Path(ns)    Netlist Resource(s)
  -------------------------------------------------------------------    -------------------
                         (clock sys_clk_pin rise edge)
                                                      0.000     0.000 r  
    W5                                                0.000     0.000 r  clk (IN)
                         net (fo=0)                   0.000     0.000    clk
    W5                   IBUF (Prop_ibuf_I_O)         1.458     1.458 r  clk_IBUF_inst/O
                         net (fo=1, routed)           1.967     3.425    clk_IBUF
    BUFGCTRL_X0Y0        BUFG (Prop_bufg_I_O)         0.096     3.521 r  clk_IBUF_BUFG_inst/O
                         net (fo=34, routed)          1.627     5.148    u_button_debounce/u_delay_time/clk_IBUF_BUFG
    SLICE_X1Y50          FDCE                                         r  u_button_debounce/u_delay_time/cnt_reg[0]/C
  -------------------------------------------------------------------    -------------------
    SLICE_X1Y50          FDCE (Prop_fdce_C_Q)         0.456     5.604 r  u_button_debounce/u_delay_time/cnt_reg[0]/Q
                         net (fo=34, routed)          1.076     6.679    u_button_debounce/u_delay_time/cnt[0]
    SLICE_X0Y43          CARRY4 (Prop_carry4_CYINIT_CO[3])
                                                      0.580     7.259 r  u_button_debounce/u_delay_time/cnt0_carry/CO[3]
                         net (fo=1, routed)           0.000     7.259    u_button_debounce/u_delay_time/cnt0_carry_n_0
    SLICE_X0Y44          CARRY4 (Prop_carry4_CI_CO[3])
                                                      0.114     7.373 r  u_button_debounce/u_delay_time/cnt0_carry__0/CO[3]
                         net (fo=1, routed)           0.000     7.373    u_button_debounce/u_delay_time/cnt0_carry__0_n_0
    SLICE_X0Y45          CARRY4 (Prop_carry4_CI_CO[3])
                                                      0.114     7.487 r  u_button_debounce/u_delay_time/cnt0_carry__1/CO[3]
                         net (fo=1, routed)           0.000     7.487    u_button_debounce/u_delay_time/cnt0_carry__1_n_0
    SLICE_X0Y46          CARRY4 (Prop_carry4_CI_CO[3])
                                                      0.114     7.601 r  u_button_debounce/u_delay_time/cnt0_carry__2/CO[3]
                         net (fo=1, routed)           0.000     7.601    u_button_debounce/u_delay_time/cnt0_carry__2_n_0
    SLICE_X0Y47          CARRY4 (Prop_carry4_CI_CO[3])
                                                      0.114     7.715 r  u_button_debounce/u_delay_time/cnt0_carry__3/CO[3]
                         net (fo=1, routed)           0.000     7.715    u_button_debounce/u_delay_time/cnt0_carry__3_n_0
    SLICE_X0Y48          CARRY4 (Prop_carry4_CI_O[0])
                                                      0.222     7.937 r  u_button_debounce/u_delay_time/cnt0_carry__4/O[0]
                         net (fo=1, routed)           0.858     8.795    u_button_debounce/u_delay_time/data0[21]
    SLICE_X1Y48          LUT5 (Prop_lut5_I4_O)        0.299     9.094 r  u_button_debounce/u_delay_time/cnt[21]_i_1/O
                         net (fo=1, routed)           0.000     9.094    u_button_debounce/u_delay_time/cnt_0[21]
    SLICE_X1Y48          FDCE                                         r  u_button_debounce/u_delay_time/cnt_reg[21]/D
  -------------------------------------------------------------------    -------------------

                         (clock sys_clk_pin rise edge)
                                                     10.000    10.000 r  
    W5                                                0.000    10.000 r  clk (IN)
                         net (fo=0)                   0.000    10.000    clk
    W5                   IBUF (Prop_ibuf_I_O)         1.388    11.388 r  clk_IBUF_inst/O
                         net (fo=1, routed)           1.862    13.250    clk_IBUF
    BUFGCTRL_X0Y0        BUFG (Prop_bufg_I_O)         0.091    13.341 r  clk_IBUF_BUFG_inst/O
                         net (fo=34, routed)          1.520    14.861    u_button_debounce/u_delay_time/clk_IBUF_BUFG
    SLICE_X1Y48          FDCE                                         r  u_button_debounce/u_delay_time/cnt_reg[21]/C
                         clock pessimism              0.180    15.041    
                         clock uncertainty           -0.035    15.006    
    SLICE_X1Y48          FDCE (Setup_fdce_C_D)        0.029    15.035    u_button_debounce/u_delay_time/cnt_reg[21]
  -------------------------------------------------------------------
                         required time                         15.035    
                         arrival time                          -9.094    
  -------------------------------------------------------------------
                         slack                                  5.941    

Slack (MET) :             6.019ns  (required time - arrival time)
  Source:                 u_button_debounce/u_delay_time/cnt_reg[0]/C
                            (rising edge-triggered cell FDCE clocked by sys_clk_pin  {rise@0.000ns fall@5.000ns period=10.000ns})
  Destination:            u_button_debounce/u_delay_time/cnt_reg[29]/D
                            (rising edge-triggered cell FDCE clocked by sys_clk_pin  {rise@0.000ns fall@5.000ns period=10.000ns})
  Path Group:             sys_clk_pin
  Path Type:              Setup (Max at Slow Process Corner)
  Requirement:            10.000ns  (sys_clk_pin rise@10.000ns - sys_clk_pin rise@0.000ns)
  Data Path Delay:        3.977ns  (logic 2.241ns (56.354%)  route 1.736ns (43.646%))
  Logic Levels:           9  (CARRY4=8 LUT5=1)
  Clock Path Skew:        0.000ns (DCD - SCD + CPR)
    Destination Clock Delay (DCD):    4.851ns = ( 14.851 - 10.000 ) 
    Source Clock Delay      (SCD):    5.148ns
    Clock Pessimism Removal (CPR):    0.297ns
  Clock Uncertainty:      0.035ns  ((TSJ^2 + TIJ^2)^1/2 + DJ) / 2 + PE
    Total System Jitter     (TSJ):    0.071ns
    Total Input Jitter      (TIJ):    0.000ns
    Discrete Jitter          (DJ):    0.000ns
    Phase Error              (PE):    0.000ns

    Location             Delay type                Incr(ns)  Path(ns)    Netlist Resource(s)
  -------------------------------------------------------------------    -------------------
                         (clock sys_clk_pin rise edge)
                                                      0.000     0.000 r  
    W5                                                0.000     0.000 r  clk (IN)
                         net (fo=0)                   0.000     0.000    clk
    W5                   IBUF (Prop_ibuf_I_O)         1.458     1.458 r  clk_IBUF_inst/O
                         net (fo=1, routed)           1.967     3.425    clk_IBUF
    BUFGCTRL_X0Y0        BUFG (Prop_bufg_I_O)         0.096     3.521 r  clk_IBUF_BUFG_inst/O
                         net (fo=34, routed)          1.627     5.148    u_button_debounce/u_delay_time/clk_IBUF_BUFG
    SLICE_X1Y50          FDCE                                         r  u_button_debounce/u_delay_time/cnt_reg[0]/C
  -------------------------------------------------------------------    -------------------
    SLICE_X1Y50          FDCE (Prop_fdce_C_Q)         0.456     5.604 r  u_button_debounce/u_delay_time/cnt_reg[0]/Q
                         net (fo=34, routed)          1.076     6.679    u_button_debounce/u_delay_time/cnt[0]
    SLICE_X0Y43          CARRY4 (Prop_carry4_CYINIT_CO[3])
                                                      0.580     7.259 r  u_button_debounce/u_delay_time/cnt0_carry/CO[3]
                         net (fo=1, routed)           0.000     7.259    u_button_debounce/u_delay_time/cnt0_carry_n_0
    SLICE_X0Y44          CARRY4 (Prop_carry4_CI_CO[3])
                                                      0.114     7.373 r  u_button_debounce/u_delay_time/cnt0_carry__0/CO[3]
                         net (fo=1, routed)           0.000     7.373    u_button_debounce/u_delay_time/cnt0_carry__0_n_0
    SLICE_X0Y45          CARRY4 (Prop_carry4_CI_CO[3])
                                                      0.114     7.487 r  u_button_debounce/u_delay_time/cnt0_carry__1/CO[3]
                         net (fo=1, routed)           0.000     7.487    u_button_debounce/u_delay_time/cnt0_carry__1_n_0
    SLICE_X0Y46          CARRY4 (Prop_carry4_CI_CO[3])
                                                      0.114     7.601 r  u_button_debounce/u_delay_time/cnt0_carry__2/CO[3]
                         net (fo=1, routed)           0.000     7.601    u_button_debounce/u_delay_time/cnt0_carry__2_n_0
    SLICE_X0Y47          CARRY4 (Prop_carry4_CI_CO[3])
                                                      0.114     7.715 r  u_button_debounce/u_delay_time/cnt0_carry__3/CO[3]
                         net (fo=1, routed)           0.000     7.715    u_button_debounce/u_delay_time/cnt0_carry__3_n_0
    SLICE_X0Y48          CARRY4 (Prop_carry4_CI_CO[3])
                                                      0.114     7.829 r  u_button_debounce/u_delay_time/cnt0_carry__4/CO[3]
                         net (fo=1, routed)           0.000     7.829    u_button_debounce/u_delay_time/cnt0_carry__4_n_0
    SLICE_X0Y49          CARRY4 (Prop_carry4_CI_CO[3])
                                                      0.114     7.943 r  u_button_debounce/u_delay_time/cnt0_carry__5/CO[3]
                         net (fo=1, routed)           0.001     7.944    u_button_debounce/u_delay_time/cnt0_carry__5_n_0
    SLICE_X0Y50          CARRY4 (Prop_carry4_CI_O[0])
                                                      0.222     8.166 r  u_button_debounce/u_delay_time/cnt0_carry__6/O[0]
                         net (fo=1, routed)           0.659     8.826    u_button_debounce/u_delay_time/data0[29]
    SLICE_X1Y50          LUT5 (Prop_lut5_I4_O)        0.299     9.125 r  u_button_debounce/u_delay_time/cnt[29]_i_1/O
                         net (fo=1, routed)           0.000     9.125    u_button_debounce/u_delay_time/cnt_0[29]
    SLICE_X1Y50          FDCE                                         r  u_button_debounce/u_delay_time/cnt_reg[29]/D
  -------------------------------------------------------------------    -------------------

                         (clock sys_clk_pin rise edge)
                                                     10.000    10.000 r  
    W5                                                0.000    10.000 r  clk (IN)
                         net (fo=0)                   0.000    10.000    clk
    W5                   IBUF (Prop_ibuf_I_O)         1.388    11.388 r  clk_IBUF_inst/O
                         net (fo=1, routed)           1.862    13.250    clk_IBUF
    BUFGCTRL_X0Y0        BUFG (Prop_bufg_I_O)         0.091    13.341 r  clk_IBUF_BUFG_inst/O
                         net (fo=34, routed)          1.510    14.851    u_button_debounce/u_delay_time/clk_IBUF_BUFG
    SLICE_X1Y50          FDCE                                         r  u_button_debounce/u_delay_time/cnt_reg[29]/C
                         clock pessimism              0.297    15.148    
                         clock uncertainty           -0.035    15.113    
    SLICE_X1Y50          FDCE (Setup_fdce_C_D)        0.031    15.144    u_button_debounce/u_delay_time/cnt_reg[29]
  -------------------------------------------------------------------
                         required time                         15.144    
                         arrival time                          -9.125    
  -------------------------------------------------------------------
                         slack                                  6.019    

Slack (MET) :             6.025ns  (required time - arrival time)
  Source:                 u_button_debounce/u_delay_time/cnt_reg[9]/C
                            (rising edge-triggered cell FDCE clocked by sys_clk_pin  {rise@0.000ns fall@5.000ns period=10.000ns})
  Destination:            u_button_debounce/u_delay_time/cnt_reg[31]/D
                            (rising edge-triggered cell FDCE clocked by sys_clk_pin  {rise@0.000ns fall@5.000ns period=10.000ns})
  Path Group:             sys_clk_pin
  Path Type:              Setup (Max at Slow Process Corner)
  Requirement:            10.000ns  (sys_clk_pin rise@10.000ns - sys_clk_pin rise@0.000ns)
  Data Path Delay:        3.843ns  (logic 0.890ns (23.160%)  route 2.953ns (76.840%))
  Logic Levels:           3  (LUT4=1 LUT5=2)
  Clock Path Skew:        -0.129ns (DCD - SCD + CPR)
    Destination Clock Delay (DCD):    4.851ns = ( 14.851 - 10.000 ) 
    Source Clock Delay      (SCD):    5.159ns
    Clock Pessimism Removal (CPR):    0.180ns
  Clock Uncertainty:      0.035ns  ((TSJ^2 + TIJ^2)^1/2 + DJ) / 2 + PE
    Total System Jitter     (TSJ):    0.071ns
    Total Input Jitter      (TIJ):    0.000ns
    Discrete Jitter          (DJ):    0.000ns
    Phase Error              (PE):    0.000ns

    Location             Delay type                Incr(ns)  Path(ns)    Netlist Resource(s)
  -------------------------------------------------------------------    -------------------
                         (clock sys_clk_pin rise edge)
                                                      0.000     0.000 r  
    W5                                                0.000     0.000 r  clk (IN)
                         net (fo=0)                   0.000     0.000    clk
    W5                   IBUF (Prop_ibuf_I_O)         1.458     1.458 r  clk_IBUF_inst/O
                         net (fo=1, routed)           1.967     3.425    clk_IBUF
    BUFGCTRL_X0Y0        BUFG (Prop_bufg_I_O)         0.096     3.521 r  clk_IBUF_BUFG_inst/O
                         net (fo=34, routed)          1.638     5.159    u_button_debounce/u_delay_time/clk_IBUF_BUFG
    SLICE_X2Y45          FDCE                                         r  u_button_debounce/u_delay_time/cnt_reg[9]/C
  -------------------------------------------------------------------    -------------------
    SLICE_X2Y45          FDCE (Prop_fdce_C_Q)         0.518     5.677 f  u_button_debounce/u_delay_time/cnt_reg[9]/Q
                         net (fo=2, routed)           1.094     6.771    u_button_debounce/u_delay_time/cnt[9]
    SLICE_X2Y44          LUT4 (Prop_lut4_I2_O)        0.124     6.895 r  u_button_debounce/u_delay_time/cnt[31]_i_6/O
                         net (fo=1, routed)           0.296     7.191    u_button_debounce/u_delay_time/cnt[31]_i_6_n_0
    SLICE_X1Y43          LUT5 (Prop_lut5_I4_O)        0.124     7.315 r  u_button_debounce/u_delay_time/cnt[31]_i_3/O
                         net (fo=33, routed)          1.563     8.878    u_button_debounce/u_delay_time/cnt[31]_i_3_n_0
    SLICE_X1Y50          LUT5 (Prop_lut5_I2_O)        0.124     9.002 r  u_button_debounce/u_delay_time/cnt[31]_i_1/O
                         net (fo=1, routed)           0.000     9.002    u_button_debounce/u_delay_time/cnt_0[31]
    SLICE_X1Y50          FDCE                                         r  u_button_debounce/u_delay_time/cnt_reg[31]/D
  -------------------------------------------------------------------    -------------------

                         (clock sys_clk_pin rise edge)
                                                     10.000    10.000 r  
    W5                                                0.000    10.000 r  clk (IN)
                         net (fo=0)                   0.000    10.000    clk
    W5                   IBUF (Prop_ibuf_I_O)         1.388    11.388 r  clk_IBUF_inst/O
                         net (fo=1, routed)           1.862    13.250    clk_IBUF
    BUFGCTRL_X0Y0        BUFG (Prop_bufg_I_O)         0.091    13.341 r  clk_IBUF_BUFG_inst/O
                         net (fo=34, routed)          1.510    14.851    u_button_debounce/u_delay_time/clk_IBUF_BUFG
    SLICE_X1Y50          FDCE                                         r  u_button_debounce/u_delay_time/cnt_reg[31]/C
                         clock pessimism              0.180    15.031    
                         clock uncertainty           -0.035    14.995    
    SLICE_X1Y50          FDCE (Setup_fdce_C_D)        0.032    15.027    u_button_debounce/u_delay_time/cnt_reg[31]
  -------------------------------------------------------------------
                         required time                         15.027    
                         arrival time                          -9.002    
  -------------------------------------------------------------------
                         slack                                  6.025    

Slack (MET) :             6.046ns  (required time - arrival time)
  Source:                 u_button_debounce/u_delay_time/cnt_reg[9]/C
                            (rising edge-triggered cell FDCE clocked by sys_clk_pin  {rise@0.000ns fall@5.000ns period=10.000ns})
  Destination:            u_button_debounce/u_delay_time/cnt_reg[0]/D
                            (rising edge-triggered cell FDCE clocked by sys_clk_pin  {rise@0.000ns fall@5.000ns period=10.000ns})
  Path Group:             sys_clk_pin
  Path Type:              Setup (Max at Slow Process Corner)
  Requirement:            10.000ns  (sys_clk_pin rise@10.000ns - sys_clk_pin rise@0.000ns)
  Data Path Delay:        3.819ns  (logic 0.890ns (23.306%)  route 2.929ns (76.694%))
  Logic Levels:           3  (LUT4=2 LUT5=1)
  Clock Path Skew:        -0.129ns (DCD - SCD + CPR)
    Destination Clock Delay (DCD):    4.851ns = ( 14.851 - 10.000 ) 
    Source Clock Delay      (SCD):    5.159ns
    Clock Pessimism Removal (CPR):    0.180ns
  Clock Uncertainty:      0.035ns  ((TSJ^2 + TIJ^2)^1/2 + DJ) / 2 + PE
    Total System Jitter     (TSJ):    0.071ns
    Total Input Jitter      (TIJ):    0.000ns
    Discrete Jitter          (DJ):    0.000ns
    Phase Error              (PE):    0.000ns

    Location             Delay type                Incr(ns)  Path(ns)    Netlist Resource(s)
  -------------------------------------------------------------------    -------------------
                         (clock sys_clk_pin rise edge)
                                                      0.000     0.000 r  
    W5                                                0.000     0.000 r  clk (IN)
                         net (fo=0)                   0.000     0.000    clk
    W5                   IBUF (Prop_ibuf_I_O)         1.458     1.458 r  clk_IBUF_inst/O
                         net (fo=1, routed)           1.967     3.425    clk_IBUF
    BUFGCTRL_X0Y0        BUFG (Prop_bufg_I_O)         0.096     3.521 r  clk_IBUF_BUFG_inst/O
                         net (fo=34, routed)          1.638     5.159    u_button_debounce/u_delay_time/clk_IBUF_BUFG
    SLICE_X2Y45          FDCE                                         r  u_button_debounce/u_delay_time/cnt_reg[9]/C
  -------------------------------------------------------------------    -------------------
    SLICE_X2Y45          FDCE (Prop_fdce_C_Q)         0.518     5.677 f  u_button_debounce/u_delay_time/cnt_reg[9]/Q
                         net (fo=2, routed)           1.094     6.771    u_button_debounce/u_delay_time/cnt[9]
    SLICE_X2Y44          LUT4 (Prop_lut4_I2_O)        0.124     6.895 r  u_button_debounce/u_delay_time/cnt[31]_i_6/O
                         net (fo=1, routed)           0.296     7.191    u_button_debounce/u_delay_time/cnt[31]_i_6_n_0
    SLICE_X1Y43          LUT5 (Prop_lut5_I4_O)        0.124     7.315 r  u_button_debounce/u_delay_time/cnt[31]_i_3/O
                         net (fo=33, routed)          1.539     8.854    u_button_debounce/u_delay_time/cnt[31]_i_3_n_0
    SLICE_X1Y50          LUT4 (Prop_lut4_I1_O)        0.124     8.978 r  u_button_debounce/u_delay_time/cnt[0]_i_1/O
                         net (fo=1, routed)           0.000     8.978    u_button_debounce/u_delay_time/cnt_0[0]
    SLICE_X1Y50          FDCE                                         r  u_button_debounce/u_delay_time/cnt_reg[0]/D
  -------------------------------------------------------------------    -------------------

                         (clock sys_clk_pin rise edge)
                                                     10.000    10.000 r  
    W5                                                0.000    10.000 r  clk (IN)
                         net (fo=0)                   0.000    10.000    clk
    W5                   IBUF (Prop_ibuf_I_O)         1.388    11.388 r  clk_IBUF_inst/O
                         net (fo=1, routed)           1.862    13.250    clk_IBUF
    BUFGCTRL_X0Y0        BUFG (Prop_bufg_I_O)         0.091    13.341 r  clk_IBUF_BUFG_inst/O
                         net (fo=34, routed)          1.510    14.851    u_button_debounce/u_delay_time/clk_IBUF_BUFG
    SLICE_X1Y50          FDCE                                         r  u_button_debounce/u_delay_time/cnt_reg[0]/C
                         clock pessimism              0.180    15.031    
                         clock uncertainty           -0.035    14.995    
    SLICE_X1Y50          FDCE (Setup_fdce_C_D)        0.029    15.024    u_button_debounce/u_delay_time/cnt_reg[0]
  -------------------------------------------------------------------
                         required time                         15.024    
                         arrival time                          -8.978    
  -------------------------------------------------------------------
                         slack                                  6.046    

Slack (MET) :             6.066ns  (required time - arrival time)
  Source:                 u_button_debounce/u_delay_time/cnt_reg[9]/C
                            (rising edge-triggered cell FDCE clocked by sys_clk_pin  {rise@0.000ns fall@5.000ns period=10.000ns})
  Destination:            u_button_debounce/u_delay_time/cnt_reg[30]/D
                            (rising edge-triggered cell FDCE clocked by sys_clk_pin  {rise@0.000ns fall@5.000ns period=10.000ns})
  Path Group:             sys_clk_pin
  Path Type:              Setup (Max at Slow Process Corner)
  Requirement:            10.000ns  (sys_clk_pin rise@10.000ns - sys_clk_pin rise@0.000ns)
  Data Path Delay:        3.845ns  (logic 0.916ns (23.825%)  route 2.929ns (76.175%))
  Logic Levels:           3  (LUT4=1 LUT5=2)
  Clock Path Skew:        -0.129ns (DCD - SCD + CPR)
    Destination Clock Delay (DCD):    4.851ns = ( 14.851 - 10.000 ) 
    Source Clock Delay      (SCD):    5.159ns
    Clock Pessimism Removal (CPR):    0.180ns
  Clock Uncertainty:      0.035ns  ((TSJ^2 + TIJ^2)^1/2 + DJ) / 2 + PE
    Total System Jitter     (TSJ):    0.071ns
    Total Input Jitter      (TIJ):    0.000ns
    Discrete Jitter          (DJ):    0.000ns
    Phase Error              (PE):    0.000ns

    Location             Delay type                Incr(ns)  Path(ns)    Netlist Resource(s)
  -------------------------------------------------------------------    -------------------
                         (clock sys_clk_pin rise edge)
                                                      0.000     0.000 r  
    W5                                                0.000     0.000 r  clk (IN)
                         net (fo=0)                   0.000     0.000    clk
    W5                   IBUF (Prop_ibuf_I_O)         1.458     1.458 r  clk_IBUF_inst/O
                         net (fo=1, routed)           1.967     3.425    clk_IBUF
    BUFGCTRL_X0Y0        BUFG (Prop_bufg_I_O)         0.096     3.521 r  clk_IBUF_BUFG_inst/O
                         net (fo=34, routed)          1.638     5.159    u_button_debounce/u_delay_time/clk_IBUF_BUFG
    SLICE_X2Y45          FDCE                                         r  u_button_debounce/u_delay_time/cnt_reg[9]/C
  -------------------------------------------------------------------    -------------------
    SLICE_X2Y45          FDCE (Prop_fdce_C_Q)         0.518     5.677 f  u_button_debounce/u_delay_time/cnt_reg[9]/Q
                         net (fo=2, routed)           1.094     6.771    u_button_debounce/u_delay_time/cnt[9]
    SLICE_X2Y44          LUT4 (Prop_lut4_I2_O)        0.124     6.895 r  u_button_debounce/u_delay_time/cnt[31]_i_6/O
                         net (fo=1, routed)           0.296     7.191    u_button_debounce/u_delay_time/cnt[31]_i_6_n_0
    SLICE_X1Y43          LUT5 (Prop_lut5_I4_O)        0.124     7.315 r  u_button_debounce/u_delay_time/cnt[31]_i_3/O
                         net (fo=33, routed)          1.539     8.854    u_button_debounce/u_delay_time/cnt[31]_i_3_n_0
    SLICE_X1Y50          LUT5 (Prop_lut5_I2_O)        0.150     9.004 r  u_button_debounce/u_delay_time/cnt[30]_i_1/O
                         net (fo=1, routed)           0.000     9.004    u_button_debounce/u_delay_time/cnt_0[30]
    SLICE_X1Y50          FDCE                                         r  u_button_debounce/u_delay_time/cnt_reg[30]/D
  -------------------------------------------------------------------    -------------------

                         (clock sys_clk_pin rise edge)
                                                     10.000    10.000 r  
    W5                                                0.000    10.000 r  clk (IN)
                         net (fo=0)                   0.000    10.000    clk
    W5                   IBUF (Prop_ibuf_I_O)         1.388    11.388 r  clk_IBUF_inst/O
                         net (fo=1, routed)           1.862    13.250    clk_IBUF
    BUFGCTRL_X0Y0        BUFG (Prop_bufg_I_O)         0.091    13.341 r  clk_IBUF_BUFG_inst/O
                         net (fo=34, routed)          1.510    14.851    u_button_debounce/u_delay_time/clk_IBUF_BUFG
    SLICE_X1Y50          FDCE                                         r  u_button_debounce/u_delay_time/cnt_reg[30]/C
                         clock pessimism              0.180    15.031    
                         clock uncertainty           -0.035    14.995    
    SLICE_X1Y50          FDCE (Setup_fdce_C_D)        0.075    15.070    u_button_debounce/u_delay_time/cnt_reg[30]
  -------------------------------------------------------------------
                         required time                         15.070    
                         arrival time                          -9.004    
  -------------------------------------------------------------------
                         slack                                  6.066    

Slack (MET) :             6.075ns  (required time - arrival time)
  Source:                 u_button_debounce/u_delay_time/cnt_reg[0]/C
                            (rising edge-triggered cell FDCE clocked by sys_clk_pin  {rise@0.000ns fall@5.000ns period=10.000ns})
  Destination:            u_button_debounce/u_delay_time/cnt_reg[24]/D
                            (rising edge-triggered cell FDCE clocked by sys_clk_pin  {rise@0.000ns fall@5.000ns period=10.000ns})
  Path Group:             sys_clk_pin
  Path Type:              Setup (Max at Slow Process Corner)
  Requirement:            10.000ns  (sys_clk_pin rise@10.000ns - sys_clk_pin rise@0.000ns)
  Data Path Delay:        3.815ns  (logic 2.111ns (55.341%)  route 1.704ns (44.659%))
  Logic Levels:           7  (CARRY4=6 LUT5=1)
  Clock Path Skew:        -0.107ns (DCD - SCD + CPR)
    Destination Clock Delay (DCD):    4.861ns = ( 14.861 - 10.000 ) 
    Source Clock Delay      (SCD):    5.148ns
    Clock Pessimism Removal (CPR):    0.180ns
  Clock Uncertainty:      0.035ns  ((TSJ^2 + TIJ^2)^1/2 + DJ) / 2 + PE
    Total System Jitter     (TSJ):    0.071ns
    Total Input Jitter      (TIJ):    0.000ns
    Discrete Jitter          (DJ):    0.000ns
    Phase Error              (PE):    0.000ns

    Location             Delay type                Incr(ns)  Path(ns)    Netlist Resource(s)
  -------------------------------------------------------------------    -------------------
                         (clock sys_clk_pin rise edge)
                                                      0.000     0.000 r  
    W5                                                0.000     0.000 r  clk (IN)
                         net (fo=0)                   0.000     0.000    clk
    W5                   IBUF (Prop_ibuf_I_O)         1.458     1.458 r  clk_IBUF_inst/O
                         net (fo=1, routed)           1.967     3.425    clk_IBUF
    BUFGCTRL_X0Y0        BUFG (Prop_bufg_I_O)         0.096     3.521 r  clk_IBUF_BUFG_inst/O
                         net (fo=34, routed)          1.627     5.148    u_button_debounce/u_delay_time/clk_IBUF_BUFG
    SLICE_X1Y50          FDCE                                         r  u_button_debounce/u_delay_time/cnt_reg[0]/C
  -------------------------------------------------------------------    -------------------
    SLICE_X1Y50          FDCE (Prop_fdce_C_Q)         0.456     5.604 r  u_button_debounce/u_delay_time/cnt_reg[0]/Q
                         net (fo=34, routed)          1.076     6.679    u_button_debounce/u_delay_time/cnt[0]
    SLICE_X0Y43          CARRY4 (Prop_carry4_CYINIT_CO[3])
                                                      0.580     7.259 r  u_button_debounce/u_delay_time/cnt0_carry/CO[3]
                         net (fo=1, routed)           0.000     7.259    u_button_debounce/u_delay_time/cnt0_carry_n_0
    SLICE_X0Y44          CARRY4 (Prop_carry4_CI_CO[3])
                                                      0.114     7.373 r  u_button_debounce/u_delay_time/cnt0_carry__0/CO[3]
                         net (fo=1, routed)           0.000     7.373    u_button_debounce/u_delay_time/cnt0_carry__0_n_0
    SLICE_X0Y45          CARRY4 (Prop_carry4_CI_CO[3])
                                                      0.114     7.487 r  u_button_debounce/u_delay_time/cnt0_carry__1/CO[3]
                         net (fo=1, routed)           0.000     7.487    u_button_debounce/u_delay_time/cnt0_carry__1_n_0
    SLICE_X0Y46          CARRY4 (Prop_carry4_CI_CO[3])
                                                      0.114     7.601 r  u_button_debounce/u_delay_time/cnt0_carry__2/CO[3]
                         net (fo=1, routed)           0.000     7.601    u_button_debounce/u_delay_time/cnt0_carry__2_n_0
    SLICE_X0Y47          CARRY4 (Prop_carry4_CI_CO[3])
                                                      0.114     7.715 r  u_button_debounce/u_delay_time/cnt0_carry__3/CO[3]
                         net (fo=1, routed)           0.000     7.715    u_button_debounce/u_delay_time/cnt0_carry__3_n_0
    SLICE_X0Y48          CARRY4 (Prop_carry4_CI_O[3])
                                                      0.313     8.028 r  u_button_debounce/u_delay_time/cnt0_carry__4/O[3]
                         net (fo=1, routed)           0.628     8.656    u_button_debounce/u_delay_time/data0[24]
    SLICE_X1Y48          LUT5 (Prop_lut5_I4_O)        0.306     8.962 r  u_button_debounce/u_delay_time/cnt[24]_i_1/O
                         net (fo=1, routed)           0.000     8.962    u_button_debounce/u_delay_time/cnt_0[24]
    SLICE_X1Y48          FDCE                                         r  u_button_debounce/u_delay_time/cnt_reg[24]/D
  -------------------------------------------------------------------    -------------------

                         (clock sys_clk_pin rise edge)
                                                     10.000    10.000 r  
    W5                                                0.000    10.000 r  clk (IN)
                         net (fo=0)                   0.000    10.000    clk
    W5                   IBUF (Prop_ibuf_I_O)         1.388    11.388 r  clk_IBUF_inst/O
                         net (fo=1, routed)           1.862    13.250    clk_IBUF
    BUFGCTRL_X0Y0        BUFG (Prop_bufg_I_O)         0.091    13.341 r  clk_IBUF_BUFG_inst/O
                         net (fo=34, routed)          1.520    14.861    u_button_debounce/u_delay_time/clk_IBUF_BUFG
    SLICE_X1Y48          FDCE                                         r  u_button_debounce/u_delay_time/cnt_reg[24]/C
                         clock pessimism              0.180    15.041    
                         clock uncertainty           -0.035    15.006    
    SLICE_X1Y48          FDCE (Setup_fdce_C_D)        0.032    15.038    u_button_debounce/u_delay_time/cnt_reg[24]
  -------------------------------------------------------------------
                         required time                         15.038    
                         arrival time                          -8.962    
  -------------------------------------------------------------------
                         slack                                  6.075    

Slack (MET) :             6.103ns  (required time - arrival time)
  Source:                 u_button_debounce/u_delay_time/cnt_reg[0]/C
                            (rising edge-triggered cell FDCE clocked by sys_clk_pin  {rise@0.000ns fall@5.000ns period=10.000ns})
  Destination:            u_button_debounce/u_delay_time/cnt_reg[22]/D
                            (rising edge-triggered cell FDCE clocked by sys_clk_pin  {rise@0.000ns fall@5.000ns period=10.000ns})
  Path Group:             sys_clk_pin
  Path Type:              Setup (Max at Slow Process Corner)
  Requirement:            10.000ns  (sys_clk_pin rise@10.000ns - sys_clk_pin rise@0.000ns)
  Data Path Delay:        3.786ns  (logic 2.129ns (56.233%)  route 1.657ns (43.767%))
  Logic Levels:           7  (CARRY4=6 LUT5=1)
  Clock Path Skew:        -0.107ns (DCD - SCD + CPR)
    Destination Clock Delay (DCD):    4.861ns = ( 14.861 - 10.000 ) 
    Source Clock Delay      (SCD):    5.148ns
    Clock Pessimism Removal (CPR):    0.180ns
  Clock Uncertainty:      0.035ns  ((TSJ^2 + TIJ^2)^1/2 + DJ) / 2 + PE
    Total System Jitter     (TSJ):    0.071ns
    Total Input Jitter      (TIJ):    0.000ns
    Discrete Jitter          (DJ):    0.000ns
    Phase Error              (PE):    0.000ns

    Location             Delay type                Incr(ns)  Path(ns)    Netlist Resource(s)
  -------------------------------------------------------------------    -------------------
                         (clock sys_clk_pin rise edge)
                                                      0.000     0.000 r  
    W5                                                0.000     0.000 r  clk (IN)
                         net (fo=0)                   0.000     0.000    clk
    W5                   IBUF (Prop_ibuf_I_O)         1.458     1.458 r  clk_IBUF_inst/O
                         net (fo=1, routed)           1.967     3.425    clk_IBUF
    BUFGCTRL_X0Y0        BUFG (Prop_bufg_I_O)         0.096     3.521 r  clk_IBUF_BUFG_inst/O
                         net (fo=34, routed)          1.627     5.148    u_button_debounce/u_delay_time/clk_IBUF_BUFG
    SLICE_X1Y50          FDCE                                         r  u_button_debounce/u_delay_time/cnt_reg[0]/C
  -------------------------------------------------------------------    -------------------
    SLICE_X1Y50          FDCE (Prop_fdce_C_Q)         0.456     5.604 r  u_button_debounce/u_delay_time/cnt_reg[0]/Q
                         net (fo=34, routed)          1.076     6.679    u_button_debounce/u_delay_time/cnt[0]
    SLICE_X0Y43          CARRY4 (Prop_carry4_CYINIT_CO[3])
                                                      0.580     7.259 r  u_button_debounce/u_delay_time/cnt0_carry/CO[3]
                         net (fo=1, routed)           0.000     7.259    u_button_debounce/u_delay_time/cnt0_carry_n_0
    SLICE_X0Y44          CARRY4 (Prop_carry4_CI_CO[3])
                                                      0.114     7.373 r  u_button_debounce/u_delay_time/cnt0_carry__0/CO[3]
                         net (fo=1, routed)           0.000     7.373    u_button_debounce/u_delay_time/cnt0_carry__0_n_0
    SLICE_X0Y45          CARRY4 (Prop_carry4_CI_CO[3])
                                                      0.114     7.487 r  u_button_debounce/u_delay_time/cnt0_carry__1/CO[3]
                         net (fo=1, routed)           0.000     7.487    u_button_debounce/u_delay_time/cnt0_carry__1_n_0
    SLICE_X0Y46          CARRY4 (Prop_carry4_CI_CO[3])
                                                      0.114     7.601 r  u_button_debounce/u_delay_time/cnt0_carry__2/CO[3]
                         net (fo=1, routed)           0.000     7.601    u_button_debounce/u_delay_time/cnt0_carry__2_n_0
    SLICE_X0Y47          CARRY4 (Prop_carry4_CI_CO[3])
                                                      0.114     7.715 r  u_button_debounce/u_delay_time/cnt0_carry__3/CO[3]
                         net (fo=1, routed)           0.000     7.715    u_button_debounce/u_delay_time/cnt0_carry__3_n_0
    SLICE_X0Y48          CARRY4 (Prop_carry4_CI_O[1])
                                                      0.334     8.049 r  u_button_debounce/u_delay_time/cnt0_carry__4/O[1]
                         net (fo=1, routed)           0.581     8.631    u_button_debounce/u_delay_time/data0[22]
    SLICE_X1Y48          LUT5 (Prop_lut5_I4_O)        0.303     8.934 r  u_button_debounce/u_delay_time/cnt[22]_i_1/O
                         net (fo=1, routed)           0.000     8.934    u_button_debounce/u_delay_time/cnt_0[22]
    SLICE_X1Y48          FDCE                                         r  u_button_debounce/u_delay_time/cnt_reg[22]/D
  -------------------------------------------------------------------    -------------------

                         (clock sys_clk_pin rise edge)
                                                     10.000    10.000 r  
    W5                                                0.000    10.000 r  clk (IN)
                         net (fo=0)                   0.000    10.000    clk
    W5                   IBUF (Prop_ibuf_I_O)         1.388    11.388 r  clk_IBUF_inst/O
                         net (fo=1, routed)           1.862    13.250    clk_IBUF
    BUFGCTRL_X0Y0        BUFG (Prop_bufg_I_O)         0.091    13.341 r  clk_IBUF_BUFG_inst/O
                         net (fo=34, routed)          1.520    14.861    u_button_debounce/u_delay_time/clk_IBUF_BUFG
    SLICE_X1Y48          FDCE                                         r  u_button_debounce/u_delay_time/cnt_reg[22]/C
                         clock pessimism              0.180    15.041    
                         clock uncertainty           -0.035    15.006    
    SLICE_X1Y48          FDCE (Setup_fdce_C_D)        0.031    15.037    u_button_debounce/u_delay_time/cnt_reg[22]
  -------------------------------------------------------------------
                         required time                         15.037    
                         arrival time                          -8.934    
  -------------------------------------------------------------------
                         slack                                  6.103    





Min Delay Paths
--------------------------------------------------------------------------------------
Slack (MET) :             0.118ns  (arrival time - required time)
  Source:                 u_button_debounce/u_delay_time/cnt_reg[0]/C
                            (rising edge-triggered cell FDCE clocked by sys_clk_pin  {rise@0.000ns fall@5.000ns period=10.000ns})
  Destination:            u_button_debounce/u_delay_time/cnt_reg[26]/D
                            (rising edge-triggered cell FDCE clocked by sys_clk_pin  {rise@0.000ns fall@5.000ns period=10.000ns})
  Path Group:             sys_clk_pin
  Path Type:              Hold (Min at Fast Process Corner)
  Requirement:            0.000ns  (sys_clk_pin rise@0.000ns - sys_clk_pin rise@0.000ns)
  Data Path Delay:        0.512ns  (logic 0.186ns (36.330%)  route 0.326ns (63.670%))
  Logic Levels:           1  (LUT5=1)
  Clock Path Skew:        0.273ns (DCD - SCD - CPR)
    Destination Clock Delay (DCD):    1.994ns
    Source Clock Delay      (SCD):    1.477ns
    Clock Pessimism Removal (CPR):    0.244ns

    Location             Delay type                Incr(ns)  Path(ns)    Netlist Resource(s)
  -------------------------------------------------------------------    -------------------
                         (clock sys_clk_pin rise edge)
                                                      0.000     0.000 r  
    W5                                                0.000     0.000 r  clk (IN)
                         net (fo=0)                   0.000     0.000    clk
    W5                   IBUF (Prop_ibuf_I_O)         0.226     0.226 r  clk_IBUF_inst/O
                         net (fo=1, routed)           0.631     0.858    clk_IBUF
    BUFGCTRL_X0Y0        BUFG (Prop_bufg_I_O)         0.026     0.884 r  clk_IBUF_BUFG_inst/O
                         net (fo=34, routed)          0.594     1.477    u_button_debounce/u_delay_time/clk_IBUF_BUFG
    SLICE_X1Y50          FDCE                                         r  u_button_debounce/u_delay_time/cnt_reg[0]/C
  -------------------------------------------------------------------    -------------------
    SLICE_X1Y50          FDCE (Prop_fdce_C_Q)         0.141     1.618 r  u_button_debounce/u_delay_time/cnt_reg[0]/Q
                         net (fo=34, routed)          0.326     1.944    u_button_debounce/u_delay_time/cnt[0]
    SLICE_X2Y49          LUT5 (Prop_lut5_I0_O)        0.045     1.989 r  u_button_debounce/u_delay_time/cnt[26]_i_1/O
                         net (fo=1, routed)           0.000     1.989    u_button_debounce/u_delay_time/cnt_0[26]
    SLICE_X2Y49          FDCE                                         r  u_button_debounce/u_delay_time/cnt_reg[26]/D
  -------------------------------------------------------------------    -------------------

                         (clock sys_clk_pin rise edge)
                                                      0.000     0.000 r  
    W5                                                0.000     0.000 r  clk (IN)
                         net (fo=0)                   0.000     0.000    clk
    W5                   IBUF (Prop_ibuf_I_O)         0.414     0.414 r  clk_IBUF_inst/O
                         net (fo=1, routed)           0.685     1.099    clk_IBUF
    BUFGCTRL_X0Y0        BUFG (Prop_bufg_I_O)         0.029     1.128 r  clk_IBUF_BUFG_inst/O
                         net (fo=34, routed)          0.867     1.994    u_button_debounce/u_delay_time/clk_IBUF_BUFG
    SLICE_X2Y49          FDCE                                         r  u_button_debounce/u_delay_time/cnt_reg[26]/C
                         clock pessimism             -0.244     1.750    
    SLICE_X2Y49          FDCE (Hold_fdce_C_D)         0.121     1.871    u_button_debounce/u_delay_time/cnt_reg[26]
  -------------------------------------------------------------------
                         required time                         -1.871    
                         arrival time                           1.989    
  -------------------------------------------------------------------
                         slack                                  0.118    

Slack (MET) :             0.124ns  (arrival time - required time)
  Source:                 u_button_debounce/u_delay_time/cnt_reg[0]/C
                            (rising edge-triggered cell FDCE clocked by sys_clk_pin  {rise@0.000ns fall@5.000ns period=10.000ns})
  Destination:            u_button_debounce/u_delay_time/cnt_reg[25]/D
                            (rising edge-triggered cell FDCE clocked by sys_clk_pin  {rise@0.000ns fall@5.000ns period=10.000ns})
  Path Group:             sys_clk_pin
  Path Type:              Hold (Min at Fast Process Corner)
  Requirement:            0.000ns  (sys_clk_pin rise@0.000ns - sys_clk_pin rise@0.000ns)
  Data Path Delay:        0.517ns  (logic 0.186ns (35.978%)  route 0.331ns (64.022%))
  Logic Levels:           1  (LUT5=1)
  Clock Path Skew:        0.273ns (DCD - SCD - CPR)
    Destination Clock Delay (DCD):    1.994ns
    Source Clock Delay      (SCD):    1.477ns
    Clock Pessimism Removal (CPR):    0.244ns

    Location             Delay type                Incr(ns)  Path(ns)    Netlist Resource(s)
  -------------------------------------------------------------------    -------------------
                         (clock sys_clk_pin rise edge)
                                                      0.000     0.000 r  
    W5                                                0.000     0.000 r  clk (IN)
                         net (fo=0)                   0.000     0.000    clk
    W5                   IBUF (Prop_ibuf_I_O)         0.226     0.226 r  clk_IBUF_inst/O
                         net (fo=1, routed)           0.631     0.858    clk_IBUF
    BUFGCTRL_X0Y0        BUFG (Prop_bufg_I_O)         0.026     0.884 r  clk_IBUF_BUFG_inst/O
                         net (fo=34, routed)          0.594     1.477    u_button_debounce/u_delay_time/clk_IBUF_BUFG
    SLICE_X1Y50          FDCE                                         r  u_button_debounce/u_delay_time/cnt_reg[0]/C
  -------------------------------------------------------------------    -------------------
    SLICE_X1Y50          FDCE (Prop_fdce_C_Q)         0.141     1.618 r  u_button_debounce/u_delay_time/cnt_reg[0]/Q
                         net (fo=34, routed)          0.331     1.949    u_button_debounce/u_delay_time/cnt[0]
    SLICE_X2Y49          LUT5 (Prop_lut5_I0_O)        0.045     1.994 r  u_button_debounce/u_delay_time/cnt[25]_i_1/O
                         net (fo=1, routed)           0.000     1.994    u_button_debounce/u_delay_time/cnt_0[25]
    SLICE_X2Y49          FDCE                                         r  u_button_debounce/u_delay_time/cnt_reg[25]/D
  -------------------------------------------------------------------    -------------------

                         (clock sys_clk_pin rise edge)
                                                      0.000     0.000 r  
    W5                                                0.000     0.000 r  clk (IN)
                         net (fo=0)                   0.000     0.000    clk
    W5                   IBUF (Prop_ibuf_I_O)         0.414     0.414 r  clk_IBUF_inst/O
                         net (fo=1, routed)           0.685     1.099    clk_IBUF
    BUFGCTRL_X0Y0        BUFG (Prop_bufg_I_O)         0.029     1.128 r  clk_IBUF_BUFG_inst/O
                         net (fo=34, routed)          0.867     1.994    u_button_debounce/u_delay_time/clk_IBUF_BUFG
    SLICE_X2Y49          FDCE                                         r  u_button_debounce/u_delay_time/cnt_reg[25]/C
                         clock pessimism             -0.244     1.750    
    SLICE_X2Y49          FDCE (Hold_fdce_C_D)         0.120     1.870    u_button_debounce/u_delay_time/cnt_reg[25]
  -------------------------------------------------------------------
                         required time                         -1.870    
                         arrival time                           1.994    
  -------------------------------------------------------------------
                         slack                                  0.124    

Slack (MET) :             0.171ns  (arrival time - required time)
  Source:                 u_button_debounce/u_delay_time/cnt_reg[0]/C
                            (rising edge-triggered cell FDCE clocked by sys_clk_pin  {rise@0.000ns fall@5.000ns period=10.000ns})
  Destination:            u_button_debounce/u_delay_time/cnt_reg[28]/D
                            (rising edge-triggered cell FDCE clocked by sys_clk_pin  {rise@0.000ns fall@5.000ns period=10.000ns})
  Path Group:             sys_clk_pin
  Path Type:              Hold (Min at Fast Process Corner)
  Requirement:            0.000ns  (sys_clk_pin rise@0.000ns - sys_clk_pin rise@0.000ns)
  Data Path Delay:        0.535ns  (logic 0.186ns (34.792%)  route 0.349ns (65.208%))
  Logic Levels:           1  (LUT5=1)
  Clock Path Skew:        0.273ns (DCD - SCD - CPR)
    Destination Clock Delay (DCD):    1.994ns
    Source Clock Delay      (SCD):    1.477ns
    Clock Pessimism Removal (CPR):    0.244ns

    Location             Delay type                Incr(ns)  Path(ns)    Netlist Resource(s)
  -------------------------------------------------------------------    -------------------
                         (clock sys_clk_pin rise edge)
                                                      0.000     0.000 r  
    W5                                                0.000     0.000 r  clk (IN)
                         net (fo=0)                   0.000     0.000    clk
    W5                   IBUF (Prop_ibuf_I_O)         0.226     0.226 r  clk_IBUF_inst/O
                         net (fo=1, routed)           0.631     0.858    clk_IBUF
    BUFGCTRL_X0Y0        BUFG (Prop_bufg_I_O)         0.026     0.884 r  clk_IBUF_BUFG_inst/O
                         net (fo=34, routed)          0.594     1.477    u_button_debounce/u_delay_time/clk_IBUF_BUFG
    SLICE_X1Y50          FDCE                                         r  u_button_debounce/u_delay_time/cnt_reg[0]/C
  -------------------------------------------------------------------    -------------------
    SLICE_X1Y50          FDCE (Prop_fdce_C_Q)         0.141     1.618 r  u_button_debounce/u_delay_time/cnt_reg[0]/Q
                         net (fo=34, routed)          0.349     1.967    u_button_debounce/u_delay_time/cnt[0]
    SLICE_X1Y49          LUT5 (Prop_lut5_I0_O)        0.045     2.012 r  u_button_debounce/u_delay_time/cnt[28]_i_1/O
                         net (fo=1, routed)           0.000     2.012    u_button_debounce/u_delay_time/cnt_0[28]
    SLICE_X1Y49          FDCE                                         r  u_button_debounce/u_delay_time/cnt_reg[28]/D
  -------------------------------------------------------------------    -------------------

                         (clock sys_clk_pin rise edge)
                                                      0.000     0.000 r  
    W5                                                0.000     0.000 r  clk (IN)
                         net (fo=0)                   0.000     0.000    clk
    W5                   IBUF (Prop_ibuf_I_O)         0.414     0.414 r  clk_IBUF_inst/O
                         net (fo=1, routed)           0.685     1.099    clk_IBUF
    BUFGCTRL_X0Y0        BUFG (Prop_bufg_I_O)         0.029     1.128 r  clk_IBUF_BUFG_inst/O
                         net (fo=34, routed)          0.867     1.994    u_button_debounce/u_delay_time/clk_IBUF_BUFG
    SLICE_X1Y49          FDCE                                         r  u_button_debounce/u_delay_time/cnt_reg[28]/C
                         clock pessimism             -0.244     1.750    
    SLICE_X1Y49          FDCE (Hold_fdce_C_D)         0.091     1.841    u_button_debounce/u_delay_time/cnt_reg[28]
  -------------------------------------------------------------------
                         required time                         -1.841    
                         arrival time                           2.012    
  -------------------------------------------------------------------
                         slack                                  0.171    

Slack (MET) :             0.181ns  (arrival time - required time)
  Source:                 u_button_debounce/u_delay_time/cnt_reg[0]/C
                            (rising edge-triggered cell FDCE clocked by sys_clk_pin  {rise@0.000ns fall@5.000ns period=10.000ns})
  Destination:            u_button_debounce/u_delay_time/cnt_reg[23]/D
                            (rising edge-triggered cell FDCE clocked by sys_clk_pin  {rise@0.000ns fall@5.000ns period=10.000ns})
  Path Group:             sys_clk_pin
  Path Type:              Hold (Min at Fast Process Corner)
  Requirement:            0.000ns  (sys_clk_pin rise@0.000ns - sys_clk_pin rise@0.000ns)
  Data Path Delay:        0.546ns  (logic 0.186ns (34.093%)  route 0.360ns (65.907%))
  Logic Levels:           1  (LUT5=1)
  Clock Path Skew:        0.273ns (DCD - SCD - CPR)
    Destination Clock Delay (DCD):    1.994ns
    Source Clock Delay      (SCD):    1.477ns
    Clock Pessimism Removal (CPR):    0.244ns

    Location             Delay type                Incr(ns)  Path(ns)    Netlist Resource(s)
  -------------------------------------------------------------------    -------------------
                         (clock sys_clk_pin rise edge)
                                                      0.000     0.000 r  
    W5                                                0.000     0.000 r  clk (IN)
                         net (fo=0)                   0.000     0.000    clk
    W5                   IBUF (Prop_ibuf_I_O)         0.226     0.226 r  clk_IBUF_inst/O
                         net (fo=1, routed)           0.631     0.858    clk_IBUF
    BUFGCTRL_X0Y0        BUFG (Prop_bufg_I_O)         0.026     0.884 r  clk_IBUF_BUFG_inst/O
                         net (fo=34, routed)          0.594     1.477    u_button_debounce/u_delay_time/clk_IBUF_BUFG
    SLICE_X1Y50          FDCE                                         r  u_button_debounce/u_delay_time/cnt_reg[0]/C
  -------------------------------------------------------------------    -------------------
    SLICE_X1Y50          FDCE (Prop_fdce_C_Q)         0.141     1.618 r  u_button_debounce/u_delay_time/cnt_reg[0]/Q
                         net (fo=34, routed)          0.360     1.978    u_button_debounce/u_delay_time/cnt[0]
    SLICE_X1Y48          LUT5 (Prop_lut5_I0_O)        0.045     2.023 r  u_button_debounce/u_delay_time/cnt[23]_i_1/O
                         net (fo=1, routed)           0.000     2.023    u_button_debounce/u_delay_time/cnt_0[23]
    SLICE_X1Y48          FDCE                                         r  u_button_debounce/u_delay_time/cnt_reg[23]/D
  -------------------------------------------------------------------    -------------------

                         (clock sys_clk_pin rise edge)
                                                      0.000     0.000 r  
    W5                                                0.000     0.000 r  clk (IN)
                         net (fo=0)                   0.000     0.000    clk
    W5                   IBUF (Prop_ibuf_I_O)         0.414     0.414 r  clk_IBUF_inst/O
                         net (fo=1, routed)           0.685     1.099    clk_IBUF
    BUFGCTRL_X0Y0        BUFG (Prop_bufg_I_O)         0.029     1.128 r  clk_IBUF_BUFG_inst/O
                         net (fo=34, routed)          0.867     1.994    u_button_debounce/u_delay_time/clk_IBUF_BUFG
    SLICE_X1Y48          FDCE                                         r  u_button_debounce/u_delay_time/cnt_reg[23]/C
                         clock pessimism             -0.244     1.750    
    SLICE_X1Y48          FDCE (Hold_fdce_C_D)         0.092     1.842    u_button_debounce/u_delay_time/cnt_reg[23]
  -------------------------------------------------------------------
                         required time                         -1.842    
                         arrival time                           2.023    
  -------------------------------------------------------------------
                         slack                                  0.181    

Slack (MET) :             0.182ns  (arrival time - required time)
  Source:                 u_button_debounce/u_delay_time/cnt_reg[0]/C
                            (rising edge-triggered cell FDCE clocked by sys_clk_pin  {rise@0.000ns fall@5.000ns period=10.000ns})
  Destination:            u_button_debounce/u_delay_time/cnt_reg[24]/D
                            (rising edge-triggered cell FDCE clocked by sys_clk_pin  {rise@0.000ns fall@5.000ns period=10.000ns})
  Path Group:             sys_clk_pin
  Path Type:              Hold (Min at Fast Process Corner)
  Requirement:            0.000ns  (sys_clk_pin rise@0.000ns - sys_clk_pin rise@0.000ns)
  Data Path Delay:        0.547ns  (logic 0.186ns (34.031%)  route 0.361ns (65.969%))
  Logic Levels:           1  (LUT5=1)
  Clock Path Skew:        0.273ns (DCD - SCD - CPR)
    Destination Clock Delay (DCD):    1.994ns
    Source Clock Delay      (SCD):    1.477ns
    Clock Pessimism Removal (CPR):    0.244ns

    Location             Delay type                Incr(ns)  Path(ns)    Netlist Resource(s)
  -------------------------------------------------------------------    -------------------
                         (clock sys_clk_pin rise edge)
                                                      0.000     0.000 r  
    W5                                                0.000     0.000 r  clk (IN)
                         net (fo=0)                   0.000     0.000    clk
    W5                   IBUF (Prop_ibuf_I_O)         0.226     0.226 r  clk_IBUF_inst/O
                         net (fo=1, routed)           0.631     0.858    clk_IBUF
    BUFGCTRL_X0Y0        BUFG (Prop_bufg_I_O)         0.026     0.884 r  clk_IBUF_BUFG_inst/O
                         net (fo=34, routed)          0.594     1.477    u_button_debounce/u_delay_time/clk_IBUF_BUFG
    SLICE_X1Y50          FDCE                                         r  u_button_debounce/u_delay_time/cnt_reg[0]/C
  -------------------------------------------------------------------    -------------------
    SLICE_X1Y50          FDCE (Prop_fdce_C_Q)         0.141     1.618 r  u_button_debounce/u_delay_time/cnt_reg[0]/Q
                         net (fo=34, routed)          0.361     1.979    u_button_debounce/u_delay_time/cnt[0]
    SLICE_X1Y48          LUT5 (Prop_lut5_I0_O)        0.045     2.024 r  u_button_debounce/u_delay_time/cnt[24]_i_1/O
                         net (fo=1, routed)           0.000     2.024    u_button_debounce/u_delay_time/cnt_0[24]
    SLICE_X1Y48          FDCE                                         r  u_button_debounce/u_delay_time/cnt_reg[24]/D
  -------------------------------------------------------------------    -------------------

                         (clock sys_clk_pin rise edge)
                                                      0.000     0.000 r  
    W5                                                0.000     0.000 r  clk (IN)
                         net (fo=0)                   0.000     0.000    clk
    W5                   IBUF (Prop_ibuf_I_O)         0.414     0.414 r  clk_IBUF_inst/O
                         net (fo=1, routed)           0.685     1.099    clk_IBUF
    BUFGCTRL_X0Y0        BUFG (Prop_bufg_I_O)         0.029     1.128 r  clk_IBUF_BUFG_inst/O
                         net (fo=34, routed)          0.867     1.994    u_button_debounce/u_delay_time/clk_IBUF_BUFG
    SLICE_X1Y48          FDCE                                         r  u_button_debounce/u_delay_time/cnt_reg[24]/C
                         clock pessimism             -0.244     1.750    
    SLICE_X1Y48          FDCE (Hold_fdce_C_D)         0.092     1.842    u_button_debounce/u_delay_time/cnt_reg[24]
  -------------------------------------------------------------------
                         required time                         -1.842    
                         arrival time                           2.024    
  -------------------------------------------------------------------
                         slack                                  0.182    

Slack (MET) :             0.188ns  (arrival time - required time)
  Source:                 u_button_debounce/u_delay_time/cnt_reg[0]/C
                            (rising edge-triggered cell FDCE clocked by sys_clk_pin  {rise@0.000ns fall@5.000ns period=10.000ns})
  Destination:            u_button_debounce/u_delay_time/cnt_reg[20]/D
                            (rising edge-triggered cell FDCE clocked by sys_clk_pin  {rise@0.000ns fall@5.000ns period=10.000ns})
  Path Group:             sys_clk_pin
  Path Type:              Hold (Min at Fast Process Corner)
  Requirement:            0.000ns  (sys_clk_pin rise@0.000ns - sys_clk_pin rise@0.000ns)
  Data Path Delay:        0.581ns  (logic 0.186ns (31.992%)  route 0.395ns (68.008%))
  Logic Levels:           1  (LUT5=1)
  Clock Path Skew:        0.273ns (DCD - SCD - CPR)
    Destination Clock Delay (DCD):    1.994ns
    Source Clock Delay      (SCD):    1.477ns
    Clock Pessimism Removal (CPR):    0.244ns

    Location             Delay type                Incr(ns)  Path(ns)    Netlist Resource(s)
  -------------------------------------------------------------------    -------------------
                         (clock sys_clk_pin rise edge)
                                                      0.000     0.000 r  
    W5                                                0.000     0.000 r  clk (IN)
                         net (fo=0)                   0.000     0.000    clk
    W5                   IBUF (Prop_ibuf_I_O)         0.226     0.226 r  clk_IBUF_inst/O
                         net (fo=1, routed)           0.631     0.858    clk_IBUF
    BUFGCTRL_X0Y0        BUFG (Prop_bufg_I_O)         0.026     0.884 r  clk_IBUF_BUFG_inst/O
                         net (fo=34, routed)          0.594     1.477    u_button_debounce/u_delay_time/clk_IBUF_BUFG
    SLICE_X1Y50          FDCE                                         r  u_button_debounce/u_delay_time/cnt_reg[0]/C
  -------------------------------------------------------------------    -------------------
    SLICE_X1Y50          FDCE (Prop_fdce_C_Q)         0.141     1.618 r  u_button_debounce/u_delay_time/cnt_reg[0]/Q
                         net (fo=34, routed)          0.395     2.014    u_button_debounce/u_delay_time/cnt[0]
    SLICE_X2Y47          LUT5 (Prop_lut5_I0_O)        0.045     2.059 r  u_button_debounce/u_delay_time/cnt[20]_i_1/O
                         net (fo=1, routed)           0.000     2.059    u_button_debounce/u_delay_time/cnt_0[20]
    SLICE_X2Y47          FDCE                                         r  u_button_debounce/u_delay_time/cnt_reg[20]/D
  -------------------------------------------------------------------    -------------------

                         (clock sys_clk_pin rise edge)
                                                      0.000     0.000 r  
    W5                                                0.000     0.000 r  clk (IN)
                         net (fo=0)                   0.000     0.000    clk
    W5                   IBUF (Prop_ibuf_I_O)         0.414     0.414 r  clk_IBUF_inst/O
                         net (fo=1, routed)           0.685     1.099    clk_IBUF
    BUFGCTRL_X0Y0        BUFG (Prop_bufg_I_O)         0.029     1.128 r  clk_IBUF_BUFG_inst/O
                         net (fo=34, routed)          0.867     1.994    u_button_debounce/u_delay_time/clk_IBUF_BUFG
    SLICE_X2Y47          FDCE                                         r  u_button_debounce/u_delay_time/cnt_reg[20]/C
                         clock pessimism             -0.244     1.750    
    SLICE_X2Y47          FDCE (Hold_fdce_C_D)         0.120     1.870    u_button_debounce/u_delay_time/cnt_reg[20]
  -------------------------------------------------------------------
                         required time                         -1.870    
                         arrival time                           2.059    
  -------------------------------------------------------------------
                         slack                                  0.188    

Slack (MET) :             0.193ns  (arrival time - required time)
  Source:                 u_button_debounce/u_delay_time/delay_out_reg/C
                            (rising edge-triggered cell FDCE clocked by sys_clk_pin  {rise@0.000ns fall@5.000ns period=10.000ns})
  Destination:            u_button_debounce/o_clean_btn_reg/D
                            (rising edge-triggered cell FDCE clocked by sys_clk_pin  {rise@0.000ns fall@5.000ns period=10.000ns})
  Path Group:             sys_clk_pin
  Path Type:              Hold (Min at Fast Process Corner)
  Requirement:            0.000ns  (sys_clk_pin rise@0.000ns - sys_clk_pin rise@0.000ns)
  Data Path Delay:        0.268ns  (logic 0.141ns (52.559%)  route 0.127ns (47.441%))
  Logic Levels:           0  
  Clock Path Skew:        0.000ns (DCD - SCD - CPR)
    Destination Clock Delay (DCD):    1.993ns
    Source Clock Delay      (SCD):    1.478ns
    Clock Pessimism Removal (CPR):    0.515ns

    Location             Delay type                Incr(ns)  Path(ns)    Netlist Resource(s)
  -------------------------------------------------------------------    -------------------
                         (clock sys_clk_pin rise edge)
                                                      0.000     0.000 r  
    W5                                                0.000     0.000 r  clk (IN)
                         net (fo=0)                   0.000     0.000    clk
    W5                   IBUF (Prop_ibuf_I_O)         0.226     0.226 r  clk_IBUF_inst/O
                         net (fo=1, routed)           0.631     0.858    clk_IBUF
    BUFGCTRL_X0Y0        BUFG (Prop_bufg_I_O)         0.026     0.884 r  clk_IBUF_BUFG_inst/O
                         net (fo=34, routed)          0.595     1.478    u_button_debounce/u_delay_time/clk_IBUF_BUFG
    SLICE_X1Y43          FDCE                                         r  u_button_debounce/u_delay_time/delay_out_reg/C
  -------------------------------------------------------------------    -------------------
    SLICE_X1Y43          FDCE (Prop_fdce_C_Q)         0.141     1.619 r  u_button_debounce/u_delay_time/delay_out_reg/Q
                         net (fo=2, routed)           0.127     1.746    u_button_debounce/delay_out
    SLICE_X1Y43          FDCE                                         r  u_button_debounce/o_clean_btn_reg/D
  -------------------------------------------------------------------    -------------------

                         (clock sys_clk_pin rise edge)
                                                      0.000     0.000 r  
    W5                                                0.000     0.000 r  clk (IN)
                         net (fo=0)                   0.000     0.000    clk
    W5                   IBUF (Prop_ibuf_I_O)         0.414     0.414 r  clk_IBUF_inst/O
                         net (fo=1, routed)           0.685     1.099    clk_IBUF
    BUFGCTRL_X0Y0        BUFG (Prop_bufg_I_O)         0.029     1.128 r  clk_IBUF_BUFG_inst/O
                         net (fo=34, routed)          0.866     1.993    u_button_debounce/clk_IBUF_BUFG
    SLICE_X1Y43          FDCE                                         r  u_button_debounce/o_clean_btn_reg/C
                         clock pessimism             -0.515     1.478    
    SLICE_X1Y43          FDCE (Hold_fdce_C_D)         0.075     1.553    u_button_debounce/o_clean_btn_reg
  -------------------------------------------------------------------
                         required time                         -1.553    
                         arrival time                           1.746    
  -------------------------------------------------------------------
                         slack                                  0.193    

Slack (MET) :             0.253ns  (arrival time - required time)
  Source:                 u_button_debounce/u_delay_time/cnt_reg[0]/C
                            (rising edge-triggered cell FDCE clocked by sys_clk_pin  {rise@0.000ns fall@5.000ns period=10.000ns})
  Destination:            u_button_debounce/u_delay_time/cnt_reg[19]/D
                            (rising edge-triggered cell FDCE clocked by sys_clk_pin  {rise@0.000ns fall@5.000ns period=10.000ns})
  Path Group:             sys_clk_pin
  Path Type:              Hold (Min at Fast Process Corner)
  Requirement:            0.000ns  (sys_clk_pin rise@0.000ns - sys_clk_pin rise@0.000ns)
  Data Path Delay:        0.618ns  (logic 0.186ns (30.080%)  route 0.432ns (69.920%))
  Logic Levels:           1  (LUT5=1)
  Clock Path Skew:        0.273ns (DCD - SCD - CPR)
    Destination Clock Delay (DCD):    1.994ns
    Source Clock Delay      (SCD):    1.477ns
    Clock Pessimism Removal (CPR):    0.244ns

    Location             Delay type                Incr(ns)  Path(ns)    Netlist Resource(s)
  -------------------------------------------------------------------    -------------------
                         (clock sys_clk_pin rise edge)
                                                      0.000     0.000 r  
    W5                                                0.000     0.000 r  clk (IN)
                         net (fo=0)                   0.000     0.000    clk
    W5                   IBUF (Prop_ibuf_I_O)         0.226     0.226 r  clk_IBUF_inst/O
                         net (fo=1, routed)           0.631     0.858    clk_IBUF
    BUFGCTRL_X0Y0        BUFG (Prop_bufg_I_O)         0.026     0.884 r  clk_IBUF_BUFG_inst/O
                         net (fo=34, routed)          0.594     1.477    u_button_debounce/u_delay_time/clk_IBUF_BUFG
    SLICE_X1Y50          FDCE                                         r  u_button_debounce/u_delay_time/cnt_reg[0]/C
  -------------------------------------------------------------------    -------------------
    SLICE_X1Y50          FDCE (Prop_fdce_C_Q)         0.141     1.618 r  u_button_debounce/u_delay_time/cnt_reg[0]/Q
                         net (fo=34, routed)          0.432     2.051    u_button_debounce/u_delay_time/cnt[0]
    SLICE_X1Y47          LUT5 (Prop_lut5_I0_O)        0.045     2.096 r  u_button_debounce/u_delay_time/cnt[19]_i_1/O
                         net (fo=1, routed)           0.000     2.096    u_button_debounce/u_delay_time/cnt_0[19]
    SLICE_X1Y47          FDCE                                         r  u_button_debounce/u_delay_time/cnt_reg[19]/D
  -------------------------------------------------------------------    -------------------

                         (clock sys_clk_pin rise edge)
                                                      0.000     0.000 r  
    W5                                                0.000     0.000 r  clk (IN)
                         net (fo=0)                   0.000     0.000    clk
    W5                   IBUF (Prop_ibuf_I_O)         0.414     0.414 r  clk_IBUF_inst/O
                         net (fo=1, routed)           0.685     1.099    clk_IBUF
    BUFGCTRL_X0Y0        BUFG (Prop_bufg_I_O)         0.029     1.128 r  clk_IBUF_BUFG_inst/O
                         net (fo=34, routed)          0.867     1.994    u_button_debounce/u_delay_time/clk_IBUF_BUFG
    SLICE_X1Y47          FDCE                                         r  u_button_debounce/u_delay_time/cnt_reg[19]/C
                         clock pessimism             -0.244     1.750    
    SLICE_X1Y47          FDCE (Hold_fdce_C_D)         0.092     1.842    u_button_debounce/u_delay_time/cnt_reg[19]
  -------------------------------------------------------------------
                         required time                         -1.842    
                         arrival time                           2.096    
  -------------------------------------------------------------------
                         slack                                  0.253    

Slack (MET) :             0.261ns  (arrival time - required time)
  Source:                 u_button_debounce/u_delay_time/cnt_reg[0]/C
                            (rising edge-triggered cell FDCE clocked by sys_clk_pin  {rise@0.000ns fall@5.000ns period=10.000ns})
  Destination:            u_button_debounce/u_delay_time/cnt_reg[14]/D
                            (rising edge-triggered cell FDCE clocked by sys_clk_pin  {rise@0.000ns fall@5.000ns period=10.000ns})
  Path Group:             sys_clk_pin
  Path Type:              Hold (Min at Fast Process Corner)
  Requirement:            0.000ns  (sys_clk_pin rise@0.000ns - sys_clk_pin rise@0.000ns)
  Data Path Delay:        0.624ns  (logic 0.186ns (29.793%)  route 0.438ns (70.207%))
  Logic Levels:           1  (LUT5=1)
  Clock Path Skew:        0.272ns (DCD - SCD - CPR)
    Destination Clock Delay (DCD):    1.993ns
    Source Clock Delay      (SCD):    1.477ns
    Clock Pessimism Removal (CPR):    0.244ns

    Location             Delay type                Incr(ns)  Path(ns)    Netlist Resource(s)
  -------------------------------------------------------------------    -------------------
                         (clock sys_clk_pin rise edge)
                                                      0.000     0.000 r  
    W5                                                0.000     0.000 r  clk (IN)
                         net (fo=0)                   0.000     0.000    clk
    W5                   IBUF (Prop_ibuf_I_O)         0.226     0.226 r  clk_IBUF_inst/O
                         net (fo=1, routed)           0.631     0.858    clk_IBUF
    BUFGCTRL_X0Y0        BUFG (Prop_bufg_I_O)         0.026     0.884 r  clk_IBUF_BUFG_inst/O
                         net (fo=34, routed)          0.594     1.477    u_button_debounce/u_delay_time/clk_IBUF_BUFG
    SLICE_X1Y50          FDCE                                         r  u_button_debounce/u_delay_time/cnt_reg[0]/C
  -------------------------------------------------------------------    -------------------
    SLICE_X1Y50          FDCE (Prop_fdce_C_Q)         0.141     1.618 r  u_button_debounce/u_delay_time/cnt_reg[0]/Q
                         net (fo=34, routed)          0.438     2.057    u_button_debounce/u_delay_time/cnt[0]
    SLICE_X1Y46          LUT5 (Prop_lut5_I0_O)        0.045     2.102 r  u_button_debounce/u_delay_time/cnt[14]_i_1/O
                         net (fo=1, routed)           0.000     2.102    u_button_debounce/u_delay_time/cnt_0[14]
    SLICE_X1Y46          FDCE                                         r  u_button_debounce/u_delay_time/cnt_reg[14]/D
  -------------------------------------------------------------------    -------------------

                         (clock sys_clk_pin rise edge)
                                                      0.000     0.000 r  
    W5                                                0.000     0.000 r  clk (IN)
                         net (fo=0)                   0.000     0.000    clk
    W5                   IBUF (Prop_ibuf_I_O)         0.414     0.414 r  clk_IBUF_inst/O
                         net (fo=1, routed)           0.685     1.099    clk_IBUF
    BUFGCTRL_X0Y0        BUFG (Prop_bufg_I_O)         0.029     1.128 r  clk_IBUF_BUFG_inst/O
                         net (fo=34, routed)          0.866     1.993    u_button_debounce/u_delay_time/clk_IBUF_BUFG
    SLICE_X1Y46          FDCE                                         r  u_button_debounce/u_delay_time/cnt_reg[14]/C
                         clock pessimism             -0.244     1.749    
    SLICE_X1Y46          FDCE (Hold_fdce_C_D)         0.091     1.840    u_button_debounce/u_delay_time/cnt_reg[14]
  -------------------------------------------------------------------
                         required time                         -1.840    
                         arrival time                           2.102    
  -------------------------------------------------------------------
                         slack                                  0.261    

Slack (MET) :             0.273ns  (arrival time - required time)
  Source:                 u_button_debounce/u_delay_time/cnt_reg[31]/C
                            (rising edge-triggered cell FDCE clocked by sys_clk_pin  {rise@0.000ns fall@5.000ns period=10.000ns})
  Destination:            u_button_debounce/u_delay_time/cnt_reg[22]/D
                            (rising edge-triggered cell FDCE clocked by sys_clk_pin  {rise@0.000ns fall@5.000ns period=10.000ns})
  Path Group:             sys_clk_pin
  Path Type:              Hold (Min at Fast Process Corner)
  Requirement:            0.000ns  (sys_clk_pin rise@0.000ns - sys_clk_pin rise@0.000ns)
  Data Path Delay:        0.638ns  (logic 0.231ns (36.189%)  route 0.407ns (63.811%))
  Logic Levels:           2  (LUT5=1 LUT6=1)
  Clock Path Skew:        0.273ns (DCD - SCD - CPR)
    Destination Clock Delay (DCD):    1.994ns
    Source Clock Delay      (SCD):    1.477ns
    Clock Pessimism Removal (CPR):    0.244ns

    Location             Delay type                Incr(ns)  Path(ns)    Netlist Resource(s)
  -------------------------------------------------------------------    -------------------
                         (clock sys_clk_pin rise edge)
                                                      0.000     0.000 r  
    W5                                                0.000     0.000 r  clk (IN)
                         net (fo=0)                   0.000     0.000    clk
    W5                   IBUF (Prop_ibuf_I_O)         0.226     0.226 r  clk_IBUF_inst/O
                         net (fo=1, routed)           0.631     0.858    clk_IBUF
    BUFGCTRL_X0Y0        BUFG (Prop_bufg_I_O)         0.026     0.884 r  clk_IBUF_BUFG_inst/O
                         net (fo=34, routed)          0.594     1.477    u_button_debounce/u_delay_time/clk_IBUF_BUFG
    SLICE_X1Y50          FDCE                                         r  u_button_debounce/u_delay_time/cnt_reg[31]/C
  -------------------------------------------------------------------    -------------------
    SLICE_X1Y50          FDCE (Prop_fdce_C_Q)         0.141     1.618 r  u_button_debounce/u_delay_time/cnt_reg[31]/Q
                         net (fo=2, routed)           0.230     1.848    u_button_debounce/u_delay_time/cnt[31]
    SLICE_X1Y49          LUT6 (Prop_lut6_I2_O)        0.045     1.893 r  u_button_debounce/u_delay_time/cnt[31]_i_4/O
                         net (fo=33, routed)          0.178     2.071    u_button_debounce/u_delay_time/cnt[31]_i_4_n_0
    SLICE_X1Y48          LUT5 (Prop_lut5_I3_O)        0.045     2.116 r  u_button_debounce/u_delay_time/cnt[22]_i_1/O
                         net (fo=1, routed)           0.000     2.116    u_button_debounce/u_delay_time/cnt_0[22]
    SLICE_X1Y48          FDCE                                         r  u_button_debounce/u_delay_time/cnt_reg[22]/D
  -------------------------------------------------------------------    -------------------

                         (clock sys_clk_pin rise edge)
                                                      0.000     0.000 r  
    W5                                                0.000     0.000 r  clk (IN)
                         net (fo=0)                   0.000     0.000    clk
    W5                   IBUF (Prop_ibuf_I_O)         0.414     0.414 r  clk_IBUF_inst/O
                         net (fo=1, routed)           0.685     1.099    clk_IBUF
    BUFGCTRL_X0Y0        BUFG (Prop_bufg_I_O)         0.029     1.128 r  clk_IBUF_BUFG_inst/O
                         net (fo=34, routed)          0.867     1.994    u_button_debounce/u_delay_time/clk_IBUF_BUFG
    SLICE_X1Y48          FDCE                                         r  u_button_debounce/u_delay_time/cnt_reg[22]/C
                         clock pessimism             -0.244     1.750    
    SLICE_X1Y48          FDCE (Hold_fdce_C_D)         0.092     1.842    u_button_debounce/u_delay_time/cnt_reg[22]
  -------------------------------------------------------------------
                         required time                         -1.842    
                         arrival time                           2.116    
  -------------------------------------------------------------------
                         slack                                  0.273    





Pulse Width Checks
--------------------------------------------------------------------------------------
Clock Name:         sys_clk_pin
Waveform(ns):       { 0.000 5.000 }
Period(ns):         10.000
Sources:            { clk }

Check Type        Corner  Lib Pin  Reference Pin  Required(ns)  Actual(ns)  Slack(ns)  Location       Pin
Min Period        n/a     BUFG/I   n/a            2.155         10.000      7.845      BUFGCTRL_X0Y0  clk_IBUF_BUFG_inst/I
Min Period        n/a     FDCE/C   n/a            1.000         10.000      9.000      SLICE_X1Y43    u_button_debounce/o_clean_btn_reg/C
Min Period        n/a     FDCE/C   n/a            1.000         10.000      9.000      SLICE_X1Y50    u_button_debounce/u_delay_time/cnt_reg[0]/C
Min Period        n/a     FDCE/C   n/a            1.000         10.000      9.000      SLICE_X1Y45    u_button_debounce/u_delay_time/cnt_reg[10]/C
Min Period        n/a     FDCE/C   n/a            1.000         10.000      9.000      SLICE_X1Y45    u_button_debounce/u_delay_time/cnt_reg[11]/C
Min Period        n/a     FDCE/C   n/a            1.000         10.000      9.000      SLICE_X2Y45    u_button_debounce/u_delay_time/cnt_reg[12]/C
Min Period        n/a     FDCE/C   n/a            1.000         10.000      9.000      SLICE_X1Y45    u_button_debounce/u_delay_time/cnt_reg[13]/C
Min Period        n/a     FDCE/C   n/a            1.000         10.000      9.000      SLICE_X1Y46    u_button_debounce/u_delay_time/cnt_reg[14]/C
Min Period        n/a     FDCE/C   n/a            1.000         10.000      9.000      SLICE_X1Y46    u_button_debounce/u_delay_time/cnt_reg[15]/C
Min Period        n/a     FDCE/C   n/a            1.000         10.000      9.000      SLICE_X1Y46    u_button_debounce/u_delay_time/cnt_reg[16]/C
Low Pulse Width   Slow    FDCE/C   n/a            0.500         5.000       4.500      SLICE_X1Y43    u_button_debounce/o_clean_btn_reg/C
Low Pulse Width   Fast    FDCE/C   n/a            0.500         5.000       4.500      SLICE_X1Y43    u_button_debounce/o_clean_btn_reg/C
Low Pulse Width   Slow    FDCE/C   n/a            0.500         5.000       4.500      SLICE_X1Y50    u_button_debounce/u_delay_time/cnt_reg[0]/C
Low Pulse Width   Fast    FDCE/C   n/a            0.500         5.000       4.500      SLICE_X1Y50    u_button_debounce/u_delay_time/cnt_reg[0]/C
Low Pulse Width   Slow    FDCE/C   n/a            0.500         5.000       4.500      SLICE_X1Y45    u_button_debounce/u_delay_time/cnt_reg[10]/C
Low Pulse Width   Fast    FDCE/C   n/a            0.500         5.000       4.500      SLICE_X1Y45    u_button_debounce/u_delay_time/cnt_reg[10]/C
Low Pulse Width   Slow    FDCE/C   n/a            0.500         5.000       4.500      SLICE_X1Y45    u_button_debounce/u_delay_time/cnt_reg[11]/C
Low Pulse Width   Fast    FDCE/C   n/a            0.500         5.000       4.500      SLICE_X1Y45    u_button_debounce/u_delay_time/cnt_reg[11]/C
Low Pulse Width   Slow    FDCE/C   n/a            0.500         5.000       4.500      SLICE_X2Y45    u_button_debounce/u_delay_time/cnt_reg[12]/C
Low Pulse Width   Fast    FDCE/C   n/a            0.500         5.000       4.500      SLICE_X2Y45    u_button_debounce/u_delay_time/cnt_reg[12]/C
High Pulse Width  Slow    FDCE/C   n/a            0.500         5.000       4.500      SLICE_X1Y43    u_button_debounce/o_clean_btn_reg/C
High Pulse Width  Fast    FDCE/C   n/a            0.500         5.000       4.500      SLICE_X1Y43    u_button_debounce/o_clean_btn_reg/C
High Pulse Width  Slow    FDCE/C   n/a            0.500         5.000       4.500      SLICE_X1Y50    u_button_debounce/u_delay_time/cnt_reg[0]/C
High Pulse Width  Fast    FDCE/C   n/a            0.500         5.000       4.500      SLICE_X1Y50    u_button_debounce/u_delay_time/cnt_reg[0]/C
High Pulse Width  Slow    FDCE/C   n/a            0.500         5.000       4.500      SLICE_X1Y45    u_button_debounce/u_delay_time/cnt_reg[10]/C
High Pulse Width  Fast    FDCE/C   n/a            0.500         5.000       4.500      SLICE_X1Y45    u_button_debounce/u_delay_time/cnt_reg[10]/C
High Pulse Width  Slow    FDCE/C   n/a            0.500         5.000       4.500      SLICE_X1Y45    u_button_debounce/u_delay_time/cnt_reg[11]/C
High Pulse Width  Fast    FDCE/C   n/a            0.500         5.000       4.500      SLICE_X1Y45    u_button_debounce/u_delay_time/cnt_reg[11]/C
High Pulse Width  Slow    FDCE/C   n/a            0.500         5.000       4.500      SLICE_X2Y45    u_button_debounce/u_delay_time/cnt_reg[12]/C
High Pulse Width  Fast    FDCE/C   n/a            0.500         5.000       4.500      SLICE_X2Y45    u_button_debounce/u_delay_time/cnt_reg[12]/C



