Copyright 1986-2021 Xilinx, Inc. All Rights Reserved.
-----------------------------------------------------------------------------------------------------------------------------------------------------------------------------------------------------------------------
| Tool Version : Vivado v.2021.1 (win64) Build 3247384 Thu Jun 10 19:36:33 MDT 2021
| Date         : Thu Feb 26 15:28:07 2026
| Host         : DESKTOP-0G8LKRK running 64-bit major release  (build 9200)
| Command      : report_timing_summary -max_paths 10 -file top_pwm_dc_motor_timing_summary_routed.rpt -pb top_pwm_dc_motor_timing_summary_routed.pb -rpx top_pwm_dc_motor_timing_summary_routed.rpx -warn_on_violation
| Design       : top_pwm_dc_motor
| Device       : 7a35t-cpg236
| Speed File   : -1  PRODUCTION 1.23 2018-06-13
-----------------------------------------------------------------------------------------------------------------------------------------------------------------------------------------------------------------------

Timing Summary Report

------------------------------------------------------------------------------------------------
| Timer Settings
| --------------
------------------------------------------------------------------------------------------------

  Enable Multi Corner Analysis               :  Yes
  Enable Pessimism Removal                   :  Yes
  Pessimism Removal Resolution               :  Nearest Common Node
  Enable Input Delay Default Clock           :  No
  Enable Preset / Clear Arcs                 :  No
  Disable Flight Delays                      :  No
  Ignore I/O Paths                           :  No
  Timing Early Launch at Borrowing Latches   :  No
  Borrow Time for Max Delay Exceptions       :  Yes
  Merge Timing Exceptions                    :  Yes

  Corner  Analyze    Analyze    
  Name    Max Paths  Min Paths  
  ------  ---------  ---------  
  Slow    Yes        Yes        
  Fast    Yes        Yes        


------------------------------------------------------------------------------------------------
| Report Methodology
| ------------------
------------------------------------------------------------------------------------------------

Rule       Severity  Description                    Violations  
---------  --------  -----------------------------  ----------  
TIMING-18  Warning   Missing input or output delay  17          

Note: This report is based on the most recent report_methodology run and may not be up-to-date. Run report_methodology on the current design for the latest report.



check_timing report

Table of Contents
-----------------
1. checking no_clock (0)
2. checking constant_clock (0)
3. checking pulse_width_clock (0)
4. checking unconstrained_internal_endpoints (0)
5. checking no_input_delay (3)
6. checking no_output_delay (13)
7. checking multiple_clock (0)
8. checking generated_clocks (0)
9. checking loops (0)
10. checking partial_input_delay (0)
11. checking partial_output_delay (0)
12. checking latch_loops (0)

1. checking no_clock (0)
------------------------
 There are 0 register/latch pins with no clock.


2. checking constant_clock (0)
------------------------------
 There are 0 register/latch pins with constant_clock.


3. checking pulse_width_clock (0)
---------------------------------
 There are 0 register/latch pins which need pulse_width check


4. checking unconstrained_internal_endpoints (0)
------------------------------------------------
 There are 0 pins that are not constrained for maximum delay.

 There are 0 pins that are not constrained for maximum delay due to constant clock.


5. checking no_input_delay (3)
------------------------------
 There are 3 input ports with no input delay specified. (HIGH)

 There are 0 input ports with no input delay but user has a false path constraint.


6. checking no_output_delay (13)
--------------------------------
 There are 13 ports with no output delay specified. (HIGH)

 There are 0 ports with no output delay but user has a false path constraint

 There are 0 ports with no output delay but with a timing clock defined on it or propagating through it


7. checking multiple_clock (0)
------------------------------
 There are 0 register/latch pins with multiple clocks.


8. checking generated_clocks (0)
--------------------------------
 There are 0 generated clocks that are not connected to a clock source.


9. checking loops (0)
---------------------
 There are 0 combinational loops in the design.


10. checking partial_input_delay (0)
------------------------------------
 There are 0 input ports with partial input delay specified.


11. checking partial_output_delay (0)
-------------------------------------
 There are 0 ports with partial output delay specified.


12. checking latch_loops (0)
----------------------------
 There are 0 combinational latch loops in the design through latch input



------------------------------------------------------------------------------------------------
| Design Timing Summary
| ---------------------
------------------------------------------------------------------------------------------------

    WNS(ns)      TNS(ns)  TNS Failing Endpoints  TNS Total Endpoints      WHS(ns)      THS(ns)  THS Failing Endpoints  THS Total Endpoints     WPWS(ns)     TPWS(ns)  TPWS Failing Endpoints  TPWS Total Endpoints  
    -------      -------  ---------------------  -------------------      -------      -------  ---------------------  -------------------     --------     --------  ----------------------  --------------------  
      6.192        0.000                      0                  105        0.203        0.000                      0                  105        4.500        0.000                       0                   102  


All user specified timing constraints are met.


------------------------------------------------------------------------------------------------
| Clock Summary
| -------------
------------------------------------------------------------------------------------------------

Clock        Waveform(ns)       Period(ns)      Frequency(MHz)
-----        ------------       ----------      --------------
sys_clk_pin  {0.000 5.000}      10.000          100.000         


------------------------------------------------------------------------------------------------
| Intra Clock Table
| -----------------
------------------------------------------------------------------------------------------------

Clock             WNS(ns)      TNS(ns)  TNS Failing Endpoints  TNS Total Endpoints      WHS(ns)      THS(ns)  THS Failing Endpoints  THS Total Endpoints     WPWS(ns)     TPWS(ns)  TPWS Failing Endpoints  TPWS Total Endpoints  
-----             -------      -------  ---------------------  -------------------      -------      -------  ---------------------  -------------------     --------     --------  ----------------------  --------------------  
sys_clk_pin         6.192        0.000                      0                  105        0.203        0.000                      0                  105        4.500        0.000                       0                   102  


------------------------------------------------------------------------------------------------
| Inter Clock Table
| -----------------
------------------------------------------------------------------------------------------------

From Clock    To Clock          WNS(ns)      TNS(ns)  TNS Failing Endpoints  TNS Total Endpoints      WHS(ns)      THS(ns)  THS Failing Endpoints  THS Total Endpoints  
----------    --------          -------      -------  ---------------------  -------------------      -------      -------  ---------------------  -------------------  


------------------------------------------------------------------------------------------------
| Other Path Groups Table
| -----------------------
------------------------------------------------------------------------------------------------

Path Group    From Clock    To Clock          WNS(ns)      TNS(ns)  TNS Failing Endpoints  TNS Total Endpoints      WHS(ns)      THS(ns)  THS Failing Endpoints  THS Total Endpoints  
----------    ----------    --------          -------      -------  ---------------------  -------------------      -------      -------  ---------------------  -------------------  


------------------------------------------------------------------------------------------------
| Timing Details
| --------------
------------------------------------------------------------------------------------------------


---------------------------------------------------------------------------------------------------
From Clock:  sys_clk_pin
  To Clock:  sys_clk_pin

Setup :            0  Failing Endpoints,  Worst Slack        6.192ns,  Total Violation        0.000ns
Hold  :            0  Failing Endpoints,  Worst Slack        0.203ns,  Total Violation        0.000ns
PW    :            0  Failing Endpoints,  Worst Slack        4.500ns,  Total Violation        0.000ns
---------------------------------------------------------------------------------------------------


Max Delay Paths
--------------------------------------------------------------------------------------
Slack (MET) :             6.192ns  (required time - arrival time)
  Source:                 u_fnd_controller/u_fnd_digit_select/counter_1s_reg[24]/C
                            (rising edge-triggered cell FDCE clocked by sys_clk_pin  {rise@0.000ns fall@5.000ns period=10.000ns})
  Destination:            u_fnd_controller/u_fnd_digit_select/counter_1s_reg[1]/D
                            (rising edge-triggered cell FDCE clocked by sys_clk_pin  {rise@0.000ns fall@5.000ns period=10.000ns})
  Path Group:             sys_clk_pin
  Path Type:              Setup (Max at Slow Process Corner)
  Requirement:            10.000ns  (sys_clk_pin rise@10.000ns - sys_clk_pin rise@0.000ns)
  Data Path Delay:        3.773ns  (logic 0.963ns (25.525%)  route 2.810ns (74.475%))
  Logic Levels:           3  (LUT4=2 LUT6=1)
  Clock Path Skew:        -0.029ns (DCD - SCD + CPR)
    Destination Clock Delay (DCD):    4.848ns = ( 14.848 - 10.000 ) 
    Source Clock Delay      (SCD):    5.151ns
    Clock Pessimism Removal (CPR):    0.274ns
  Clock Uncertainty:      0.035ns  ((TSJ^2 + TIJ^2)^1/2 + DJ) / 2 + PE
    Total System Jitter     (TSJ):    0.071ns
    Total Input Jitter      (TIJ):    0.000ns
    Discrete Jitter          (DJ):    0.000ns
    Phase Error              (PE):    0.000ns

    Location             Delay type                Incr(ns)  Path(ns)    Netlist Resource(s)
  -------------------------------------------------------------------    -------------------
                         (clock sys_clk_pin rise edge)
                                                      0.000     0.000 r  
    W5                                                0.000     0.000 r  clk (IN)
                         net (fo=0)                   0.000     0.000    clk
    W5                   IBUF (Prop_ibuf_I_O)         1.458     1.458 r  clk_IBUF_inst/O
                         net (fo=1, routed)           1.967     3.425    clk_IBUF
    BUFGCTRL_X0Y0        BUFG (Prop_bufg_I_O)         0.096     3.521 r  clk_IBUF_BUFG_inst/O
                         net (fo=101, routed)         1.630     5.151    u_fnd_controller/u_fnd_digit_select/clk_IBUF_BUFG
    SLICE_X63Y33         FDCE                                         r  u_fnd_controller/u_fnd_digit_select/counter_1s_reg[24]/C
  -------------------------------------------------------------------    -------------------
    SLICE_X63Y33         FDCE (Prop_fdce_C_Q)         0.419     5.570 f  u_fnd_controller/u_fnd_digit_select/counter_1s_reg[24]/Q
                         net (fo=2, routed)           0.862     6.432    u_fnd_controller/u_fnd_digit_select/counter_1s[24]
    SLICE_X63Y33         LUT4 (Prop_lut4_I0_O)        0.296     6.728 r  u_fnd_controller/u_fnd_digit_select/counter_1s[27]_i_5/O
                         net (fo=1, routed)           0.404     7.132    u_fnd_controller/u_fnd_digit_select/counter_1s[27]_i_5_n_0
    SLICE_X63Y32         LUT6 (Prop_lut6_I0_O)        0.124     7.256 r  u_fnd_controller/u_fnd_digit_select/counter_1s[27]_i_2/O
                         net (fo=28, routed)          1.544     8.800    u_fnd_controller/u_fnd_digit_select/counter_1s[27]_i_2_n_0
    SLICE_X63Y28         LUT4 (Prop_lut4_I0_O)        0.124     8.924 r  u_fnd_controller/u_fnd_digit_select/counter_1s[1]_i_1/O
                         net (fo=1, routed)           0.000     8.924    u_fnd_controller/u_fnd_digit_select/counter_1s_1[1]
    SLICE_X63Y28         FDCE                                         r  u_fnd_controller/u_fnd_digit_select/counter_1s_reg[1]/D
  -------------------------------------------------------------------    -------------------

                         (clock sys_clk_pin rise edge)
                                                     10.000    10.000 r  
    W5                                                0.000    10.000 r  clk (IN)
                         net (fo=0)                   0.000    10.000    clk
    W5                   IBUF (Prop_ibuf_I_O)         1.388    11.388 r  clk_IBUF_inst/O
                         net (fo=1, routed)           1.862    13.250    clk_IBUF
    BUFGCTRL_X0Y0        BUFG (Prop_bufg_I_O)         0.091    13.341 r  clk_IBUF_BUFG_inst/O
                         net (fo=101, routed)         1.507    14.848    u_fnd_controller/u_fnd_digit_select/clk_IBUF_BUFG
    SLICE_X63Y28         FDCE                                         r  u_fnd_controller/u_fnd_digit_select/counter_1s_reg[1]/C
                         clock pessimism              0.274    15.122    
                         clock uncertainty           -0.035    15.087    
    SLICE_X63Y28         FDCE (Setup_fdce_C_D)        0.029    15.116    u_fnd_controller/u_fnd_digit_select/counter_1s_reg[1]
  -------------------------------------------------------------------
                         required time                         15.116    
                         arrival time                          -8.924    
  -------------------------------------------------------------------
                         slack                                  6.192    

Slack (MET) :             6.210ns  (required time - arrival time)
  Source:                 u_fnd_controller/u_fnd_digit_select/counter_1s_reg[24]/C
                            (rising edge-triggered cell FDCE clocked by sys_clk_pin  {rise@0.000ns fall@5.000ns period=10.000ns})
  Destination:            u_fnd_controller/u_fnd_digit_select/on_off_reg/D
                            (rising edge-triggered cell FDCE clocked by sys_clk_pin  {rise@0.000ns fall@5.000ns period=10.000ns})
  Path Group:             sys_clk_pin
  Path Type:              Setup (Max at Slow Process Corner)
  Requirement:            10.000ns  (sys_clk_pin rise@10.000ns - sys_clk_pin rise@0.000ns)
  Data Path Delay:        3.801ns  (logic 0.991ns (26.073%)  route 2.810ns (73.927%))
  Logic Levels:           3  (LUT4=2 LUT6=1)
  Clock Path Skew:        -0.029ns (DCD - SCD + CPR)
    Destination Clock Delay (DCD):    4.848ns = ( 14.848 - 10.000 ) 
    Source Clock Delay      (SCD):    5.151ns
    Clock Pessimism Removal (CPR):    0.274ns
  Clock Uncertainty:      0.035ns  ((TSJ^2 + TIJ^2)^1/2 + DJ) / 2 + PE
    Total System Jitter     (TSJ):    0.071ns
    Total Input Jitter      (TIJ):    0.000ns
    Discrete Jitter          (DJ):    0.000ns
    Phase Error              (PE):    0.000ns

    Location             Delay type                Incr(ns)  Path(ns)    Netlist Resource(s)
  -------------------------------------------------------------------    -------------------
                         (clock sys_clk_pin rise edge)
                                                      0.000     0.000 r  
    W5                                                0.000     0.000 r  clk (IN)
                         net (fo=0)                   0.000     0.000    clk
    W5                   IBUF (Prop_ibuf_I_O)         1.458     1.458 r  clk_IBUF_inst/O
                         net (fo=1, routed)           1.967     3.425    clk_IBUF
    BUFGCTRL_X0Y0        BUFG (Prop_bufg_I_O)         0.096     3.521 r  clk_IBUF_BUFG_inst/O
                         net (fo=101, routed)         1.630     5.151    u_fnd_controller/u_fnd_digit_select/clk_IBUF_BUFG
    SLICE_X63Y33         FDCE                                         r  u_fnd_controller/u_fnd_digit_select/counter_1s_reg[24]/C
  -------------------------------------------------------------------    -------------------
    SLICE_X63Y33         FDCE (Prop_fdce_C_Q)         0.419     5.570 f  u_fnd_controller/u_fnd_digit_select/counter_1s_reg[24]/Q
                         net (fo=2, routed)           0.862     6.432    u_fnd_controller/u_fnd_digit_select/counter_1s[24]
    SLICE_X63Y33         LUT4 (Prop_lut4_I0_O)        0.296     6.728 r  u_fnd_controller/u_fnd_digit_select/counter_1s[27]_i_5/O
                         net (fo=1, routed)           0.404     7.132    u_fnd_controller/u_fnd_digit_select/counter_1s[27]_i_5_n_0
    SLICE_X63Y32         LUT6 (Prop_lut6_I0_O)        0.124     7.256 r  u_fnd_controller/u_fnd_digit_select/counter_1s[27]_i_2/O
                         net (fo=28, routed)          1.544     8.800    u_fnd_controller/u_fnd_digit_select/counter_1s[27]_i_2_n_0
    SLICE_X63Y28         LUT4 (Prop_lut4_I0_O)        0.152     8.952 r  u_fnd_controller/u_fnd_digit_select/on_off_i_1/O
                         net (fo=1, routed)           0.000     8.952    u_fnd_controller/u_fnd_digit_select/on_off_i_1_n_0
    SLICE_X63Y28         FDCE                                         r  u_fnd_controller/u_fnd_digit_select/on_off_reg/D
  -------------------------------------------------------------------    -------------------

                         (clock sys_clk_pin rise edge)
                                                     10.000    10.000 r  
    W5                                                0.000    10.000 r  clk (IN)
                         net (fo=0)                   0.000    10.000    clk
    W5                   IBUF (Prop_ibuf_I_O)         1.388    11.388 r  clk_IBUF_inst/O
                         net (fo=1, routed)           1.862    13.250    clk_IBUF
    BUFGCTRL_X0Y0        BUFG (Prop_bufg_I_O)         0.091    13.341 r  clk_IBUF_BUFG_inst/O
                         net (fo=101, routed)         1.507    14.848    u_fnd_controller/u_fnd_digit_select/clk_IBUF_BUFG
    SLICE_X63Y28         FDCE                                         r  u_fnd_controller/u_fnd_digit_select/on_off_reg/C
                         clock pessimism              0.274    15.122    
                         clock uncertainty           -0.035    15.087    
    SLICE_X63Y28         FDCE (Setup_fdce_C_D)        0.075    15.162    u_fnd_controller/u_fnd_digit_select/on_off_reg
  -------------------------------------------------------------------
                         required time                         15.162    
                         arrival time                          -8.952    
  -------------------------------------------------------------------
                         slack                                  6.210    

Slack (MET) :             6.237ns  (required time - arrival time)
  Source:                 u_fnd_controller/u_fnd_digit_select/counter_1s_reg[3]/C
                            (rising edge-triggered cell FDCE clocked by sys_clk_pin  {rise@0.000ns fall@5.000ns period=10.000ns})
  Destination:            u_fnd_controller/u_fnd_digit_select/counter_1s_reg[25]/D
                            (rising edge-triggered cell FDCE clocked by sys_clk_pin  {rise@0.000ns fall@5.000ns period=10.000ns})
  Path Group:             sys_clk_pin
  Path Type:              Setup (Max at Slow Process Corner)
  Requirement:            10.000ns  (sys_clk_pin rise@10.000ns - sys_clk_pin rise@0.000ns)
  Data Path Delay:        3.785ns  (logic 2.233ns (58.995%)  route 1.552ns (41.005%))
  Logic Levels:           8  (CARRY4=7 LUT4=1)
  Clock Path Skew:        -0.018ns (DCD - SCD + CPR)
    Destination Clock Delay (DCD):    4.853ns = ( 14.853 - 10.000 ) 
    Source Clock Delay      (SCD):    5.145ns
    Clock Pessimism Removal (CPR):    0.274ns
  Clock Uncertainty:      0.035ns  ((TSJ^2 + TIJ^2)^1/2 + DJ) / 2 + PE
    Total System Jitter     (TSJ):    0.071ns
    Total Input Jitter      (TIJ):    0.000ns
    Discrete Jitter          (DJ):    0.000ns
    Phase Error              (PE):    0.000ns

    Location             Delay type                Incr(ns)  Path(ns)    Netlist Resource(s)
  -------------------------------------------------------------------    -------------------
                         (clock sys_clk_pin rise edge)
                                                      0.000     0.000 r  
    W5                                                0.000     0.000 r  clk (IN)
                         net (fo=0)                   0.000     0.000    clk
    W5                   IBUF (Prop_ibuf_I_O)         1.458     1.458 r  clk_IBUF_inst/O
                         net (fo=1, routed)           1.967     3.425    clk_IBUF
    BUFGCTRL_X0Y0        BUFG (Prop_bufg_I_O)         0.096     3.521 r  clk_IBUF_BUFG_inst/O
                         net (fo=101, routed)         1.624     5.145    u_fnd_controller/u_fnd_digit_select/clk_IBUF_BUFG
    SLICE_X63Y28         FDCE                                         r  u_fnd_controller/u_fnd_digit_select/counter_1s_reg[3]/C
  -------------------------------------------------------------------    -------------------
    SLICE_X63Y28         FDCE (Prop_fdce_C_Q)         0.419     5.564 r  u_fnd_controller/u_fnd_digit_select/counter_1s_reg[3]/Q
                         net (fo=2, routed)           0.611     6.175    u_fnd_controller/u_fnd_digit_select/counter_1s[3]
    SLICE_X62Y28         CARRY4 (Prop_carry4_S[2]_CO[3])
                                                      0.695     6.870 r  u_fnd_controller/u_fnd_digit_select/counter_1s0_carry/CO[3]
                         net (fo=1, routed)           0.000     6.870    u_fnd_controller/u_fnd_digit_select/counter_1s0_carry_n_0
    SLICE_X62Y29         CARRY4 (Prop_carry4_CI_CO[3])
                                                      0.114     6.984 r  u_fnd_controller/u_fnd_digit_select/counter_1s0_carry__0/CO[3]
                         net (fo=1, routed)           0.000     6.984    u_fnd_controller/u_fnd_digit_select/counter_1s0_carry__0_n_0
    SLICE_X62Y30         CARRY4 (Prop_carry4_CI_CO[3])
                                                      0.114     7.098 r  u_fnd_controller/u_fnd_digit_select/counter_1s0_carry__1/CO[3]
                         net (fo=1, routed)           0.000     7.098    u_fnd_controller/u_fnd_digit_select/counter_1s0_carry__1_n_0
    SLICE_X62Y31         CARRY4 (Prop_carry4_CI_CO[3])
                                                      0.114     7.212 r  u_fnd_controller/u_fnd_digit_select/counter_1s0_carry__2/CO[3]
                         net (fo=1, routed)           0.000     7.212    u_fnd_controller/u_fnd_digit_select/counter_1s0_carry__2_n_0
    SLICE_X62Y32         CARRY4 (Prop_carry4_CI_CO[3])
                                                      0.114     7.326 r  u_fnd_controller/u_fnd_digit_select/counter_1s0_carry__3/CO[3]
                         net (fo=1, routed)           0.000     7.326    u_fnd_controller/u_fnd_digit_select/counter_1s0_carry__3_n_0
    SLICE_X62Y33         CARRY4 (Prop_carry4_CI_CO[3])
                                                      0.114     7.440 r  u_fnd_controller/u_fnd_digit_select/counter_1s0_carry__4/CO[3]
                         net (fo=1, routed)           0.000     7.440    u_fnd_controller/u_fnd_digit_select/counter_1s0_carry__4_n_0
    SLICE_X62Y34         CARRY4 (Prop_carry4_CI_O[0])
                                                      0.222     7.662 r  u_fnd_controller/u_fnd_digit_select/counter_1s0_carry__5/O[0]
                         net (fo=1, routed)           0.941     8.603    u_fnd_controller/u_fnd_digit_select/counter_1s0_carry__5_n_7
    SLICE_X63Y33         LUT4 (Prop_lut4_I3_O)        0.327     8.930 r  u_fnd_controller/u_fnd_digit_select/counter_1s[25]_i_1/O
                         net (fo=1, routed)           0.000     8.930    u_fnd_controller/u_fnd_digit_select/counter_1s_1[25]
    SLICE_X63Y33         FDCE                                         r  u_fnd_controller/u_fnd_digit_select/counter_1s_reg[25]/D
  -------------------------------------------------------------------    -------------------

                         (clock sys_clk_pin rise edge)
                                                     10.000    10.000 r  
    W5                                                0.000    10.000 r  clk (IN)
                         net (fo=0)                   0.000    10.000    clk
    W5                   IBUF (Prop_ibuf_I_O)         1.388    11.388 r  clk_IBUF_inst/O
                         net (fo=1, routed)           1.862    13.250    clk_IBUF
    BUFGCTRL_X0Y0        BUFG (Prop_bufg_I_O)         0.091    13.341 r  clk_IBUF_BUFG_inst/O
                         net (fo=101, routed)         1.512    14.853    u_fnd_controller/u_fnd_digit_select/clk_IBUF_BUFG
    SLICE_X63Y33         FDCE                                         r  u_fnd_controller/u_fnd_digit_select/counter_1s_reg[25]/C
                         clock pessimism              0.274    15.127    
                         clock uncertainty           -0.035    15.092    
    SLICE_X63Y33         FDCE (Setup_fdce_C_D)        0.075    15.167    u_fnd_controller/u_fnd_digit_select/counter_1s_reg[25]
  -------------------------------------------------------------------
                         required time                         15.167    
                         arrival time                          -8.930    
  -------------------------------------------------------------------
                         slack                                  6.237    

Slack (MET) :             6.350ns  (required time - arrival time)
  Source:                 u_fnd_controller/u_fnd_digit_select/counter_1s_reg[3]/C
                            (rising edge-triggered cell FDCE clocked by sys_clk_pin  {rise@0.000ns fall@5.000ns period=10.000ns})
  Destination:            u_fnd_controller/u_fnd_digit_select/counter_1s_reg[21]/D
                            (rising edge-triggered cell FDCE clocked by sys_clk_pin  {rise@0.000ns fall@5.000ns period=10.000ns})
  Path Group:             sys_clk_pin
  Path Type:              Setup (Max at Slow Process Corner)
  Requirement:            10.000ns  (sys_clk_pin rise@10.000ns - sys_clk_pin rise@0.000ns)
  Data Path Delay:        3.671ns  (logic 2.119ns (57.721%)  route 1.552ns (42.279%))
  Logic Levels:           7  (CARRY4=6 LUT4=1)
  Clock Path Skew:        -0.019ns (DCD - SCD + CPR)
    Destination Clock Delay (DCD):    4.852ns = ( 14.852 - 10.000 ) 
    Source Clock Delay      (SCD):    5.145ns
    Clock Pessimism Removal (CPR):    0.274ns
  Clock Uncertainty:      0.035ns  ((TSJ^2 + TIJ^2)^1/2 + DJ) / 2 + PE
    Total System Jitter     (TSJ):    0.071ns
    Total Input Jitter      (TIJ):    0.000ns
    Discrete Jitter          (DJ):    0.000ns
    Phase Error              (PE):    0.000ns

    Location             Delay type                Incr(ns)  Path(ns)    Netlist Resource(s)
  -------------------------------------------------------------------    -------------------
                         (clock sys_clk_pin rise edge)
                                                      0.000     0.000 r  
    W5                                                0.000     0.000 r  clk (IN)
                         net (fo=0)                   0.000     0.000    clk
    W5                   IBUF (Prop_ibuf_I_O)         1.458     1.458 r  clk_IBUF_inst/O
                         net (fo=1, routed)           1.967     3.425    clk_IBUF
    BUFGCTRL_X0Y0        BUFG (Prop_bufg_I_O)         0.096     3.521 r  clk_IBUF_BUFG_inst/O
                         net (fo=101, routed)         1.624     5.145    u_fnd_controller/u_fnd_digit_select/clk_IBUF_BUFG
    SLICE_X63Y28         FDCE                                         r  u_fnd_controller/u_fnd_digit_select/counter_1s_reg[3]/C
  -------------------------------------------------------------------    -------------------
    SLICE_X63Y28         FDCE (Prop_fdce_C_Q)         0.419     5.564 r  u_fnd_controller/u_fnd_digit_select/counter_1s_reg[3]/Q
                         net (fo=2, routed)           0.611     6.175    u_fnd_controller/u_fnd_digit_select/counter_1s[3]
    SLICE_X62Y28         CARRY4 (Prop_carry4_S[2]_CO[3])
                                                      0.695     6.870 r  u_fnd_controller/u_fnd_digit_select/counter_1s0_carry/CO[3]
                         net (fo=1, routed)           0.000     6.870    u_fnd_controller/u_fnd_digit_select/counter_1s0_carry_n_0
    SLICE_X62Y29         CARRY4 (Prop_carry4_CI_CO[3])
                                                      0.114     6.984 r  u_fnd_controller/u_fnd_digit_select/counter_1s0_carry__0/CO[3]
                         net (fo=1, routed)           0.000     6.984    u_fnd_controller/u_fnd_digit_select/counter_1s0_carry__0_n_0
    SLICE_X62Y30         CARRY4 (Prop_carry4_CI_CO[3])
                                                      0.114     7.098 r  u_fnd_controller/u_fnd_digit_select/counter_1s0_carry__1/CO[3]
                         net (fo=1, routed)           0.000     7.098    u_fnd_controller/u_fnd_digit_select/counter_1s0_carry__1_n_0
    SLICE_X62Y31         CARRY4 (Prop_carry4_CI_CO[3])
                                                      0.114     7.212 r  u_fnd_controller/u_fnd_digit_select/counter_1s0_carry__2/CO[3]
                         net (fo=1, routed)           0.000     7.212    u_fnd_controller/u_fnd_digit_select/counter_1s0_carry__2_n_0
    SLICE_X62Y32         CARRY4 (Prop_carry4_CI_CO[3])
                                                      0.114     7.326 r  u_fnd_controller/u_fnd_digit_select/counter_1s0_carry__3/CO[3]
                         net (fo=1, routed)           0.000     7.326    u_fnd_controller/u_fnd_digit_select/counter_1s0_carry__3_n_0
    SLICE_X62Y33         CARRY4 (Prop_carry4_CI_O[0])
                                                      0.222     7.548 r  u_fnd_controller/u_fnd_digit_select/counter_1s0_carry__4/O[0]
                         net (fo=1, routed)           0.941     8.489    u_fnd_controller/u_fnd_digit_select/counter_1s0_carry__4_n_7
    SLICE_X63Y32         LUT4 (Prop_lut4_I3_O)        0.327     8.816 r  u_fnd_controller/u_fnd_digit_select/counter_1s[21]_i_1/O
                         net (fo=1, routed)           0.000     8.816    u_fnd_controller/u_fnd_digit_select/counter_1s_1[21]
    SLICE_X63Y32         FDCE                                         r  u_fnd_controller/u_fnd_digit_select/counter_1s_reg[21]/D
  -------------------------------------------------------------------    -------------------

                         (clock sys_clk_pin rise edge)
                                                     10.000    10.000 r  
    W5                                                0.000    10.000 r  clk (IN)
                         net (fo=0)                   0.000    10.000    clk
    W5                   IBUF (Prop_ibuf_I_O)         1.388    11.388 r  clk_IBUF_inst/O
                         net (fo=1, routed)           1.862    13.250    clk_IBUF
    BUFGCTRL_X0Y0        BUFG (Prop_bufg_I_O)         0.091    13.341 r  clk_IBUF_BUFG_inst/O
                         net (fo=101, routed)         1.511    14.852    u_fnd_controller/u_fnd_digit_select/clk_IBUF_BUFG
    SLICE_X63Y32         FDCE                                         r  u_fnd_controller/u_fnd_digit_select/counter_1s_reg[21]/C
                         clock pessimism              0.274    15.126    
                         clock uncertainty           -0.035    15.091    
    SLICE_X63Y32         FDCE (Setup_fdce_C_D)        0.075    15.166    u_fnd_controller/u_fnd_digit_select/counter_1s_reg[21]
  -------------------------------------------------------------------
                         required time                         15.166    
                         arrival time                          -8.816    
  -------------------------------------------------------------------
                         slack                                  6.350    

Slack (MET) :             6.354ns  (required time - arrival time)
  Source:                 u_fnd_controller/u_fnd_digit_select/counter_1s_reg[3]/C
                            (rising edge-triggered cell FDCE clocked by sys_clk_pin  {rise@0.000ns fall@5.000ns period=10.000ns})
  Destination:            u_fnd_controller/u_fnd_digit_select/counter_1s_reg[27]/D
                            (rising edge-triggered cell FDCE clocked by sys_clk_pin  {rise@0.000ns fall@5.000ns period=10.000ns})
  Path Group:             sys_clk_pin
  Path Type:              Setup (Max at Slow Process Corner)
  Requirement:            10.000ns  (sys_clk_pin rise@10.000ns - sys_clk_pin rise@0.000ns)
  Data Path Delay:        3.668ns  (logic 2.255ns (61.482%)  route 1.413ns (38.518%))
  Logic Levels:           8  (CARRY4=7 LUT4=1)
  Clock Path Skew:        -0.018ns (DCD - SCD + CPR)
    Destination Clock Delay (DCD):    4.853ns = ( 14.853 - 10.000 ) 
    Source Clock Delay      (SCD):    5.145ns
    Clock Pessimism Removal (CPR):    0.274ns
  Clock Uncertainty:      0.035ns  ((TSJ^2 + TIJ^2)^1/2 + DJ) / 2 + PE
    Total System Jitter     (TSJ):    0.071ns
    Total Input Jitter      (TIJ):    0.000ns
    Discrete Jitter          (DJ):    0.000ns
    Phase Error              (PE):    0.000ns

    Location             Delay type                Incr(ns)  Path(ns)    Netlist Resource(s)
  -------------------------------------------------------------------    -------------------
                         (clock sys_clk_pin rise edge)
                                                      0.000     0.000 r  
    W5                                                0.000     0.000 r  clk (IN)
                         net (fo=0)                   0.000     0.000    clk
    W5                   IBUF (Prop_ibuf_I_O)         1.458     1.458 r  clk_IBUF_inst/O
                         net (fo=1, routed)           1.967     3.425    clk_IBUF
    BUFGCTRL_X0Y0        BUFG (Prop_bufg_I_O)         0.096     3.521 r  clk_IBUF_BUFG_inst/O
                         net (fo=101, routed)         1.624     5.145    u_fnd_controller/u_fnd_digit_select/clk_IBUF_BUFG
    SLICE_X63Y28         FDCE                                         r  u_fnd_controller/u_fnd_digit_select/counter_1s_reg[3]/C
  -------------------------------------------------------------------    -------------------
    SLICE_X63Y28         FDCE (Prop_fdce_C_Q)         0.419     5.564 r  u_fnd_controller/u_fnd_digit_select/counter_1s_reg[3]/Q
                         net (fo=2, routed)           0.611     6.175    u_fnd_controller/u_fnd_digit_select/counter_1s[3]
    SLICE_X62Y28         CARRY4 (Prop_carry4_S[2]_CO[3])
                                                      0.695     6.870 r  u_fnd_controller/u_fnd_digit_select/counter_1s0_carry/CO[3]
                         net (fo=1, routed)           0.000     6.870    u_fnd_controller/u_fnd_digit_select/counter_1s0_carry_n_0
    SLICE_X62Y29         CARRY4 (Prop_carry4_CI_CO[3])
                                                      0.114     6.984 r  u_fnd_controller/u_fnd_digit_select/counter_1s0_carry__0/CO[3]
                         net (fo=1, routed)           0.000     6.984    u_fnd_controller/u_fnd_digit_select/counter_1s0_carry__0_n_0
    SLICE_X62Y30         CARRY4 (Prop_carry4_CI_CO[3])
                                                      0.114     7.098 r  u_fnd_controller/u_fnd_digit_select/counter_1s0_carry__1/CO[3]
                         net (fo=1, routed)           0.000     7.098    u_fnd_controller/u_fnd_digit_select/counter_1s0_carry__1_n_0
    SLICE_X62Y31         CARRY4 (Prop_carry4_CI_CO[3])
                                                      0.114     7.212 r  u_fnd_controller/u_fnd_digit_select/counter_1s0_carry__2/CO[3]
                         net (fo=1, routed)           0.000     7.212    u_fnd_controller/u_fnd_digit_select/counter_1s0_carry__2_n_0
    SLICE_X62Y32         CARRY4 (Prop_carry4_CI_CO[3])
                                                      0.114     7.326 r  u_fnd_controller/u_fnd_digit_select/counter_1s0_carry__3/CO[3]
                         net (fo=1, routed)           0.000     7.326    u_fnd_controller/u_fnd_digit_select/counter_1s0_carry__3_n_0
    SLICE_X62Y33         CARRY4 (Prop_carry4_CI_CO[3])
                                                      0.114     7.440 r  u_fnd_controller/u_fnd_digit_select/counter_1s0_carry__4/CO[3]
                         net (fo=1, routed)           0.000     7.440    u_fnd_controller/u_fnd_digit_select/counter_1s0_carry__4_n_0
    SLICE_X62Y34         CARRY4 (Prop_carry4_CI_O[2])
                                                      0.239     7.679 r  u_fnd_controller/u_fnd_digit_select/counter_1s0_carry__5/O[2]
                         net (fo=1, routed)           0.802     8.481    u_fnd_controller/u_fnd_digit_select/counter_1s0_carry__5_n_5
    SLICE_X63Y33         LUT4 (Prop_lut4_I3_O)        0.332     8.813 r  u_fnd_controller/u_fnd_digit_select/counter_1s[27]_i_1/O
                         net (fo=1, routed)           0.000     8.813    u_fnd_controller/u_fnd_digit_select/counter_1s_1[27]
    SLICE_X63Y33         FDCE                                         r  u_fnd_controller/u_fnd_digit_select/counter_1s_reg[27]/D
  -------------------------------------------------------------------    -------------------

                         (clock sys_clk_pin rise edge)
                                                     10.000    10.000 r  
    W5                                                0.000    10.000 r  clk (IN)
                         net (fo=0)                   0.000    10.000    clk
    W5                   IBUF (Prop_ibuf_I_O)         1.388    11.388 r  clk_IBUF_inst/O
                         net (fo=1, routed)           1.862    13.250    clk_IBUF
    BUFGCTRL_X0Y0        BUFG (Prop_bufg_I_O)         0.091    13.341 r  clk_IBUF_BUFG_inst/O
                         net (fo=101, routed)         1.512    14.853    u_fnd_controller/u_fnd_digit_select/clk_IBUF_BUFG
    SLICE_X63Y33         FDCE                                         r  u_fnd_controller/u_fnd_digit_select/counter_1s_reg[27]/C
                         clock pessimism              0.274    15.127    
                         clock uncertainty           -0.035    15.092    
    SLICE_X63Y33         FDCE (Setup_fdce_C_D)        0.075    15.167    u_fnd_controller/u_fnd_digit_select/counter_1s_reg[27]
  -------------------------------------------------------------------
                         required time                         15.167    
                         arrival time                          -8.813    
  -------------------------------------------------------------------
                         slack                                  6.354    

Slack (MET) :             6.400ns  (required time - arrival time)
  Source:                 u_fnd_controller/u_fnd_digit_select/counter_1s_reg[24]/C
                            (rising edge-triggered cell FDCE clocked by sys_clk_pin  {rise@0.000ns fall@5.000ns period=10.000ns})
  Destination:            u_fnd_controller/u_fnd_digit_select/counter_1s_reg[4]/D
                            (rising edge-triggered cell FDCE clocked by sys_clk_pin  {rise@0.000ns fall@5.000ns period=10.000ns})
  Path Group:             sys_clk_pin
  Path Type:              Setup (Max at Slow Process Corner)
  Requirement:            10.000ns  (sys_clk_pin rise@10.000ns - sys_clk_pin rise@0.000ns)
  Data Path Delay:        3.568ns  (logic 0.963ns (26.991%)  route 2.605ns (73.009%))
  Logic Levels:           3  (LUT4=2 LUT6=1)
  Clock Path Skew:        -0.029ns (DCD - SCD + CPR)
    Destination Clock Delay (DCD):    4.848ns = ( 14.848 - 10.000 ) 
    Source Clock Delay      (SCD):    5.151ns
    Clock Pessimism Removal (CPR):    0.274ns
  Clock Uncertainty:      0.035ns  ((TSJ^2 + TIJ^2)^1/2 + DJ) / 2 + PE
    Total System Jitter     (TSJ):    0.071ns
    Total Input Jitter      (TIJ):    0.000ns
    Discrete Jitter          (DJ):    0.000ns
    Phase Error              (PE):    0.000ns

    Location             Delay type                Incr(ns)  Path(ns)    Netlist Resource(s)
  -------------------------------------------------------------------    -------------------
                         (clock sys_clk_pin rise edge)
                                                      0.000     0.000 r  
    W5                                                0.000     0.000 r  clk (IN)
                         net (fo=0)                   0.000     0.000    clk
    W5                   IBUF (Prop_ibuf_I_O)         1.458     1.458 r  clk_IBUF_inst/O
                         net (fo=1, routed)           1.967     3.425    clk_IBUF
    BUFGCTRL_X0Y0        BUFG (Prop_bufg_I_O)         0.096     3.521 r  clk_IBUF_BUFG_inst/O
                         net (fo=101, routed)         1.630     5.151    u_fnd_controller/u_fnd_digit_select/clk_IBUF_BUFG
    SLICE_X63Y33         FDCE                                         r  u_fnd_controller/u_fnd_digit_select/counter_1s_reg[24]/C
  -------------------------------------------------------------------    -------------------
    SLICE_X63Y33         FDCE (Prop_fdce_C_Q)         0.419     5.570 f  u_fnd_controller/u_fnd_digit_select/counter_1s_reg[24]/Q
                         net (fo=2, routed)           0.862     6.432    u_fnd_controller/u_fnd_digit_select/counter_1s[24]
    SLICE_X63Y33         LUT4 (Prop_lut4_I0_O)        0.296     6.728 r  u_fnd_controller/u_fnd_digit_select/counter_1s[27]_i_5/O
                         net (fo=1, routed)           0.404     7.132    u_fnd_controller/u_fnd_digit_select/counter_1s[27]_i_5_n_0
    SLICE_X63Y32         LUT6 (Prop_lut6_I0_O)        0.124     7.256 r  u_fnd_controller/u_fnd_digit_select/counter_1s[27]_i_2/O
                         net (fo=28, routed)          1.339     8.595    u_fnd_controller/u_fnd_digit_select/counter_1s[27]_i_2_n_0
    SLICE_X63Y28         LUT4 (Prop_lut4_I0_O)        0.124     8.719 r  u_fnd_controller/u_fnd_digit_select/counter_1s[4]_i_1/O
                         net (fo=1, routed)           0.000     8.719    u_fnd_controller/u_fnd_digit_select/counter_1s_1[4]
    SLICE_X63Y28         FDCE                                         r  u_fnd_controller/u_fnd_digit_select/counter_1s_reg[4]/D
  -------------------------------------------------------------------    -------------------

                         (clock sys_clk_pin rise edge)
                                                     10.000    10.000 r  
    W5                                                0.000    10.000 r  clk (IN)
                         net (fo=0)                   0.000    10.000    clk
    W5                   IBUF (Prop_ibuf_I_O)         1.388    11.388 r  clk_IBUF_inst/O
                         net (fo=1, routed)           1.862    13.250    clk_IBUF
    BUFGCTRL_X0Y0        BUFG (Prop_bufg_I_O)         0.091    13.341 r  clk_IBUF_BUFG_inst/O
                         net (fo=101, routed)         1.507    14.848    u_fnd_controller/u_fnd_digit_select/clk_IBUF_BUFG
    SLICE_X63Y28         FDCE                                         r  u_fnd_controller/u_fnd_digit_select/counter_1s_reg[4]/C
                         clock pessimism              0.274    15.122    
                         clock uncertainty           -0.035    15.087    
    SLICE_X63Y28         FDCE (Setup_fdce_C_D)        0.032    15.119    u_fnd_controller/u_fnd_digit_select/counter_1s_reg[4]
  -------------------------------------------------------------------
                         required time                         15.119    
                         arrival time                          -8.719    
  -------------------------------------------------------------------
                         slack                                  6.400    

Slack (MET) :             6.402ns  (required time - arrival time)
  Source:                 u_fnd_controller/u_fnd_digit_select/counter_1s_reg[24]/C
                            (rising edge-triggered cell FDCE clocked by sys_clk_pin  {rise@0.000ns fall@5.000ns period=10.000ns})
  Destination:            u_fnd_controller/u_fnd_digit_select/counter_1s_reg[2]/D
                            (rising edge-triggered cell FDCE clocked by sys_clk_pin  {rise@0.000ns fall@5.000ns period=10.000ns})
  Path Group:             sys_clk_pin
  Path Type:              Setup (Max at Slow Process Corner)
  Requirement:            10.000ns  (sys_clk_pin rise@10.000ns - sys_clk_pin rise@0.000ns)
  Data Path Delay:        3.565ns  (logic 0.963ns (27.014%)  route 2.602ns (72.986%))
  Logic Levels:           3  (LUT4=2 LUT6=1)
  Clock Path Skew:        -0.029ns (DCD - SCD + CPR)
    Destination Clock Delay (DCD):    4.848ns = ( 14.848 - 10.000 ) 
    Source Clock Delay      (SCD):    5.151ns
    Clock Pessimism Removal (CPR):    0.274ns
  Clock Uncertainty:      0.035ns  ((TSJ^2 + TIJ^2)^1/2 + DJ) / 2 + PE
    Total System Jitter     (TSJ):    0.071ns
    Total Input Jitter      (TIJ):    0.000ns
    Discrete Jitter          (DJ):    0.000ns
    Phase Error              (PE):    0.000ns

    Location             Delay type                Incr(ns)  Path(ns)    Netlist Resource(s)
  -------------------------------------------------------------------    -------------------
                         (clock sys_clk_pin rise edge)
                                                      0.000     0.000 r  
    W5                                                0.000     0.000 r  clk (IN)
                         net (fo=0)                   0.000     0.000    clk
    W5                   IBUF (Prop_ibuf_I_O)         1.458     1.458 r  clk_IBUF_inst/O
                         net (fo=1, routed)           1.967     3.425    clk_IBUF
    BUFGCTRL_X0Y0        BUFG (Prop_bufg_I_O)         0.096     3.521 r  clk_IBUF_BUFG_inst/O
                         net (fo=101, routed)         1.630     5.151    u_fnd_controller/u_fnd_digit_select/clk_IBUF_BUFG
    SLICE_X63Y33         FDCE                                         r  u_fnd_controller/u_fnd_digit_select/counter_1s_reg[24]/C
  -------------------------------------------------------------------    -------------------
    SLICE_X63Y33         FDCE (Prop_fdce_C_Q)         0.419     5.570 f  u_fnd_controller/u_fnd_digit_select/counter_1s_reg[24]/Q
                         net (fo=2, routed)           0.862     6.432    u_fnd_controller/u_fnd_digit_select/counter_1s[24]
    SLICE_X63Y33         LUT4 (Prop_lut4_I0_O)        0.296     6.728 r  u_fnd_controller/u_fnd_digit_select/counter_1s[27]_i_5/O
                         net (fo=1, routed)           0.404     7.132    u_fnd_controller/u_fnd_digit_select/counter_1s[27]_i_5_n_0
    SLICE_X63Y32         LUT6 (Prop_lut6_I0_O)        0.124     7.256 r  u_fnd_controller/u_fnd_digit_select/counter_1s[27]_i_2/O
                         net (fo=28, routed)          1.336     8.592    u_fnd_controller/u_fnd_digit_select/counter_1s[27]_i_2_n_0
    SLICE_X63Y28         LUT4 (Prop_lut4_I0_O)        0.124     8.716 r  u_fnd_controller/u_fnd_digit_select/counter_1s[2]_i_1/O
                         net (fo=1, routed)           0.000     8.716    u_fnd_controller/u_fnd_digit_select/counter_1s_1[2]
    SLICE_X63Y28         FDCE                                         r  u_fnd_controller/u_fnd_digit_select/counter_1s_reg[2]/D
  -------------------------------------------------------------------    -------------------

                         (clock sys_clk_pin rise edge)
                                                     10.000    10.000 r  
    W5                                                0.000    10.000 r  clk (IN)
                         net (fo=0)                   0.000    10.000    clk
    W5                   IBUF (Prop_ibuf_I_O)         1.388    11.388 r  clk_IBUF_inst/O
                         net (fo=1, routed)           1.862    13.250    clk_IBUF
    BUFGCTRL_X0Y0        BUFG (Prop_bufg_I_O)         0.091    13.341 r  clk_IBUF_BUFG_inst/O
                         net (fo=101, routed)         1.507    14.848    u_fnd_controller/u_fnd_digit_select/clk_IBUF_BUFG
    SLICE_X63Y28         FDCE                                         r  u_fnd_controller/u_fnd_digit_select/counter_1s_reg[2]/C
                         clock pessimism              0.274    15.122    
                         clock uncertainty           -0.035    15.087    
    SLICE_X63Y28         FDCE (Setup_fdce_C_D)        0.031    15.118    u_fnd_controller/u_fnd_digit_select/counter_1s_reg[2]
  -------------------------------------------------------------------
                         required time                         15.118    
                         arrival time                          -8.716    
  -------------------------------------------------------------------
                         slack                                  6.402    

Slack (MET) :             6.406ns  (required time - arrival time)
  Source:                 u_fnd_controller/u_fnd_digit_select/r_1ms_counter_reg[0]/C
                            (rising edge-triggered cell FDCE clocked by sys_clk_pin  {rise@0.000ns fall@5.000ns period=10.000ns})
  Destination:            u_fnd_controller/u_fnd_digit_select/r_1ms_counter_reg[16]/D
                            (rising edge-triggered cell FDCE clocked by sys_clk_pin  {rise@0.000ns fall@5.000ns period=10.000ns})
  Path Group:             sys_clk_pin
  Path Type:              Setup (Max at Slow Process Corner)
  Requirement:            10.000ns  (sys_clk_pin rise@10.000ns - sys_clk_pin rise@0.000ns)
  Data Path Delay:        3.571ns  (logic 1.907ns (53.404%)  route 1.664ns (46.596%))
  Logic Levels:           5  (CARRY4=4 LUT5=1)
  Clock Path Skew:        -0.019ns (DCD - SCD + CPR)
    Destination Clock Delay (DCD):    4.849ns = ( 14.849 - 10.000 ) 
    Source Clock Delay      (SCD):    5.142ns
    Clock Pessimism Removal (CPR):    0.274ns
  Clock Uncertainty:      0.035ns  ((TSJ^2 + TIJ^2)^1/2 + DJ) / 2 + PE
    Total System Jitter     (TSJ):    0.071ns
    Total Input Jitter      (TIJ):    0.000ns
    Discrete Jitter          (DJ):    0.000ns
    Phase Error              (PE):    0.000ns

    Location             Delay type                Incr(ns)  Path(ns)    Netlist Resource(s)
  -------------------------------------------------------------------    -------------------
                         (clock sys_clk_pin rise edge)
                                                      0.000     0.000 r  
    W5                                                0.000     0.000 r  clk (IN)
                         net (fo=0)                   0.000     0.000    clk
    W5                   IBUF (Prop_ibuf_I_O)         1.458     1.458 r  clk_IBUF_inst/O
                         net (fo=1, routed)           1.967     3.425    clk_IBUF
    BUFGCTRL_X0Y0        BUFG (Prop_bufg_I_O)         0.096     3.521 r  clk_IBUF_BUFG_inst/O
                         net (fo=101, routed)         1.621     5.142    u_fnd_controller/u_fnd_digit_select/clk_IBUF_BUFG
    SLICE_X65Y27         FDCE                                         r  u_fnd_controller/u_fnd_digit_select/r_1ms_counter_reg[0]/C
  -------------------------------------------------------------------    -------------------
    SLICE_X65Y27         FDCE (Prop_fdce_C_Q)         0.456     5.598 r  u_fnd_controller/u_fnd_digit_select/r_1ms_counter_reg[0]/Q
                         net (fo=3, routed)           0.805     6.403    u_fnd_controller/u_fnd_digit_select/r_1ms_counter[0]
    SLICE_X64Y26         CARRY4 (Prop_carry4_CYINIT_CO[3])
                                                      0.595     6.998 r  u_fnd_controller/u_fnd_digit_select/r_1ms_counter0_carry/CO[3]
                         net (fo=1, routed)           0.000     6.998    u_fnd_controller/u_fnd_digit_select/r_1ms_counter0_carry_n_0
    SLICE_X64Y27         CARRY4 (Prop_carry4_CI_CO[3])
                                                      0.117     7.115 r  u_fnd_controller/u_fnd_digit_select/r_1ms_counter0_carry__0/CO[3]
                         net (fo=1, routed)           0.000     7.115    u_fnd_controller/u_fnd_digit_select/r_1ms_counter0_carry__0_n_0
    SLICE_X64Y28         CARRY4 (Prop_carry4_CI_CO[3])
                                                      0.117     7.232 r  u_fnd_controller/u_fnd_digit_select/r_1ms_counter0_carry__1/CO[3]
                         net (fo=1, routed)           0.000     7.232    u_fnd_controller/u_fnd_digit_select/r_1ms_counter0_carry__1_n_0
    SLICE_X64Y29         CARRY4 (Prop_carry4_CI_O[3])
                                                      0.315     7.547 r  u_fnd_controller/u_fnd_digit_select/r_1ms_counter0_carry__2/O[3]
                         net (fo=1, routed)           0.859     8.406    u_fnd_controller/u_fnd_digit_select/data0[16]
    SLICE_X65Y29         LUT5 (Prop_lut5_I4_O)        0.307     8.713 r  u_fnd_controller/u_fnd_digit_select/r_1ms_counter[16]_i_1/O
                         net (fo=1, routed)           0.000     8.713    u_fnd_controller/u_fnd_digit_select/r_1ms_counter_0[16]
    SLICE_X65Y29         FDCE                                         r  u_fnd_controller/u_fnd_digit_select/r_1ms_counter_reg[16]/D
  -------------------------------------------------------------------    -------------------

                         (clock sys_clk_pin rise edge)
                                                     10.000    10.000 r  
    W5                                                0.000    10.000 r  clk (IN)
                         net (fo=0)                   0.000    10.000    clk
    W5                   IBUF (Prop_ibuf_I_O)         1.388    11.388 r  clk_IBUF_inst/O
                         net (fo=1, routed)           1.862    13.250    clk_IBUF
    BUFGCTRL_X0Y0        BUFG (Prop_bufg_I_O)         0.091    13.341 r  clk_IBUF_BUFG_inst/O
                         net (fo=101, routed)         1.508    14.849    u_fnd_controller/u_fnd_digit_select/clk_IBUF_BUFG
    SLICE_X65Y29         FDCE                                         r  u_fnd_controller/u_fnd_digit_select/r_1ms_counter_reg[16]/C
                         clock pessimism              0.274    15.123    
                         clock uncertainty           -0.035    15.088    
    SLICE_X65Y29         FDCE (Setup_fdce_C_D)        0.031    15.119    u_fnd_controller/u_fnd_digit_select/r_1ms_counter_reg[16]
  -------------------------------------------------------------------
                         required time                         15.119    
                         arrival time                          -8.713    
  -------------------------------------------------------------------
                         slack                                  6.406    

Slack (MET) :             6.417ns  (required time - arrival time)
  Source:                 u_fnd_controller/u_fnd_digit_select/counter_1s_reg[24]/C
                            (rising edge-triggered cell FDCE clocked by sys_clk_pin  {rise@0.000ns fall@5.000ns period=10.000ns})
  Destination:            u_fnd_controller/u_fnd_digit_select/counter_1s_reg[3]/D
                            (rising edge-triggered cell FDCE clocked by sys_clk_pin  {rise@0.000ns fall@5.000ns period=10.000ns})
  Path Group:             sys_clk_pin
  Path Type:              Setup (Max at Slow Process Corner)
  Requirement:            10.000ns  (sys_clk_pin rise@10.000ns - sys_clk_pin rise@0.000ns)
  Data Path Delay:        3.594ns  (logic 0.992ns (27.603%)  route 2.602ns (72.397%))
  Logic Levels:           3  (LUT4=2 LUT6=1)
  Clock Path Skew:        -0.029ns (DCD - SCD + CPR)
    Destination Clock Delay (DCD):    4.848ns = ( 14.848 - 10.000 ) 
    Source Clock Delay      (SCD):    5.151ns
    Clock Pessimism Removal (CPR):    0.274ns
  Clock Uncertainty:      0.035ns  ((TSJ^2 + TIJ^2)^1/2 + DJ) / 2 + PE
    Total System Jitter     (TSJ):    0.071ns
    Total Input Jitter      (TIJ):    0.000ns
    Discrete Jitter          (DJ):    0.000ns
    Phase Error              (PE):    0.000ns

    Location             Delay type                Incr(ns)  Path(ns)    Netlist Resource(s)
  -------------------------------------------------------------------    -------------------
                         (clock sys_clk_pin rise edge)
                                                      0.000     0.000 r  
    W5                                                0.000     0.000 r  clk (IN)
                         net (fo=0)                   0.000     0.000    clk
    W5                   IBUF (Prop_ibuf_I_O)         1.458     1.458 r  clk_IBUF_inst/O
                         net (fo=1, routed)           1.967     3.425    clk_IBUF
    BUFGCTRL_X0Y0        BUFG (Prop_bufg_I_O)         0.096     3.521 r  clk_IBUF_BUFG_inst/O
                         net (fo=101, routed)         1.630     5.151    u_fnd_controller/u_fnd_digit_select/clk_IBUF_BUFG
    SLICE_X63Y33         FDCE                                         r  u_fnd_controller/u_fnd_digit_select/counter_1s_reg[24]/C
  -------------------------------------------------------------------    -------------------
    SLICE_X63Y33         FDCE (Prop_fdce_C_Q)         0.419     5.570 f  u_fnd_controller/u_fnd_digit_select/counter_1s_reg[24]/Q
                         net (fo=2, routed)           0.862     6.432    u_fnd_controller/u_fnd_digit_select/counter_1s[24]
    SLICE_X63Y33         LUT4 (Prop_lut4_I0_O)        0.296     6.728 r  u_fnd_controller/u_fnd_digit_select/counter_1s[27]_i_5/O
                         net (fo=1, routed)           0.404     7.132    u_fnd_controller/u_fnd_digit_select/counter_1s[27]_i_5_n_0
    SLICE_X63Y32         LUT6 (Prop_lut6_I0_O)        0.124     7.256 r  u_fnd_controller/u_fnd_digit_select/counter_1s[27]_i_2/O
                         net (fo=28, routed)          1.336     8.592    u_fnd_controller/u_fnd_digit_select/counter_1s[27]_i_2_n_0
    SLICE_X63Y28         LUT4 (Prop_lut4_I0_O)        0.153     8.745 r  u_fnd_controller/u_fnd_digit_select/counter_1s[3]_i_1/O
                         net (fo=1, routed)           0.000     8.745    u_fnd_controller/u_fnd_digit_select/counter_1s_1[3]
    SLICE_X63Y28         FDCE                                         r  u_fnd_controller/u_fnd_digit_select/counter_1s_reg[3]/D
  -------------------------------------------------------------------    -------------------

                         (clock sys_clk_pin rise edge)
                                                     10.000    10.000 r  
    W5                                                0.000    10.000 r  clk (IN)
                         net (fo=0)                   0.000    10.000    clk
    W5                   IBUF (Prop_ibuf_I_O)         1.388    11.388 r  clk_IBUF_inst/O
                         net (fo=1, routed)           1.862    13.250    clk_IBUF
    BUFGCTRL_X0Y0        BUFG (Prop_bufg_I_O)         0.091    13.341 r  clk_IBUF_BUFG_inst/O
                         net (fo=101, routed)         1.507    14.848    u_fnd_controller/u_fnd_digit_select/clk_IBUF_BUFG
    SLICE_X63Y28         FDCE                                         r  u_fnd_controller/u_fnd_digit_select/counter_1s_reg[3]/C
                         clock pessimism              0.274    15.122    
                         clock uncertainty           -0.035    15.087    
    SLICE_X63Y28         FDCE (Setup_fdce_C_D)        0.075    15.162    u_fnd_controller/u_fnd_digit_select/counter_1s_reg[3]
  -------------------------------------------------------------------
                         required time                         15.162    
                         arrival time                          -8.745    
  -------------------------------------------------------------------
                         slack                                  6.417    

Slack (MET) :             6.418ns  (required time - arrival time)
  Source:                 u_fnd_controller/u_fnd_digit_select/counter_1s_reg[24]/C
                            (rising edge-triggered cell FDCE clocked by sys_clk_pin  {rise@0.000ns fall@5.000ns period=10.000ns})
  Destination:            u_fnd_controller/u_fnd_digit_select/counter_1s_reg[5]/D
                            (rising edge-triggered cell FDCE clocked by sys_clk_pin  {rise@0.000ns fall@5.000ns period=10.000ns})
  Path Group:             sys_clk_pin
  Path Type:              Setup (Max at Slow Process Corner)
  Requirement:            10.000ns  (sys_clk_pin rise@10.000ns - sys_clk_pin rise@0.000ns)
  Data Path Delay:        3.593ns  (logic 0.988ns (27.499%)  route 2.605ns (72.501%))
  Logic Levels:           3  (LUT4=2 LUT6=1)
  Clock Path Skew:        -0.029ns (DCD - SCD + CPR)
    Destination Clock Delay (DCD):    4.848ns = ( 14.848 - 10.000 ) 
    Source Clock Delay      (SCD):    5.151ns
    Clock Pessimism Removal (CPR):    0.274ns
  Clock Uncertainty:      0.035ns  ((TSJ^2 + TIJ^2)^1/2 + DJ) / 2 + PE
    Total System Jitter     (TSJ):    0.071ns
    Total Input Jitter      (TIJ):    0.000ns
    Discrete Jitter          (DJ):    0.000ns
    Phase Error              (PE):    0.000ns

    Location             Delay type                Incr(ns)  Path(ns)    Netlist Resource(s)
  -------------------------------------------------------------------    -------------------
                         (clock sys_clk_pin rise edge)
                                                      0.000     0.000 r  
    W5                                                0.000     0.000 r  clk (IN)
                         net (fo=0)                   0.000     0.000    clk
    W5                   IBUF (Prop_ibuf_I_O)         1.458     1.458 r  clk_IBUF_inst/O
                         net (fo=1, routed)           1.967     3.425    clk_IBUF
    BUFGCTRL_X0Y0        BUFG (Prop_bufg_I_O)         0.096     3.521 r  clk_IBUF_BUFG_inst/O
                         net (fo=101, routed)         1.630     5.151    u_fnd_controller/u_fnd_digit_select/clk_IBUF_BUFG
    SLICE_X63Y33         FDCE                                         r  u_fnd_controller/u_fnd_digit_select/counter_1s_reg[24]/C
  -------------------------------------------------------------------    -------------------
    SLICE_X63Y33         FDCE (Prop_fdce_C_Q)         0.419     5.570 f  u_fnd_controller/u_fnd_digit_select/counter_1s_reg[24]/Q
                         net (fo=2, routed)           0.862     6.432    u_fnd_controller/u_fnd_digit_select/counter_1s[24]
    SLICE_X63Y33         LUT4 (Prop_lut4_I0_O)        0.296     6.728 r  u_fnd_controller/u_fnd_digit_select/counter_1s[27]_i_5/O
                         net (fo=1, routed)           0.404     7.132    u_fnd_controller/u_fnd_digit_select/counter_1s[27]_i_5_n_0
    SLICE_X63Y32         LUT6 (Prop_lut6_I0_O)        0.124     7.256 r  u_fnd_controller/u_fnd_digit_select/counter_1s[27]_i_2/O
                         net (fo=28, routed)          1.339     8.595    u_fnd_controller/u_fnd_digit_select/counter_1s[27]_i_2_n_0
    SLICE_X63Y28         LUT4 (Prop_lut4_I0_O)        0.149     8.744 r  u_fnd_controller/u_fnd_digit_select/counter_1s[5]_i_1/O
                         net (fo=1, routed)           0.000     8.744    u_fnd_controller/u_fnd_digit_select/counter_1s_1[5]
    SLICE_X63Y28         FDCE                                         r  u_fnd_controller/u_fnd_digit_select/counter_1s_reg[5]/D
  -------------------------------------------------------------------    -------------------

                         (clock sys_clk_pin rise edge)
                                                     10.000    10.000 r  
    W5                                                0.000    10.000 r  clk (IN)
                         net (fo=0)                   0.000    10.000    clk
    W5                   IBUF (Prop_ibuf_I_O)         1.388    11.388 r  clk_IBUF_inst/O
                         net (fo=1, routed)           1.862    13.250    clk_IBUF
    BUFGCTRL_X0Y0        BUFG (Prop_bufg_I_O)         0.091    13.341 r  clk_IBUF_BUFG_inst/O
                         net (fo=101, routed)         1.507    14.848    u_fnd_controller/u_fnd_digit_select/clk_IBUF_BUFG
    SLICE_X63Y28         FDCE                                         r  u_fnd_controller/u_fnd_digit_select/counter_1s_reg[5]/C
                         clock pessimism              0.274    15.122    
                         clock uncertainty           -0.035    15.087    
    SLICE_X63Y28         FDCE (Setup_fdce_C_D)        0.075    15.162    u_fnd_controller/u_fnd_digit_select/counter_1s_reg[5]
  -------------------------------------------------------------------
                         required time                         15.162    
                         arrival time                          -8.744    
  -------------------------------------------------------------------
                         slack                                  6.418    





Min Delay Paths
--------------------------------------------------------------------------------------
Slack (MET) :             0.203ns  (arrival time - required time)
  Source:                 u_increase_duty_btn/count_reg[14]/C
                            (rising edge-triggered cell FDCE clocked by sys_clk_pin  {rise@0.000ns fall@5.000ns period=10.000ns})
  Destination:            u_increase_duty_btn/count_reg[19]/D
                            (rising edge-triggered cell FDCE clocked by sys_clk_pin  {rise@0.000ns fall@5.000ns period=10.000ns})
  Path Group:             sys_clk_pin
  Path Type:              Hold (Min at Fast Process Corner)
  Requirement:            0.000ns  (sys_clk_pin rise@0.000ns - sys_clk_pin rise@0.000ns)
  Data Path Delay:        0.356ns  (logic 0.186ns (52.318%)  route 0.170ns (47.682%))
  Logic Levels:           1  (LUT6=1)
  Clock Path Skew:        0.032ns (DCD - SCD - CPR)
    Destination Clock Delay (DCD):    1.975ns
    Source Clock Delay      (SCD):    1.465ns
    Clock Pessimism Removal (CPR):    0.478ns

    Location             Delay type                Incr(ns)  Path(ns)    Netlist Resource(s)
  -------------------------------------------------------------------    -------------------
                         (clock sys_clk_pin rise edge)
                                                      0.000     0.000 r  
    W5                                                0.000     0.000 r  clk (IN)
                         net (fo=0)                   0.000     0.000    clk
    W5                   IBUF (Prop_ibuf_I_O)         0.226     0.226 r  clk_IBUF_inst/O
                         net (fo=1, routed)           0.631     0.858    clk_IBUF
    BUFGCTRL_X0Y0        BUFG (Prop_bufg_I_O)         0.026     0.884 r  clk_IBUF_BUFG_inst/O
                         net (fo=101, routed)         0.582     1.465    u_increase_duty_btn/clk_IBUF_BUFG
    SLICE_X62Y24         FDCE                                         r  u_increase_duty_btn/count_reg[14]/C
  -------------------------------------------------------------------    -------------------
    SLICE_X62Y24         FDCE (Prop_fdce_C_Q)         0.141     1.606 f  u_increase_duty_btn/count_reg[14]/Q
                         net (fo=22, routed)          0.170     1.776    u_increase_duty_btn/count[14]
    SLICE_X60Y24         LUT6 (Prop_lut6_I3_O)        0.045     1.821 r  u_increase_duty_btn/count[19]_i_1/O
                         net (fo=1, routed)           0.000     1.821    u_increase_duty_btn/p_0_in[19]
    SLICE_X60Y24         FDCE                                         r  u_increase_duty_btn/count_reg[19]/D
  -------------------------------------------------------------------    -------------------

                         (clock sys_clk_pin rise edge)
                                                      0.000     0.000 r  
    W5                                                0.000     0.000 r  clk (IN)
                         net (fo=0)                   0.000     0.000    clk
    W5                   IBUF (Prop_ibuf_I_O)         0.414     0.414 r  clk_IBUF_inst/O
                         net (fo=1, routed)           0.685     1.099    clk_IBUF
    BUFGCTRL_X0Y0        BUFG (Prop_bufg_I_O)         0.029     1.128 r  clk_IBUF_BUFG_inst/O
                         net (fo=101, routed)         0.848     1.975    u_increase_duty_btn/clk_IBUF_BUFG
    SLICE_X60Y24         FDCE                                         r  u_increase_duty_btn/count_reg[19]/C
                         clock pessimism             -0.478     1.497    
    SLICE_X60Y24         FDCE (Hold_fdce_C_D)         0.121     1.618    u_increase_duty_btn/count_reg[19]
  -------------------------------------------------------------------
                         required time                         -1.618    
                         arrival time                           1.821    
  -------------------------------------------------------------------
                         slack                                  0.203    

Slack (MET) :             0.205ns  (arrival time - required time)
  Source:                 u_increase_duty_btn/count_reg[14]/C
                            (rising edge-triggered cell FDCE clocked by sys_clk_pin  {rise@0.000ns fall@5.000ns period=10.000ns})
  Destination:            u_increase_duty_btn/count_reg[18]/D
                            (rising edge-triggered cell FDCE clocked by sys_clk_pin  {rise@0.000ns fall@5.000ns period=10.000ns})
  Path Group:             sys_clk_pin
  Path Type:              Hold (Min at Fast Process Corner)
  Requirement:            0.000ns  (sys_clk_pin rise@0.000ns - sys_clk_pin rise@0.000ns)
  Data Path Delay:        0.358ns  (logic 0.186ns (52.025%)  route 0.172ns (47.975%))
  Logic Levels:           1  (LUT6=1)
  Clock Path Skew:        0.032ns (DCD - SCD - CPR)
    Destination Clock Delay (DCD):    1.975ns
    Source Clock Delay      (SCD):    1.465ns
    Clock Pessimism Removal (CPR):    0.478ns

    Location             Delay type                Incr(ns)  Path(ns)    Netlist Resource(s)
  -------------------------------------------------------------------    -------------------
                         (clock sys_clk_pin rise edge)
                                                      0.000     0.000 r  
    W5                                                0.000     0.000 r  clk (IN)
                         net (fo=0)                   0.000     0.000    clk
    W5                   IBUF (Prop_ibuf_I_O)         0.226     0.226 r  clk_IBUF_inst/O
                         net (fo=1, routed)           0.631     0.858    clk_IBUF
    BUFGCTRL_X0Y0        BUFG (Prop_bufg_I_O)         0.026     0.884 r  clk_IBUF_BUFG_inst/O
                         net (fo=101, routed)         0.582     1.465    u_increase_duty_btn/clk_IBUF_BUFG
    SLICE_X62Y24         FDCE                                         r  u_increase_duty_btn/count_reg[14]/C
  -------------------------------------------------------------------    -------------------
    SLICE_X62Y24         FDCE (Prop_fdce_C_Q)         0.141     1.606 f  u_increase_duty_btn/count_reg[14]/Q
                         net (fo=22, routed)          0.172     1.778    u_increase_duty_btn/count[14]
    SLICE_X60Y24         LUT6 (Prop_lut6_I3_O)        0.045     1.823 r  u_increase_duty_btn/count[18]_i_1/O
                         net (fo=1, routed)           0.000     1.823    u_increase_duty_btn/p_0_in[18]
    SLICE_X60Y24         FDCE                                         r  u_increase_duty_btn/count_reg[18]/D
  -------------------------------------------------------------------    -------------------

                         (clock sys_clk_pin rise edge)
                                                      0.000     0.000 r  
    W5                                                0.000     0.000 r  clk (IN)
                         net (fo=0)                   0.000     0.000    clk
    W5                   IBUF (Prop_ibuf_I_O)         0.414     0.414 r  clk_IBUF_inst/O
                         net (fo=1, routed)           0.685     1.099    clk_IBUF
    BUFGCTRL_X0Y0        BUFG (Prop_bufg_I_O)         0.029     1.128 r  clk_IBUF_BUFG_inst/O
                         net (fo=101, routed)         0.848     1.975    u_increase_duty_btn/clk_IBUF_BUFG
    SLICE_X60Y24         FDCE                                         r  u_increase_duty_btn/count_reg[18]/C
                         clock pessimism             -0.478     1.497    
    SLICE_X60Y24         FDCE (Hold_fdce_C_D)         0.121     1.618    u_increase_duty_btn/count_reg[18]
  -------------------------------------------------------------------
                         required time                         -1.618    
                         arrival time                           1.823    
  -------------------------------------------------------------------
                         slack                                  0.205    

Slack (MET) :             0.205ns  (arrival time - required time)
  Source:                 u_increase_duty_btn/count_reg[15]/C
                            (rising edge-triggered cell FDCE clocked by sys_clk_pin  {rise@0.000ns fall@5.000ns period=10.000ns})
  Destination:            u_increase_duty_btn/count_reg[17]/D
                            (rising edge-triggered cell FDCE clocked by sys_clk_pin  {rise@0.000ns fall@5.000ns period=10.000ns})
  Path Group:             sys_clk_pin
  Path Type:              Hold (Min at Fast Process Corner)
  Requirement:            0.000ns  (sys_clk_pin rise@0.000ns - sys_clk_pin rise@0.000ns)
  Data Path Delay:        0.358ns  (logic 0.186ns (51.957%)  route 0.172ns (48.043%))
  Logic Levels:           1  (LUT6=1)
  Clock Path Skew:        0.032ns (DCD - SCD - CPR)
    Destination Clock Delay (DCD):    1.975ns
    Source Clock Delay      (SCD):    1.465ns
    Clock Pessimism Removal (CPR):    0.478ns

    Location             Delay type                Incr(ns)  Path(ns)    Netlist Resource(s)
  -------------------------------------------------------------------    -------------------
                         (clock sys_clk_pin rise edge)
                                                      0.000     0.000 r  
    W5                                                0.000     0.000 r  clk (IN)
                         net (fo=0)                   0.000     0.000    clk
    W5                   IBUF (Prop_ibuf_I_O)         0.226     0.226 r  clk_IBUF_inst/O
                         net (fo=1, routed)           0.631     0.858    clk_IBUF
    BUFGCTRL_X0Y0        BUFG (Prop_bufg_I_O)         0.026     0.884 r  clk_IBUF_BUFG_inst/O
                         net (fo=101, routed)         0.582     1.465    u_increase_duty_btn/clk_IBUF_BUFG
    SLICE_X62Y24         FDCE                                         r  u_increase_duty_btn/count_reg[15]/C
  -------------------------------------------------------------------    -------------------
    SLICE_X62Y24         FDCE (Prop_fdce_C_Q)         0.141     1.606 f  u_increase_duty_btn/count_reg[15]/Q
                         net (fo=22, routed)          0.172     1.778    u_increase_duty_btn/count[15]
    SLICE_X60Y24         LUT6 (Prop_lut6_I1_O)        0.045     1.823 r  u_increase_duty_btn/count[17]_i_1/O
                         net (fo=1, routed)           0.000     1.823    u_increase_duty_btn/p_0_in[17]
    SLICE_X60Y24         FDCE                                         r  u_increase_duty_btn/count_reg[17]/D
  -------------------------------------------------------------------    -------------------

                         (clock sys_clk_pin rise edge)
                                                      0.000     0.000 r  
    W5                                                0.000     0.000 r  clk (IN)
                         net (fo=0)                   0.000     0.000    clk
    W5                   IBUF (Prop_ibuf_I_O)         0.414     0.414 r  clk_IBUF_inst/O
                         net (fo=1, routed)           0.685     1.099    clk_IBUF
    BUFGCTRL_X0Y0        BUFG (Prop_bufg_I_O)         0.029     1.128 r  clk_IBUF_BUFG_inst/O
                         net (fo=101, routed)         0.848     1.975    u_increase_duty_btn/clk_IBUF_BUFG
    SLICE_X60Y24         FDCE                                         r  u_increase_duty_btn/count_reg[17]/C
                         clock pessimism             -0.478     1.497    
    SLICE_X60Y24         FDCE (Hold_fdce_C_D)         0.121     1.618    u_increase_duty_btn/count_reg[17]
  -------------------------------------------------------------------
                         required time                         -1.618    
                         arrival time                           1.823    
  -------------------------------------------------------------------
                         slack                                  0.205    

Slack (MET) :             0.248ns  (arrival time - required time)
  Source:                 u_decrease_duty_btn/count_reg[15]/C
                            (rising edge-triggered cell FDCE clocked by sys_clk_pin  {rise@0.000ns fall@5.000ns period=10.000ns})
  Destination:            u_decrease_duty_btn/count_reg[14]/D
                            (rising edge-triggered cell FDCE clocked by sys_clk_pin  {rise@0.000ns fall@5.000ns period=10.000ns})
  Path Group:             sys_clk_pin
  Path Type:              Hold (Min at Fast Process Corner)
  Requirement:            0.000ns  (sys_clk_pin rise@0.000ns - sys_clk_pin rise@0.000ns)
  Data Path Delay:        0.354ns  (logic 0.209ns (58.969%)  route 0.145ns (41.031%))
  Logic Levels:           1  (LUT6=1)
  Clock Path Skew:        0.014ns (DCD - SCD - CPR)
    Destination Clock Delay (DCD):    1.979ns
    Source Clock Delay      (SCD):    1.467ns
    Clock Pessimism Removal (CPR):    0.498ns

    Location             Delay type                Incr(ns)  Path(ns)    Netlist Resource(s)
  -------------------------------------------------------------------    -------------------
                         (clock sys_clk_pin rise edge)
                                                      0.000     0.000 r  
    W5                                                0.000     0.000 r  clk (IN)
                         net (fo=0)                   0.000     0.000    clk
    W5                   IBUF (Prop_ibuf_I_O)         0.226     0.226 r  clk_IBUF_inst/O
                         net (fo=1, routed)           0.631     0.858    clk_IBUF
    BUFGCTRL_X0Y0        BUFG (Prop_bufg_I_O)         0.026     0.884 r  clk_IBUF_BUFG_inst/O
                         net (fo=101, routed)         0.584     1.467    u_decrease_duty_btn/clk_IBUF_BUFG
    SLICE_X60Y28         FDCE                                         r  u_decrease_duty_btn/count_reg[15]/C
  -------------------------------------------------------------------    -------------------
    SLICE_X60Y28         FDCE (Prop_fdce_C_Q)         0.164     1.631 f  u_decrease_duty_btn/count_reg[15]/Q
                         net (fo=22, routed)          0.145     1.777    u_decrease_duty_btn/count_reg_n_0_[15]
    SLICE_X59Y28         LUT6 (Prop_lut6_I1_O)        0.045     1.822 r  u_decrease_duty_btn/count[14]_i_1__0/O
                         net (fo=1, routed)           0.000     1.822    u_decrease_duty_btn/count[14]_i_1__0_n_0
    SLICE_X59Y28         FDCE                                         r  u_decrease_duty_btn/count_reg[14]/D
  -------------------------------------------------------------------    -------------------

                         (clock sys_clk_pin rise edge)
                                                      0.000     0.000 r  
    W5                                                0.000     0.000 r  clk (IN)
                         net (fo=0)                   0.000     0.000    clk
    W5                   IBUF (Prop_ibuf_I_O)         0.414     0.414 r  clk_IBUF_inst/O
                         net (fo=1, routed)           0.685     1.099    clk_IBUF
    BUFGCTRL_X0Y0        BUFG (Prop_bufg_I_O)         0.029     1.128 r  clk_IBUF_BUFG_inst/O
                         net (fo=101, routed)         0.852     1.979    u_decrease_duty_btn/clk_IBUF_BUFG
    SLICE_X59Y28         FDCE                                         r  u_decrease_duty_btn/count_reg[14]/C
                         clock pessimism             -0.498     1.481    
    SLICE_X59Y28         FDCE (Hold_fdce_C_D)         0.092     1.573    u_decrease_duty_btn/count_reg[14]
  -------------------------------------------------------------------
                         required time                         -1.573    
                         arrival time                           1.822    
  -------------------------------------------------------------------
                         slack                                  0.248    

Slack (MET) :             0.249ns  (arrival time - required time)
  Source:                 u_pwm_duty_control/r_counter_PWM_reg[2]/C
                            (rising edge-triggered cell FDCE clocked by sys_clk_pin  {rise@0.000ns fall@5.000ns period=10.000ns})
  Destination:            u_pwm_duty_control/r_counter_PWM_reg[3]/D
                            (rising edge-triggered cell FDCE clocked by sys_clk_pin  {rise@0.000ns fall@5.000ns period=10.000ns})
  Path Group:             sys_clk_pin
  Path Type:              Hold (Min at Fast Process Corner)
  Requirement:            0.000ns  (sys_clk_pin rise@0.000ns - sys_clk_pin rise@0.000ns)
  Data Path Delay:        0.356ns  (logic 0.190ns (53.319%)  route 0.166ns (46.681%))
  Logic Levels:           1  (LUT4=1)
  Clock Path Skew:        0.000ns (DCD - SCD - CPR)
    Destination Clock Delay (DCD):    1.977ns
    Source Clock Delay      (SCD):    1.465ns
    Clock Pessimism Removal (CPR):    0.512ns

    Location             Delay type                Incr(ns)  Path(ns)    Netlist Resource(s)
  -------------------------------------------------------------------    -------------------
                         (clock sys_clk_pin rise edge)
                                                      0.000     0.000 r  
    W5                                                0.000     0.000 r  clk (IN)
                         net (fo=0)                   0.000     0.000    clk
    W5                   IBUF (Prop_ibuf_I_O)         0.226     0.226 r  clk_IBUF_inst/O
                         net (fo=1, routed)           0.631     0.858    clk_IBUF
    BUFGCTRL_X0Y0        BUFG (Prop_bufg_I_O)         0.026     0.884 r  clk_IBUF_BUFG_inst/O
                         net (fo=101, routed)         0.582     1.465    u_pwm_duty_control/clk_IBUF_BUFG
    SLICE_X63Y24         FDCE                                         r  u_pwm_duty_control/r_counter_PWM_reg[2]/C
  -------------------------------------------------------------------    -------------------
    SLICE_X63Y24         FDCE (Prop_fdce_C_Q)         0.141     1.606 r  u_pwm_duty_control/r_counter_PWM_reg[2]/Q
                         net (fo=4, routed)           0.166     1.772    u_pwm_duty_control/r_counter_PWM_reg[2]
    SLICE_X63Y24         LUT4 (Prop_lut4_I2_O)        0.049     1.821 r  u_pwm_duty_control/r_counter_PWM[3]_i_1/O
                         net (fo=1, routed)           0.000     1.821    u_pwm_duty_control/r_counter_PWM[3]_i_1_n_0
    SLICE_X63Y24         FDCE                                         r  u_pwm_duty_control/r_counter_PWM_reg[3]/D
  -------------------------------------------------------------------    -------------------

                         (clock sys_clk_pin rise edge)
                                                      0.000     0.000 r  
    W5                                                0.000     0.000 r  clk (IN)
                         net (fo=0)                   0.000     0.000    clk
    W5                   IBUF (Prop_ibuf_I_O)         0.414     0.414 r  clk_IBUF_inst/O
                         net (fo=1, routed)           0.685     1.099    clk_IBUF
    BUFGCTRL_X0Y0        BUFG (Prop_bufg_I_O)         0.029     1.128 r  clk_IBUF_BUFG_inst/O
                         net (fo=101, routed)         0.850     1.977    u_pwm_duty_control/clk_IBUF_BUFG
    SLICE_X63Y24         FDCE                                         r  u_pwm_duty_control/r_counter_PWM_reg[3]/C
                         clock pessimism             -0.512     1.465    
    SLICE_X63Y24         FDCE (Hold_fdce_C_D)         0.107     1.572    u_pwm_duty_control/r_counter_PWM_reg[3]
  -------------------------------------------------------------------
                         required time                         -1.572    
                         arrival time                           1.821    
  -------------------------------------------------------------------
                         slack                                  0.249    

Slack (MET) :             0.251ns  (arrival time - required time)
  Source:                 u_decrease_duty_btn/count_reg[15]/C
                            (rising edge-triggered cell FDCE clocked by sys_clk_pin  {rise@0.000ns fall@5.000ns period=10.000ns})
  Destination:            u_decrease_duty_btn/count_reg[16]/D
                            (rising edge-triggered cell FDCE clocked by sys_clk_pin  {rise@0.000ns fall@5.000ns period=10.000ns})
  Path Group:             sys_clk_pin
  Path Type:              Hold (Min at Fast Process Corner)
  Requirement:            0.000ns  (sys_clk_pin rise@0.000ns - sys_clk_pin rise@0.000ns)
  Data Path Delay:        0.357ns  (logic 0.209ns (58.474%)  route 0.148ns (41.526%))
  Logic Levels:           1  (LUT6=1)
  Clock Path Skew:        0.014ns (DCD - SCD - CPR)
    Destination Clock Delay (DCD):    1.979ns
    Source Clock Delay      (SCD):    1.467ns
    Clock Pessimism Removal (CPR):    0.498ns

    Location             Delay type                Incr(ns)  Path(ns)    Netlist Resource(s)
  -------------------------------------------------------------------    -------------------
                         (clock sys_clk_pin rise edge)
                                                      0.000     0.000 r  
    W5                                                0.000     0.000 r  clk (IN)
                         net (fo=0)                   0.000     0.000    clk
    W5                   IBUF (Prop_ibuf_I_O)         0.226     0.226 r  clk_IBUF_inst/O
                         net (fo=1, routed)           0.631     0.858    clk_IBUF
    BUFGCTRL_X0Y0        BUFG (Prop_bufg_I_O)         0.026     0.884 r  clk_IBUF_BUFG_inst/O
                         net (fo=101, routed)         0.584     1.467    u_decrease_duty_btn/clk_IBUF_BUFG
    SLICE_X60Y28         FDCE                                         r  u_decrease_duty_btn/count_reg[15]/C
  -------------------------------------------------------------------    -------------------
    SLICE_X60Y28         FDCE (Prop_fdce_C_Q)         0.164     1.631 f  u_decrease_duty_btn/count_reg[15]/Q
                         net (fo=22, routed)          0.148     1.780    u_decrease_duty_btn/count_reg_n_0_[15]
    SLICE_X59Y28         LUT6 (Prop_lut6_I1_O)        0.045     1.825 r  u_decrease_duty_btn/count[16]_i_1__0/O
                         net (fo=1, routed)           0.000     1.825    u_decrease_duty_btn/count[16]_i_1__0_n_0
    SLICE_X59Y28         FDCE                                         r  u_decrease_duty_btn/count_reg[16]/D
  -------------------------------------------------------------------    -------------------

                         (clock sys_clk_pin rise edge)
                                                      0.000     0.000 r  
    W5                                                0.000     0.000 r  clk (IN)
                         net (fo=0)                   0.000     0.000    clk
    W5                   IBUF (Prop_ibuf_I_O)         0.414     0.414 r  clk_IBUF_inst/O
                         net (fo=1, routed)           0.685     1.099    clk_IBUF
    BUFGCTRL_X0Y0        BUFG (Prop_bufg_I_O)         0.029     1.128 r  clk_IBUF_BUFG_inst/O
                         net (fo=101, routed)         0.852     1.979    u_decrease_duty_btn/clk_IBUF_BUFG
    SLICE_X59Y28         FDCE                                         r  u_decrease_duty_btn/count_reg[16]/C
                         clock pessimism             -0.498     1.481    
    SLICE_X59Y28         FDCE (Hold_fdce_C_D)         0.092     1.573    u_decrease_duty_btn/count_reg[16]
  -------------------------------------------------------------------
                         required time                         -1.573    
                         arrival time                           1.825    
  -------------------------------------------------------------------
                         slack                                  0.251    

Slack (MET) :             0.254ns  (arrival time - required time)
  Source:                 u_pwm_duty_control/r_counter_PWM_reg[0]/C
                            (rising edge-triggered cell FDCE clocked by sys_clk_pin  {rise@0.000ns fall@5.000ns period=10.000ns})
  Destination:            u_pwm_duty_control/r_counter_PWM_reg[1]/D
                            (rising edge-triggered cell FDCE clocked by sys_clk_pin  {rise@0.000ns fall@5.000ns period=10.000ns})
  Path Group:             sys_clk_pin
  Path Type:              Hold (Min at Fast Process Corner)
  Requirement:            0.000ns  (sys_clk_pin rise@0.000ns - sys_clk_pin rise@0.000ns)
  Data Path Delay:        0.361ns  (logic 0.183ns (50.678%)  route 0.178ns (49.322%))
  Logic Levels:           1  (LUT3=1)
  Clock Path Skew:        0.000ns (DCD - SCD - CPR)
    Destination Clock Delay (DCD):    1.977ns
    Source Clock Delay      (SCD):    1.465ns
    Clock Pessimism Removal (CPR):    0.512ns

    Location             Delay type                Incr(ns)  Path(ns)    Netlist Resource(s)
  -------------------------------------------------------------------    -------------------
                         (clock sys_clk_pin rise edge)
                                                      0.000     0.000 r  
    W5                                                0.000     0.000 r  clk (IN)
                         net (fo=0)                   0.000     0.000    clk
    W5                   IBUF (Prop_ibuf_I_O)         0.226     0.226 r  clk_IBUF_inst/O
                         net (fo=1, routed)           0.631     0.858    clk_IBUF
    BUFGCTRL_X0Y0        BUFG (Prop_bufg_I_O)         0.026     0.884 r  clk_IBUF_BUFG_inst/O
                         net (fo=101, routed)         0.582     1.465    u_pwm_duty_control/clk_IBUF_BUFG
    SLICE_X63Y24         FDCE                                         r  u_pwm_duty_control/r_counter_PWM_reg[0]/C
  -------------------------------------------------------------------    -------------------
    SLICE_X63Y24         FDCE (Prop_fdce_C_Q)         0.141     1.606 r  u_pwm_duty_control/r_counter_PWM_reg[0]/Q
                         net (fo=5, routed)           0.178     1.784    u_pwm_duty_control/r_counter_PWM_reg[0]
    SLICE_X63Y24         LUT3 (Prop_lut3_I1_O)        0.042     1.826 r  u_pwm_duty_control/r_counter_PWM[1]_i_1/O
                         net (fo=1, routed)           0.000     1.826    u_pwm_duty_control/r_counter_PWM[1]_i_1_n_0
    SLICE_X63Y24         FDCE                                         r  u_pwm_duty_control/r_counter_PWM_reg[1]/D
  -------------------------------------------------------------------    -------------------

                         (clock sys_clk_pin rise edge)
                                                      0.000     0.000 r  
    W5                                                0.000     0.000 r  clk (IN)
                         net (fo=0)                   0.000     0.000    clk
    W5                   IBUF (Prop_ibuf_I_O)         0.414     0.414 r  clk_IBUF_inst/O
                         net (fo=1, routed)           0.685     1.099    clk_IBUF
    BUFGCTRL_X0Y0        BUFG (Prop_bufg_I_O)         0.029     1.128 r  clk_IBUF_BUFG_inst/O
                         net (fo=101, routed)         0.850     1.977    u_pwm_duty_control/clk_IBUF_BUFG
    SLICE_X63Y24         FDCE                                         r  u_pwm_duty_control/r_counter_PWM_reg[1]/C
                         clock pessimism             -0.512     1.465    
    SLICE_X63Y24         FDCE (Hold_fdce_C_D)         0.107     1.572    u_pwm_duty_control/r_counter_PWM_reg[1]
  -------------------------------------------------------------------
                         required time                         -1.572    
                         arrival time                           1.826    
  -------------------------------------------------------------------
                         slack                                  0.254    

Slack (MET) :             0.260ns  (arrival time - required time)
  Source:                 u_pwm_duty_control/r_counter_PWM_reg[2]/C
                            (rising edge-triggered cell FDCE clocked by sys_clk_pin  {rise@0.000ns fall@5.000ns period=10.000ns})
  Destination:            u_pwm_duty_control/r_counter_PWM_reg[0]/D
                            (rising edge-triggered cell FDCE clocked by sys_clk_pin  {rise@0.000ns fall@5.000ns period=10.000ns})
  Path Group:             sys_clk_pin
  Path Type:              Hold (Min at Fast Process Corner)
  Requirement:            0.000ns  (sys_clk_pin rise@0.000ns - sys_clk_pin rise@0.000ns)
  Data Path Delay:        0.351ns  (logic 0.186ns (52.940%)  route 0.165ns (47.060%))
  Logic Levels:           1  (LUT4=1)
  Clock Path Skew:        0.000ns (DCD - SCD - CPR)
    Destination Clock Delay (DCD):    1.977ns
    Source Clock Delay      (SCD):    1.465ns
    Clock Pessimism Removal (CPR):    0.512ns

    Location             Delay type                Incr(ns)  Path(ns)    Netlist Resource(s)
  -------------------------------------------------------------------    -------------------
                         (clock sys_clk_pin rise edge)
                                                      0.000     0.000 r  
    W5                                                0.000     0.000 r  clk (IN)
                         net (fo=0)                   0.000     0.000    clk
    W5                   IBUF (Prop_ibuf_I_O)         0.226     0.226 r  clk_IBUF_inst/O
                         net (fo=1, routed)           0.631     0.858    clk_IBUF
    BUFGCTRL_X0Y0        BUFG (Prop_bufg_I_O)         0.026     0.884 r  clk_IBUF_BUFG_inst/O
                         net (fo=101, routed)         0.582     1.465    u_pwm_duty_control/clk_IBUF_BUFG
    SLICE_X63Y24         FDCE                                         r  u_pwm_duty_control/r_counter_PWM_reg[2]/C
  -------------------------------------------------------------------    -------------------
    SLICE_X63Y24         FDCE (Prop_fdce_C_Q)         0.141     1.606 f  u_pwm_duty_control/r_counter_PWM_reg[2]/Q
                         net (fo=4, routed)           0.165     1.771    u_pwm_duty_control/r_counter_PWM_reg[2]
    SLICE_X63Y24         LUT4 (Prop_lut4_I2_O)        0.045     1.816 r  u_pwm_duty_control/r_counter_PWM[0]_i_1/O
                         net (fo=1, routed)           0.000     1.816    u_pwm_duty_control/r_counter_PWM[0]_i_1_n_0
    SLICE_X63Y24         FDCE                                         r  u_pwm_duty_control/r_counter_PWM_reg[0]/D
  -------------------------------------------------------------------    -------------------

                         (clock sys_clk_pin rise edge)
                                                      0.000     0.000 r  
    W5                                                0.000     0.000 r  clk (IN)
                         net (fo=0)                   0.000     0.000    clk
    W5                   IBUF (Prop_ibuf_I_O)         0.414     0.414 r  clk_IBUF_inst/O
                         net (fo=1, routed)           0.685     1.099    clk_IBUF
    BUFGCTRL_X0Y0        BUFG (Prop_bufg_I_O)         0.029     1.128 r  clk_IBUF_BUFG_inst/O
                         net (fo=101, routed)         0.850     1.977    u_pwm_duty_control/clk_IBUF_BUFG
    SLICE_X63Y24         FDCE                                         r  u_pwm_duty_control/r_counter_PWM_reg[0]/C
                         clock pessimism             -0.512     1.465    
    SLICE_X63Y24         FDCE (Hold_fdce_C_D)         0.091     1.556    u_pwm_duty_control/r_counter_PWM_reg[0]
  -------------------------------------------------------------------
                         required time                         -1.556    
                         arrival time                           1.816    
  -------------------------------------------------------------------
                         slack                                  0.260    

Slack (MET) :             0.260ns  (arrival time - required time)
  Source:                 u_pwm_duty_control/r_counter_PWM_reg[2]/C
                            (rising edge-triggered cell FDCE clocked by sys_clk_pin  {rise@0.000ns fall@5.000ns period=10.000ns})
  Destination:            u_pwm_duty_control/r_counter_PWM_reg[2]/D
                            (rising edge-triggered cell FDCE clocked by sys_clk_pin  {rise@0.000ns fall@5.000ns period=10.000ns})
  Path Group:             sys_clk_pin
  Path Type:              Hold (Min at Fast Process Corner)
  Requirement:            0.000ns  (sys_clk_pin rise@0.000ns - sys_clk_pin rise@0.000ns)
  Data Path Delay:        0.352ns  (logic 0.186ns (52.790%)  route 0.166ns (47.210%))
  Logic Levels:           1  (LUT4=1)
  Clock Path Skew:        0.000ns (DCD - SCD - CPR)
    Destination Clock Delay (DCD):    1.977ns
    Source Clock Delay      (SCD):    1.465ns
    Clock Pessimism Removal (CPR):    0.512ns

    Location             Delay type                Incr(ns)  Path(ns)    Netlist Resource(s)
  -------------------------------------------------------------------    -------------------
                         (clock sys_clk_pin rise edge)
                                                      0.000     0.000 r  
    W5                                                0.000     0.000 r  clk (IN)
                         net (fo=0)                   0.000     0.000    clk
    W5                   IBUF (Prop_ibuf_I_O)         0.226     0.226 r  clk_IBUF_inst/O
                         net (fo=1, routed)           0.631     0.858    clk_IBUF
    BUFGCTRL_X0Y0        BUFG (Prop_bufg_I_O)         0.026     0.884 r  clk_IBUF_BUFG_inst/O
                         net (fo=101, routed)         0.582     1.465    u_pwm_duty_control/clk_IBUF_BUFG
    SLICE_X63Y24         FDCE                                         r  u_pwm_duty_control/r_counter_PWM_reg[2]/C
  -------------------------------------------------------------------    -------------------
    SLICE_X63Y24         FDCE (Prop_fdce_C_Q)         0.141     1.606 r  u_pwm_duty_control/r_counter_PWM_reg[2]/Q
                         net (fo=4, routed)           0.166     1.772    u_pwm_duty_control/r_counter_PWM_reg[2]
    SLICE_X63Y24         LUT4 (Prop_lut4_I2_O)        0.045     1.817 r  u_pwm_duty_control/r_counter_PWM[2]_i_1/O
                         net (fo=1, routed)           0.000     1.817    u_pwm_duty_control/r_counter_PWM[2]_i_1_n_0
    SLICE_X63Y24         FDCE                                         r  u_pwm_duty_control/r_counter_PWM_reg[2]/D
  -------------------------------------------------------------------    -------------------

                         (clock sys_clk_pin rise edge)
                                                      0.000     0.000 r  
    W5                                                0.000     0.000 r  clk (IN)
                         net (fo=0)                   0.000     0.000    clk
    W5                   IBUF (Prop_ibuf_I_O)         0.414     0.414 r  clk_IBUF_inst/O
                         net (fo=1, routed)           0.685     1.099    clk_IBUF
    BUFGCTRL_X0Y0        BUFG (Prop_bufg_I_O)         0.029     1.128 r  clk_IBUF_BUFG_inst/O
                         net (fo=101, routed)         0.850     1.977    u_pwm_duty_control/clk_IBUF_BUFG
    SLICE_X63Y24         FDCE                                         r  u_pwm_duty_control/r_counter_PWM_reg[2]/C
                         clock pessimism             -0.512     1.465    
    SLICE_X63Y24         FDCE (Hold_fdce_C_D)         0.092     1.557    u_pwm_duty_control/r_counter_PWM_reg[2]
  -------------------------------------------------------------------
                         required time                         -1.557    
                         arrival time                           1.817    
  -------------------------------------------------------------------
                         slack                                  0.260    

Slack (MET) :             0.262ns  (arrival time - required time)
  Source:                 u_decrease_duty_btn/count_reg[14]/C
                            (rising edge-triggered cell FDCE clocked by sys_clk_pin  {rise@0.000ns fall@5.000ns period=10.000ns})
  Destination:            u_decrease_duty_btn/count_reg[18]/D
                            (rising edge-triggered cell FDCE clocked by sys_clk_pin  {rise@0.000ns fall@5.000ns period=10.000ns})
  Path Group:             sys_clk_pin
  Path Type:              Hold (Min at Fast Process Corner)
  Requirement:            0.000ns  (sys_clk_pin rise@0.000ns - sys_clk_pin rise@0.000ns)
  Data Path Delay:        0.369ns  (logic 0.186ns (50.454%)  route 0.183ns (49.546%))
  Logic Levels:           1  (LUT6=1)
  Clock Path Skew:        0.015ns (DCD - SCD - CPR)
    Destination Clock Delay (DCD):    1.980ns
    Source Clock Delay      (SCD):    1.467ns
    Clock Pessimism Removal (CPR):    0.498ns

    Location             Delay type                Incr(ns)  Path(ns)    Netlist Resource(s)
  -------------------------------------------------------------------    -------------------
                         (clock sys_clk_pin rise edge)
                                                      0.000     0.000 r  
    W5                                                0.000     0.000 r  clk (IN)
                         net (fo=0)                   0.000     0.000    clk
    W5                   IBUF (Prop_ibuf_I_O)         0.226     0.226 r  clk_IBUF_inst/O
                         net (fo=1, routed)           0.631     0.858    clk_IBUF
    BUFGCTRL_X0Y0        BUFG (Prop_bufg_I_O)         0.026     0.884 r  clk_IBUF_BUFG_inst/O
                         net (fo=101, routed)         0.584     1.467    u_decrease_duty_btn/clk_IBUF_BUFG
    SLICE_X59Y28         FDCE                                         r  u_decrease_duty_btn/count_reg[14]/C
  -------------------------------------------------------------------    -------------------
    SLICE_X59Y28         FDCE (Prop_fdce_C_Q)         0.141     1.608 f  u_decrease_duty_btn/count_reg[14]/Q
                         net (fo=22, routed)          0.183     1.791    u_decrease_duty_btn/count_reg_n_0_[14]
    SLICE_X59Y29         LUT6 (Prop_lut6_I3_O)        0.045     1.836 r  u_decrease_duty_btn/count[18]_i_1__0/O
                         net (fo=1, routed)           0.000     1.836    u_decrease_duty_btn/count[18]_i_1__0_n_0
    SLICE_X59Y29         FDCE                                         r  u_decrease_duty_btn/count_reg[18]/D
  -------------------------------------------------------------------    -------------------

                         (clock sys_clk_pin rise edge)
                                                      0.000     0.000 r  
    W5                                                0.000     0.000 r  clk (IN)
                         net (fo=0)                   0.000     0.000    clk
    W5                   IBUF (Prop_ibuf_I_O)         0.414     0.414 r  clk_IBUF_inst/O
                         net (fo=1, routed)           0.685     1.099    clk_IBUF
    BUFGCTRL_X0Y0        BUFG (Prop_bufg_I_O)         0.029     1.128 r  clk_IBUF_BUFG_inst/O
                         net (fo=101, routed)         0.853     1.980    u_decrease_duty_btn/clk_IBUF_BUFG
    SLICE_X59Y29         FDCE                                         r  u_decrease_duty_btn/count_reg[18]/C
                         clock pessimism             -0.498     1.482    
    SLICE_X59Y29         FDCE (Hold_fdce_C_D)         0.092     1.574    u_decrease_duty_btn/count_reg[18]
  -------------------------------------------------------------------
                         required time                         -1.574    
                         arrival time                           1.836    
  -------------------------------------------------------------------
                         slack                                  0.262    





Pulse Width Checks
--------------------------------------------------------------------------------------
Clock Name:         sys_clk_pin
Waveform(ns):       { 0.000 5.000 }
Period(ns):         10.000
Sources:            { clk }

Check Type        Corner  Lib Pin  Reference Pin  Required(ns)  Actual(ns)  Slack(ns)  Location       Pin
Min Period        n/a     BUFG/I   n/a            2.155         10.000      7.845      BUFGCTRL_X0Y0  clk_IBUF_BUFG_inst/I
Min Period        n/a     FDCE/C   n/a            1.000         10.000      9.000      SLICE_X58Y25   u_decrease_duty_btn/btn_state_reg/C
Min Period        n/a     FDCE/C   n/a            1.000         10.000      9.000      SLICE_X59Y24   u_decrease_duty_btn/count_reg[0]/C
Min Period        n/a     FDCE/C   n/a            1.000         10.000      9.000      SLICE_X59Y28   u_decrease_duty_btn/count_reg[10]/C
Min Period        n/a     FDCE/C   n/a            1.000         10.000      9.000      SLICE_X59Y27   u_decrease_duty_btn/count_reg[11]/C
Min Period        n/a     FDCE/C   n/a            1.000         10.000      9.000      SLICE_X59Y27   u_decrease_duty_btn/count_reg[12]/C
Min Period        n/a     FDCE/C   n/a            1.000         10.000      9.000      SLICE_X59Y28   u_decrease_duty_btn/count_reg[13]/C
Min Period        n/a     FDCE/C   n/a            1.000         10.000      9.000      SLICE_X59Y28   u_decrease_duty_btn/count_reg[14]/C
Min Period        n/a     FDCE/C   n/a            1.000         10.000      9.000      SLICE_X60Y28   u_decrease_duty_btn/count_reg[15]/C
Min Period        n/a     FDCE/C   n/a            1.000         10.000      9.000      SLICE_X59Y28   u_decrease_duty_btn/count_reg[16]/C
Low Pulse Width   Slow    FDCE/C   n/a            0.500         5.000       4.500      SLICE_X58Y25   u_decrease_duty_btn/btn_state_reg/C
Low Pulse Width   Fast    FDCE/C   n/a            0.500         5.000       4.500      SLICE_X58Y25   u_decrease_duty_btn/btn_state_reg/C
Low Pulse Width   Slow    FDCE/C   n/a            0.500         5.000       4.500      SLICE_X59Y24   u_decrease_duty_btn/count_reg[0]/C
Low Pulse Width   Fast    FDCE/C   n/a            0.500         5.000       4.500      SLICE_X59Y24   u_decrease_duty_btn/count_reg[0]/C
Low Pulse Width   Slow    FDCE/C   n/a            0.500         5.000       4.500      SLICE_X59Y28   u_decrease_duty_btn/count_reg[10]/C
Low Pulse Width   Fast    FDCE/C   n/a            0.500         5.000       4.500      SLICE_X59Y28   u_decrease_duty_btn/count_reg[10]/C
Low Pulse Width   Slow    FDCE/C   n/a            0.500         5.000       4.500      SLICE_X59Y27   u_decrease_duty_btn/count_reg[11]/C
Low Pulse Width   Fast    FDCE/C   n/a            0.500         5.000       4.500      SLICE_X59Y27   u_decrease_duty_btn/count_reg[11]/C
Low Pulse Width   Slow    FDCE/C   n/a            0.500         5.000       4.500      SLICE_X59Y27   u_decrease_duty_btn/count_reg[12]/C
Low Pulse Width   Fast    FDCE/C   n/a            0.500         5.000       4.500      SLICE_X59Y27   u_decrease_duty_btn/count_reg[12]/C
High Pulse Width  Slow    FDCE/C   n/a            0.500         5.000       4.500      SLICE_X58Y25   u_decrease_duty_btn/btn_state_reg/C
High Pulse Width  Fast    FDCE/C   n/a            0.500         5.000       4.500      SLICE_X58Y25   u_decrease_duty_btn/btn_state_reg/C
High Pulse Width  Slow    FDCE/C   n/a            0.500         5.000       4.500      SLICE_X59Y24   u_decrease_duty_btn/count_reg[0]/C
High Pulse Width  Fast    FDCE/C   n/a            0.500         5.000       4.500      SLICE_X59Y24   u_decrease_duty_btn/count_reg[0]/C
High Pulse Width  Slow    FDCE/C   n/a            0.500         5.000       4.500      SLICE_X59Y28   u_decrease_duty_btn/count_reg[10]/C
High Pulse Width  Fast    FDCE/C   n/a            0.500         5.000       4.500      SLICE_X59Y28   u_decrease_duty_btn/count_reg[10]/C
High Pulse Width  Slow    FDCE/C   n/a            0.500         5.000       4.500      SLICE_X59Y27   u_decrease_duty_btn/count_reg[11]/C
High Pulse Width  Fast    FDCE/C   n/a            0.500         5.000       4.500      SLICE_X59Y27   u_decrease_duty_btn/count_reg[11]/C
High Pulse Width  Slow    FDCE/C   n/a            0.500         5.000       4.500      SLICE_X59Y27   u_decrease_duty_btn/count_reg[12]/C
High Pulse Width  Fast    FDCE/C   n/a            0.500         5.000       4.500      SLICE_X59Y27   u_decrease_duty_btn/count_reg[12]/C



