Copyright 1986-2021 Xilinx, Inc. All Rights Reserved.
--------------------------------------------------------------------------------------------------------------------------------------------------------------------------------------------------------
| Tool Version : Vivado v.2021.1 (win64) Build 3247384 Thu Jun 10 19:36:33 MDT 2021
| Date         : Fri Feb 27 15:30:16 2026
| Host         : DESKTOP-0G8LKRK running 64-bit major release  (build 9200)
| Command      : report_timing_summary -max_paths 10 -file make_buzzer_timing_summary_routed.rpt -pb make_buzzer_timing_summary_routed.pb -rpx make_buzzer_timing_summary_routed.rpx -warn_on_violation
| Design       : make_buzzer
| Device       : 7a35t-cpg236
| Speed File   : -1  PRODUCTION 1.23 2018-06-13
--------------------------------------------------------------------------------------------------------------------------------------------------------------------------------------------------------

Timing Summary Report

------------------------------------------------------------------------------------------------
| Timer Settings
| --------------
------------------------------------------------------------------------------------------------

  Enable Multi Corner Analysis               :  Yes
  Enable Pessimism Removal                   :  Yes
  Pessimism Removal Resolution               :  Nearest Common Node
  Enable Input Delay Default Clock           :  No
  Enable Preset / Clear Arcs                 :  No
  Disable Flight Delays                      :  No
  Ignore I/O Paths                           :  No
  Timing Early Launch at Borrowing Latches   :  No
  Borrow Time for Max Delay Exceptions       :  Yes
  Merge Timing Exceptions                    :  Yes

  Corner  Analyze    Analyze    
  Name    Max Paths  Min Paths  
  ------  ---------  ---------  
  Slow    Yes        Yes        
  Fast    Yes        Yes        


------------------------------------------------------------------------------------------------
| Report Methodology
| ------------------
------------------------------------------------------------------------------------------------

Rule       Severity  Description                    Violations  
---------  --------  -----------------------------  ----------  
TIMING-18  Warning   Missing input or output delay  4           

Note: This report is based on the most recent report_methodology run and may not be up-to-date. Run report_methodology on the current design for the latest report.



check_timing report

Table of Contents
-----------------
1. checking no_clock (0)
2. checking constant_clock (0)
3. checking pulse_width_clock (0)
4. checking unconstrained_internal_endpoints (0)
5. checking no_input_delay (3)
6. checking no_output_delay (1)
7. checking multiple_clock (0)
8. checking generated_clocks (0)
9. checking loops (0)
10. checking partial_input_delay (0)
11. checking partial_output_delay (0)
12. checking latch_loops (0)

1. checking no_clock (0)
------------------------
 There are 0 register/latch pins with no clock.


2. checking constant_clock (0)
------------------------------
 There are 0 register/latch pins with constant_clock.


3. checking pulse_width_clock (0)
---------------------------------
 There are 0 register/latch pins which need pulse_width check


4. checking unconstrained_internal_endpoints (0)
------------------------------------------------
 There are 0 pins that are not constrained for maximum delay.

 There are 0 pins that are not constrained for maximum delay due to constant clock.


5. checking no_input_delay (3)
------------------------------
 There are 3 input ports with no input delay specified. (HIGH)

 There are 0 input ports with no input delay but user has a false path constraint.


6. checking no_output_delay (1)
-------------------------------
 There is 1 port with no output delay specified. (HIGH)

 There are 0 ports with no output delay but user has a false path constraint

 There are 0 ports with no output delay but with a timing clock defined on it or propagating through it


7. checking multiple_clock (0)
------------------------------
 There are 0 register/latch pins with multiple clocks.


8. checking generated_clocks (0)
--------------------------------
 There are 0 generated clocks that are not connected to a clock source.


9. checking loops (0)
---------------------
 There are 0 combinational loops in the design.


10. checking partial_input_delay (0)
------------------------------------
 There are 0 input ports with partial input delay specified.


11. checking partial_output_delay (0)
-------------------------------------
 There are 0 ports with partial output delay specified.


12. checking latch_loops (0)
----------------------------
 There are 0 combinational latch loops in the design through latch input



------------------------------------------------------------------------------------------------
| Design Timing Summary
| ---------------------
------------------------------------------------------------------------------------------------

    WNS(ns)      TNS(ns)  TNS Failing Endpoints  TNS Total Endpoints      WHS(ns)      THS(ns)  THS Failing Endpoints  THS Total Endpoints     WPWS(ns)     TPWS(ns)  TPWS Failing Endpoints  TPWS Total Endpoints  
    -------      -------  ---------------------  -------------------      -------      -------  ---------------------  -------------------     --------     --------  ----------------------  --------------------  
      4.930        0.000                      0                  179        0.208        0.000                      0                  179        4.500        0.000                       0                    95  


All user specified timing constraints are met.


------------------------------------------------------------------------------------------------
| Clock Summary
| -------------
------------------------------------------------------------------------------------------------

Clock        Waveform(ns)       Period(ns)      Frequency(MHz)
-----        ------------       ----------      --------------
sys_clk_pin  {0.000 5.000}      10.000          100.000         


------------------------------------------------------------------------------------------------
| Intra Clock Table
| -----------------
------------------------------------------------------------------------------------------------

Clock             WNS(ns)      TNS(ns)  TNS Failing Endpoints  TNS Total Endpoints      WHS(ns)      THS(ns)  THS Failing Endpoints  THS Total Endpoints     WPWS(ns)     TPWS(ns)  TPWS Failing Endpoints  TPWS Total Endpoints  
-----             -------      -------  ---------------------  -------------------      -------      -------  ---------------------  -------------------     --------     --------  ----------------------  --------------------  
sys_clk_pin         4.930        0.000                      0                  179        0.208        0.000                      0                  179        4.500        0.000                       0                    95  


------------------------------------------------------------------------------------------------
| Inter Clock Table
| -----------------
------------------------------------------------------------------------------------------------

From Clock    To Clock          WNS(ns)      TNS(ns)  TNS Failing Endpoints  TNS Total Endpoints      WHS(ns)      THS(ns)  THS Failing Endpoints  THS Total Endpoints  
----------    --------          -------      -------  ---------------------  -------------------      -------      -------  ---------------------  -------------------  


------------------------------------------------------------------------------------------------
| Other Path Groups Table
| -----------------------
------------------------------------------------------------------------------------------------

Path Group    From Clock    To Clock          WNS(ns)      TNS(ns)  TNS Failing Endpoints  TNS Total Endpoints      WHS(ns)      THS(ns)  THS Failing Endpoints  THS Total Endpoints  
----------    ----------    --------          -------      -------  ---------------------  -------------------      -------      -------  ---------------------  -------------------  


------------------------------------------------------------------------------------------------
| Timing Details
| --------------
------------------------------------------------------------------------------------------------


---------------------------------------------------------------------------------------------------
From Clock:  sys_clk_pin
  To Clock:  sys_clk_pin

Setup :            0  Failing Endpoints,  Worst Slack        4.930ns,  Total Violation        0.000ns
Hold  :            0  Failing Endpoints,  Worst Slack        0.208ns,  Total Violation        0.000ns
PW    :            0  Failing Endpoints,  Worst Slack        4.500ns,  Total Violation        0.000ns
---------------------------------------------------------------------------------------------------


Max Delay Paths
--------------------------------------------------------------------------------------
Slack (MET) :             4.930ns  (required time - arrival time)
  Source:                 u_play_beep/r_clk_cnt_reg[10]/C
                            (rising edge-triggered cell FDCE clocked by sys_clk_pin  {rise@0.000ns fall@5.000ns period=10.000ns})
  Destination:            u_play_beep/r_buzzer_frequency_reg/D
                            (rising edge-triggered cell FDCE clocked by sys_clk_pin  {rise@0.000ns fall@5.000ns period=10.000ns})
  Path Group:             sys_clk_pin
  Path Type:              Setup (Max at Slow Process Corner)
  Requirement:            10.000ns  (sys_clk_pin rise@10.000ns - sys_clk_pin rise@0.000ns)
  Data Path Delay:        5.076ns  (logic 1.246ns (24.545%)  route 3.830ns (75.455%))
  Logic Levels:           4  (LUT3=1 LUT6=3)
  Clock Path Skew:        -0.035ns (DCD - SCD + CPR)
    Destination Clock Delay (DCD):    4.843ns = ( 14.843 - 10.000 ) 
    Source Clock Delay      (SCD):    5.138ns
    Clock Pessimism Removal (CPR):    0.260ns
  Clock Uncertainty:      0.035ns  ((TSJ^2 + TIJ^2)^1/2 + DJ) / 2 + PE
    Total System Jitter     (TSJ):    0.071ns
    Total Input Jitter      (TIJ):    0.000ns
    Discrete Jitter          (DJ):    0.000ns
    Phase Error              (PE):    0.000ns

    Location             Delay type                Incr(ns)  Path(ns)    Netlist Resource(s)
  -------------------------------------------------------------------    -------------------
                         (clock sys_clk_pin rise edge)
                                                      0.000     0.000 r  
    W5                                                0.000     0.000 r  clk (IN)
                         net (fo=0)                   0.000     0.000    clk
    W5                   IBUF (Prop_ibuf_I_O)         1.458     1.458 r  clk_IBUF_inst/O
                         net (fo=1, routed)           1.967     3.425    clk_IBUF
    BUFGCTRL_X0Y0        BUFG (Prop_bufg_I_O)         0.096     3.521 r  clk_IBUF_BUFG_inst/O
                         net (fo=94, routed)          1.617     5.138    u_play_beep/clk_IBUF_BUFG
    SLICE_X6Y26          FDCE                                         r  u_play_beep/r_clk_cnt_reg[10]/C
  -------------------------------------------------------------------    -------------------
    SLICE_X6Y26          FDCE (Prop_fdce_C_Q)         0.518     5.656 f  u_play_beep/r_clk_cnt_reg[10]/Q
                         net (fo=8, routed)           1.342     6.998    u_play_beep/r_clk_cnt[10]
    SLICE_X3Y27          LUT3 (Prop_lut3_I1_O)        0.153     7.151 r  u_play_beep/r_clk_cnt[21]_i_16/O
                         net (fo=2, routed)           0.733     7.884    u_play_beep/r_clk_cnt[21]_i_16_n_0
    SLICE_X5Y28          LUT6 (Prop_lut6_I2_O)        0.327     8.211 r  u_play_beep/r_clk_cnt[21]_i_4/O
                         net (fo=1, routed)           0.714     8.925    u_play_beep/r_clk_cnt[21]_i_4_n_0
    SLICE_X5Y27          LUT6 (Prop_lut6_I0_O)        0.124     9.049 r  u_play_beep/r_clk_cnt[21]_i_2/O
                         net (fo=23, routed)          1.042    10.091    u_play_beep/r_clk_cnt[21]_i_2_n_0
    SLICE_X2Y25          LUT6 (Prop_lut6_I3_O)        0.124    10.215 r  u_play_beep/r_buzzer_frequency_i_1/O
                         net (fo=1, routed)           0.000    10.215    u_play_beep/r_buzzer_frequency_i_1_n_0
    SLICE_X2Y25          FDCE                                         r  u_play_beep/r_buzzer_frequency_reg/D
  -------------------------------------------------------------------    -------------------

                         (clock sys_clk_pin rise edge)
                                                     10.000    10.000 r  
    W5                                                0.000    10.000 r  clk (IN)
                         net (fo=0)                   0.000    10.000    clk
    W5                   IBUF (Prop_ibuf_I_O)         1.388    11.388 r  clk_IBUF_inst/O
                         net (fo=1, routed)           1.862    13.250    clk_IBUF
    BUFGCTRL_X0Y0        BUFG (Prop_bufg_I_O)         0.091    13.341 r  clk_IBUF_BUFG_inst/O
                         net (fo=94, routed)          1.502    14.843    u_play_beep/clk_IBUF_BUFG
    SLICE_X2Y25          FDCE                                         r  u_play_beep/r_buzzer_frequency_reg/C
                         clock pessimism              0.260    15.103    
                         clock uncertainty           -0.035    15.068    
    SLICE_X2Y25          FDCE (Setup_fdce_C_D)        0.077    15.145    u_play_beep/r_buzzer_frequency_reg
  -------------------------------------------------------------------
                         required time                         15.145    
                         arrival time                         -10.215    
  -------------------------------------------------------------------
                         slack                                  4.930    

Slack (MET) :             4.999ns  (required time - arrival time)
  Source:                 u_btn_debouncer/U_debouncer_btnR/count_reg[13]/C
                            (rising edge-triggered cell FDRE clocked by sys_clk_pin  {rise@0.000ns fall@5.000ns period=10.000ns})
  Destination:            u_btn_debouncer/U_debouncer_btnR/count_reg[0]/R
                            (rising edge-triggered cell FDRE clocked by sys_clk_pin  {rise@0.000ns fall@5.000ns period=10.000ns})
  Path Group:             sys_clk_pin
  Path Type:              Setup (Max at Slow Process Corner)
  Requirement:            10.000ns  (sys_clk_pin rise@10.000ns - sys_clk_pin rise@0.000ns)
  Data Path Delay:        4.316ns  (logic 0.981ns (22.729%)  route 3.335ns (77.271%))
  Logic Levels:           4  (LUT3=1 LUT4=1 LUT6=2)
  Clock Path Skew:        -0.017ns (DCD - SCD + CPR)
    Destination Clock Delay (DCD):    4.846ns = ( 14.846 - 10.000 ) 
    Source Clock Delay      (SCD):    5.136ns
    Clock Pessimism Removal (CPR):    0.273ns
  Clock Uncertainty:      0.035ns  ((TSJ^2 + TIJ^2)^1/2 + DJ) / 2 + PE
    Total System Jitter     (TSJ):    0.071ns
    Total Input Jitter      (TIJ):    0.000ns
    Discrete Jitter          (DJ):    0.000ns
    Phase Error              (PE):    0.000ns

    Location             Delay type                Incr(ns)  Path(ns)    Netlist Resource(s)
  -------------------------------------------------------------------    -------------------
                         (clock sys_clk_pin rise edge)
                                                      0.000     0.000 r  
    W5                                                0.000     0.000 r  clk (IN)
                         net (fo=0)                   0.000     0.000    clk
    W5                   IBUF (Prop_ibuf_I_O)         1.458     1.458 r  clk_IBUF_inst/O
                         net (fo=1, routed)           1.967     3.425    clk_IBUF
    BUFGCTRL_X0Y0        BUFG (Prop_bufg_I_O)         0.096     3.521 r  clk_IBUF_BUFG_inst/O
                         net (fo=94, routed)          1.615     5.136    u_btn_debouncer/U_debouncer_btnR/clk_IBUF_BUFG
    SLICE_X7Y24          FDRE                                         r  u_btn_debouncer/U_debouncer_btnR/count_reg[13]/C
  -------------------------------------------------------------------    -------------------
    SLICE_X7Y24          FDRE (Prop_fdre_C_Q)         0.456     5.592 r  u_btn_debouncer/U_debouncer_btnR/count_reg[13]/Q
                         net (fo=2, routed)           0.871     6.463    u_btn_debouncer/U_debouncer_btnR/count_reg[13]
    SLICE_X6Y23          LUT4 (Prop_lut4_I0_O)        0.124     6.587 r  u_btn_debouncer/U_debouncer_btnR/btn_state_i_4__0/O
                         net (fo=1, routed)           0.452     7.039    u_btn_debouncer/U_debouncer_btnR/btn_state_i_4__0_n_0
    SLICE_X6Y23          LUT6 (Prop_lut6_I1_O)        0.124     7.163 r  u_btn_debouncer/U_debouncer_btnR/btn_state_i_3__0/O
                         net (fo=1, routed)           0.544     7.706    u_btn_debouncer/U_debouncer_btnR/btn_state_i_3__0_n_0
    SLICE_X6Y25          LUT6 (Prop_lut6_I0_O)        0.124     7.830 r  u_btn_debouncer/U_debouncer_btnR/btn_state_i_2__0/O
                         net (fo=2, routed)           0.633     8.463    u_btn_debouncer/U_debouncer_btnR/btn_state_i_2__0_n_0
    SLICE_X5Y25          LUT3 (Prop_lut3_I0_O)        0.153     8.616 r  u_btn_debouncer/U_debouncer_btnR/count[0]_i_1__0/O
                         net (fo=20, routed)          0.836     9.452    u_btn_debouncer/U_debouncer_btnR/count[0]_i_1__0_n_0
    SLICE_X7Y21          FDRE                                         r  u_btn_debouncer/U_debouncer_btnR/count_reg[0]/R
  -------------------------------------------------------------------    -------------------

                         (clock sys_clk_pin rise edge)
                                                     10.000    10.000 r  
    W5                                                0.000    10.000 r  clk (IN)
                         net (fo=0)                   0.000    10.000    clk
    W5                   IBUF (Prop_ibuf_I_O)         1.388    11.388 r  clk_IBUF_inst/O
                         net (fo=1, routed)           1.862    13.250    clk_IBUF
    BUFGCTRL_X0Y0        BUFG (Prop_bufg_I_O)         0.091    13.341 r  clk_IBUF_BUFG_inst/O
                         net (fo=94, routed)          1.505    14.846    u_btn_debouncer/U_debouncer_btnR/clk_IBUF_BUFG
    SLICE_X7Y21          FDRE                                         r  u_btn_debouncer/U_debouncer_btnR/count_reg[0]/C
                         clock pessimism              0.273    15.119    
                         clock uncertainty           -0.035    15.084    
    SLICE_X7Y21          FDRE (Setup_fdre_C_R)       -0.632    14.452    u_btn_debouncer/U_debouncer_btnR/count_reg[0]
  -------------------------------------------------------------------
                         required time                         14.452    
                         arrival time                          -9.452    
  -------------------------------------------------------------------
                         slack                                  4.999    

Slack (MET) :             4.999ns  (required time - arrival time)
  Source:                 u_btn_debouncer/U_debouncer_btnR/count_reg[13]/C
                            (rising edge-triggered cell FDRE clocked by sys_clk_pin  {rise@0.000ns fall@5.000ns period=10.000ns})
  Destination:            u_btn_debouncer/U_debouncer_btnR/count_reg[1]/R
                            (rising edge-triggered cell FDRE clocked by sys_clk_pin  {rise@0.000ns fall@5.000ns period=10.000ns})
  Path Group:             sys_clk_pin
  Path Type:              Setup (Max at Slow Process Corner)
  Requirement:            10.000ns  (sys_clk_pin rise@10.000ns - sys_clk_pin rise@0.000ns)
  Data Path Delay:        4.316ns  (logic 0.981ns (22.729%)  route 3.335ns (77.271%))
  Logic Levels:           4  (LUT3=1 LUT4=1 LUT6=2)
  Clock Path Skew:        -0.017ns (DCD - SCD + CPR)
    Destination Clock Delay (DCD):    4.846ns = ( 14.846 - 10.000 ) 
    Source Clock Delay      (SCD):    5.136ns
    Clock Pessimism Removal (CPR):    0.273ns
  Clock Uncertainty:      0.035ns  ((TSJ^2 + TIJ^2)^1/2 + DJ) / 2 + PE
    Total System Jitter     (TSJ):    0.071ns
    Total Input Jitter      (TIJ):    0.000ns
    Discrete Jitter          (DJ):    0.000ns
    Phase Error              (PE):    0.000ns

    Location             Delay type                Incr(ns)  Path(ns)    Netlist Resource(s)
  -------------------------------------------------------------------    -------------------
                         (clock sys_clk_pin rise edge)
                                                      0.000     0.000 r  
    W5                                                0.000     0.000 r  clk (IN)
                         net (fo=0)                   0.000     0.000    clk
    W5                   IBUF (Prop_ibuf_I_O)         1.458     1.458 r  clk_IBUF_inst/O
                         net (fo=1, routed)           1.967     3.425    clk_IBUF
    BUFGCTRL_X0Y0        BUFG (Prop_bufg_I_O)         0.096     3.521 r  clk_IBUF_BUFG_inst/O
                         net (fo=94, routed)          1.615     5.136    u_btn_debouncer/U_debouncer_btnR/clk_IBUF_BUFG
    SLICE_X7Y24          FDRE                                         r  u_btn_debouncer/U_debouncer_btnR/count_reg[13]/C
  -------------------------------------------------------------------    -------------------
    SLICE_X7Y24          FDRE (Prop_fdre_C_Q)         0.456     5.592 r  u_btn_debouncer/U_debouncer_btnR/count_reg[13]/Q
                         net (fo=2, routed)           0.871     6.463    u_btn_debouncer/U_debouncer_btnR/count_reg[13]
    SLICE_X6Y23          LUT4 (Prop_lut4_I0_O)        0.124     6.587 r  u_btn_debouncer/U_debouncer_btnR/btn_state_i_4__0/O
                         net (fo=1, routed)           0.452     7.039    u_btn_debouncer/U_debouncer_btnR/btn_state_i_4__0_n_0
    SLICE_X6Y23          LUT6 (Prop_lut6_I1_O)        0.124     7.163 r  u_btn_debouncer/U_debouncer_btnR/btn_state_i_3__0/O
                         net (fo=1, routed)           0.544     7.706    u_btn_debouncer/U_debouncer_btnR/btn_state_i_3__0_n_0
    SLICE_X6Y25          LUT6 (Prop_lut6_I0_O)        0.124     7.830 r  u_btn_debouncer/U_debouncer_btnR/btn_state_i_2__0/O
                         net (fo=2, routed)           0.633     8.463    u_btn_debouncer/U_debouncer_btnR/btn_state_i_2__0_n_0
    SLICE_X5Y25          LUT3 (Prop_lut3_I0_O)        0.153     8.616 r  u_btn_debouncer/U_debouncer_btnR/count[0]_i_1__0/O
                         net (fo=20, routed)          0.836     9.452    u_btn_debouncer/U_debouncer_btnR/count[0]_i_1__0_n_0
    SLICE_X7Y21          FDRE                                         r  u_btn_debouncer/U_debouncer_btnR/count_reg[1]/R
  -------------------------------------------------------------------    -------------------

                         (clock sys_clk_pin rise edge)
                                                     10.000    10.000 r  
    W5                                                0.000    10.000 r  clk (IN)
                         net (fo=0)                   0.000    10.000    clk
    W5                   IBUF (Prop_ibuf_I_O)         1.388    11.388 r  clk_IBUF_inst/O
                         net (fo=1, routed)           1.862    13.250    clk_IBUF
    BUFGCTRL_X0Y0        BUFG (Prop_bufg_I_O)         0.091    13.341 r  clk_IBUF_BUFG_inst/O
                         net (fo=94, routed)          1.505    14.846    u_btn_debouncer/U_debouncer_btnR/clk_IBUF_BUFG
    SLICE_X7Y21          FDRE                                         r  u_btn_debouncer/U_debouncer_btnR/count_reg[1]/C
                         clock pessimism              0.273    15.119    
                         clock uncertainty           -0.035    15.084    
    SLICE_X7Y21          FDRE (Setup_fdre_C_R)       -0.632    14.452    u_btn_debouncer/U_debouncer_btnR/count_reg[1]
  -------------------------------------------------------------------
                         required time                         14.452    
                         arrival time                          -9.452    
  -------------------------------------------------------------------
                         slack                                  4.999    

Slack (MET) :             4.999ns  (required time - arrival time)
  Source:                 u_btn_debouncer/U_debouncer_btnR/count_reg[13]/C
                            (rising edge-triggered cell FDRE clocked by sys_clk_pin  {rise@0.000ns fall@5.000ns period=10.000ns})
  Destination:            u_btn_debouncer/U_debouncer_btnR/count_reg[2]/R
                            (rising edge-triggered cell FDRE clocked by sys_clk_pin  {rise@0.000ns fall@5.000ns period=10.000ns})
  Path Group:             sys_clk_pin
  Path Type:              Setup (Max at Slow Process Corner)
  Requirement:            10.000ns  (sys_clk_pin rise@10.000ns - sys_clk_pin rise@0.000ns)
  Data Path Delay:        4.316ns  (logic 0.981ns (22.729%)  route 3.335ns (77.271%))
  Logic Levels:           4  (LUT3=1 LUT4=1 LUT6=2)
  Clock Path Skew:        -0.017ns (DCD - SCD + CPR)
    Destination Clock Delay (DCD):    4.846ns = ( 14.846 - 10.000 ) 
    Source Clock Delay      (SCD):    5.136ns
    Clock Pessimism Removal (CPR):    0.273ns
  Clock Uncertainty:      0.035ns  ((TSJ^2 + TIJ^2)^1/2 + DJ) / 2 + PE
    Total System Jitter     (TSJ):    0.071ns
    Total Input Jitter      (TIJ):    0.000ns
    Discrete Jitter          (DJ):    0.000ns
    Phase Error              (PE):    0.000ns

    Location             Delay type                Incr(ns)  Path(ns)    Netlist Resource(s)
  -------------------------------------------------------------------    -------------------
                         (clock sys_clk_pin rise edge)
                                                      0.000     0.000 r  
    W5                                                0.000     0.000 r  clk (IN)
                         net (fo=0)                   0.000     0.000    clk
    W5                   IBUF (Prop_ibuf_I_O)         1.458     1.458 r  clk_IBUF_inst/O
                         net (fo=1, routed)           1.967     3.425    clk_IBUF
    BUFGCTRL_X0Y0        BUFG (Prop_bufg_I_O)         0.096     3.521 r  clk_IBUF_BUFG_inst/O
                         net (fo=94, routed)          1.615     5.136    u_btn_debouncer/U_debouncer_btnR/clk_IBUF_BUFG
    SLICE_X7Y24          FDRE                                         r  u_btn_debouncer/U_debouncer_btnR/count_reg[13]/C
  -------------------------------------------------------------------    -------------------
    SLICE_X7Y24          FDRE (Prop_fdre_C_Q)         0.456     5.592 r  u_btn_debouncer/U_debouncer_btnR/count_reg[13]/Q
                         net (fo=2, routed)           0.871     6.463    u_btn_debouncer/U_debouncer_btnR/count_reg[13]
    SLICE_X6Y23          LUT4 (Prop_lut4_I0_O)        0.124     6.587 r  u_btn_debouncer/U_debouncer_btnR/btn_state_i_4__0/O
                         net (fo=1, routed)           0.452     7.039    u_btn_debouncer/U_debouncer_btnR/btn_state_i_4__0_n_0
    SLICE_X6Y23          LUT6 (Prop_lut6_I1_O)        0.124     7.163 r  u_btn_debouncer/U_debouncer_btnR/btn_state_i_3__0/O
                         net (fo=1, routed)           0.544     7.706    u_btn_debouncer/U_debouncer_btnR/btn_state_i_3__0_n_0
    SLICE_X6Y25          LUT6 (Prop_lut6_I0_O)        0.124     7.830 r  u_btn_debouncer/U_debouncer_btnR/btn_state_i_2__0/O
                         net (fo=2, routed)           0.633     8.463    u_btn_debouncer/U_debouncer_btnR/btn_state_i_2__0_n_0
    SLICE_X5Y25          LUT3 (Prop_lut3_I0_O)        0.153     8.616 r  u_btn_debouncer/U_debouncer_btnR/count[0]_i_1__0/O
                         net (fo=20, routed)          0.836     9.452    u_btn_debouncer/U_debouncer_btnR/count[0]_i_1__0_n_0
    SLICE_X7Y21          FDRE                                         r  u_btn_debouncer/U_debouncer_btnR/count_reg[2]/R
  -------------------------------------------------------------------    -------------------

                         (clock sys_clk_pin rise edge)
                                                     10.000    10.000 r  
    W5                                                0.000    10.000 r  clk (IN)
                         net (fo=0)                   0.000    10.000    clk
    W5                   IBUF (Prop_ibuf_I_O)         1.388    11.388 r  clk_IBUF_inst/O
                         net (fo=1, routed)           1.862    13.250    clk_IBUF
    BUFGCTRL_X0Y0        BUFG (Prop_bufg_I_O)         0.091    13.341 r  clk_IBUF_BUFG_inst/O
                         net (fo=94, routed)          1.505    14.846    u_btn_debouncer/U_debouncer_btnR/clk_IBUF_BUFG
    SLICE_X7Y21          FDRE                                         r  u_btn_debouncer/U_debouncer_btnR/count_reg[2]/C
                         clock pessimism              0.273    15.119    
                         clock uncertainty           -0.035    15.084    
    SLICE_X7Y21          FDRE (Setup_fdre_C_R)       -0.632    14.452    u_btn_debouncer/U_debouncer_btnR/count_reg[2]
  -------------------------------------------------------------------
                         required time                         14.452    
                         arrival time                          -9.452    
  -------------------------------------------------------------------
                         slack                                  4.999    

Slack (MET) :             4.999ns  (required time - arrival time)
  Source:                 u_btn_debouncer/U_debouncer_btnR/count_reg[13]/C
                            (rising edge-triggered cell FDRE clocked by sys_clk_pin  {rise@0.000ns fall@5.000ns period=10.000ns})
  Destination:            u_btn_debouncer/U_debouncer_btnR/count_reg[3]/R
                            (rising edge-triggered cell FDRE clocked by sys_clk_pin  {rise@0.000ns fall@5.000ns period=10.000ns})
  Path Group:             sys_clk_pin
  Path Type:              Setup (Max at Slow Process Corner)
  Requirement:            10.000ns  (sys_clk_pin rise@10.000ns - sys_clk_pin rise@0.000ns)
  Data Path Delay:        4.316ns  (logic 0.981ns (22.729%)  route 3.335ns (77.271%))
  Logic Levels:           4  (LUT3=1 LUT4=1 LUT6=2)
  Clock Path Skew:        -0.017ns (DCD - SCD + CPR)
    Destination Clock Delay (DCD):    4.846ns = ( 14.846 - 10.000 ) 
    Source Clock Delay      (SCD):    5.136ns
    Clock Pessimism Removal (CPR):    0.273ns
  Clock Uncertainty:      0.035ns  ((TSJ^2 + TIJ^2)^1/2 + DJ) / 2 + PE
    Total System Jitter     (TSJ):    0.071ns
    Total Input Jitter      (TIJ):    0.000ns
    Discrete Jitter          (DJ):    0.000ns
    Phase Error              (PE):    0.000ns

    Location             Delay type                Incr(ns)  Path(ns)    Netlist Resource(s)
  -------------------------------------------------------------------    -------------------
                         (clock sys_clk_pin rise edge)
                                                      0.000     0.000 r  
    W5                                                0.000     0.000 r  clk (IN)
                         net (fo=0)                   0.000     0.000    clk
    W5                   IBUF (Prop_ibuf_I_O)         1.458     1.458 r  clk_IBUF_inst/O
                         net (fo=1, routed)           1.967     3.425    clk_IBUF
    BUFGCTRL_X0Y0        BUFG (Prop_bufg_I_O)         0.096     3.521 r  clk_IBUF_BUFG_inst/O
                         net (fo=94, routed)          1.615     5.136    u_btn_debouncer/U_debouncer_btnR/clk_IBUF_BUFG
    SLICE_X7Y24          FDRE                                         r  u_btn_debouncer/U_debouncer_btnR/count_reg[13]/C
  -------------------------------------------------------------------    -------------------
    SLICE_X7Y24          FDRE (Prop_fdre_C_Q)         0.456     5.592 r  u_btn_debouncer/U_debouncer_btnR/count_reg[13]/Q
                         net (fo=2, routed)           0.871     6.463    u_btn_debouncer/U_debouncer_btnR/count_reg[13]
    SLICE_X6Y23          LUT4 (Prop_lut4_I0_O)        0.124     6.587 r  u_btn_debouncer/U_debouncer_btnR/btn_state_i_4__0/O
                         net (fo=1, routed)           0.452     7.039    u_btn_debouncer/U_debouncer_btnR/btn_state_i_4__0_n_0
    SLICE_X6Y23          LUT6 (Prop_lut6_I1_O)        0.124     7.163 r  u_btn_debouncer/U_debouncer_btnR/btn_state_i_3__0/O
                         net (fo=1, routed)           0.544     7.706    u_btn_debouncer/U_debouncer_btnR/btn_state_i_3__0_n_0
    SLICE_X6Y25          LUT6 (Prop_lut6_I0_O)        0.124     7.830 r  u_btn_debouncer/U_debouncer_btnR/btn_state_i_2__0/O
                         net (fo=2, routed)           0.633     8.463    u_btn_debouncer/U_debouncer_btnR/btn_state_i_2__0_n_0
    SLICE_X5Y25          LUT3 (Prop_lut3_I0_O)        0.153     8.616 r  u_btn_debouncer/U_debouncer_btnR/count[0]_i_1__0/O
                         net (fo=20, routed)          0.836     9.452    u_btn_debouncer/U_debouncer_btnR/count[0]_i_1__0_n_0
    SLICE_X7Y21          FDRE                                         r  u_btn_debouncer/U_debouncer_btnR/count_reg[3]/R
  -------------------------------------------------------------------    -------------------

                         (clock sys_clk_pin rise edge)
                                                     10.000    10.000 r  
    W5                                                0.000    10.000 r  clk (IN)
                         net (fo=0)                   0.000    10.000    clk
    W5                   IBUF (Prop_ibuf_I_O)         1.388    11.388 r  clk_IBUF_inst/O
                         net (fo=1, routed)           1.862    13.250    clk_IBUF
    BUFGCTRL_X0Y0        BUFG (Prop_bufg_I_O)         0.091    13.341 r  clk_IBUF_BUFG_inst/O
                         net (fo=94, routed)          1.505    14.846    u_btn_debouncer/U_debouncer_btnR/clk_IBUF_BUFG
    SLICE_X7Y21          FDRE                                         r  u_btn_debouncer/U_debouncer_btnR/count_reg[3]/C
                         clock pessimism              0.273    15.119    
                         clock uncertainty           -0.035    15.084    
    SLICE_X7Y21          FDRE (Setup_fdre_C_R)       -0.632    14.452    u_btn_debouncer/U_debouncer_btnR/count_reg[3]
  -------------------------------------------------------------------
                         required time                         14.452    
                         arrival time                          -9.452    
  -------------------------------------------------------------------
                         slack                                  4.999    

Slack (MET) :             5.046ns  (required time - arrival time)
  Source:                 u_play_beep/r_clk_cnt_reg[10]/C
                            (rising edge-triggered cell FDCE clocked by sys_clk_pin  {rise@0.000ns fall@5.000ns period=10.000ns})
  Destination:            u_play_beep/r_clk_cnt_reg[5]/D
                            (rising edge-triggered cell FDCE clocked by sys_clk_pin  {rise@0.000ns fall@5.000ns period=10.000ns})
  Path Group:             sys_clk_pin
  Path Type:              Setup (Max at Slow Process Corner)
  Requirement:            10.000ns  (sys_clk_pin rise@10.000ns - sys_clk_pin rise@0.000ns)
  Data Path Delay:        4.924ns  (logic 1.246ns (25.305%)  route 3.678ns (74.695%))
  Logic Levels:           4  (LUT3=1 LUT5=1 LUT6=2)
  Clock Path Skew:        -0.024ns (DCD - SCD + CPR)
    Destination Clock Delay (DCD):    4.841ns = ( 14.841 - 10.000 ) 
    Source Clock Delay      (SCD):    5.138ns
    Clock Pessimism Removal (CPR):    0.273ns
  Clock Uncertainty:      0.035ns  ((TSJ^2 + TIJ^2)^1/2 + DJ) / 2 + PE
    Total System Jitter     (TSJ):    0.071ns
    Total Input Jitter      (TIJ):    0.000ns
    Discrete Jitter          (DJ):    0.000ns
    Phase Error              (PE):    0.000ns

    Location             Delay type                Incr(ns)  Path(ns)    Netlist Resource(s)
  -------------------------------------------------------------------    -------------------
                         (clock sys_clk_pin rise edge)
                                                      0.000     0.000 r  
    W5                                                0.000     0.000 r  clk (IN)
                         net (fo=0)                   0.000     0.000    clk
    W5                   IBUF (Prop_ibuf_I_O)         1.458     1.458 r  clk_IBUF_inst/O
                         net (fo=1, routed)           1.967     3.425    clk_IBUF
    BUFGCTRL_X0Y0        BUFG (Prop_bufg_I_O)         0.096     3.521 r  clk_IBUF_BUFG_inst/O
                         net (fo=94, routed)          1.617     5.138    u_play_beep/clk_IBUF_BUFG
    SLICE_X6Y26          FDCE                                         r  u_play_beep/r_clk_cnt_reg[10]/C
  -------------------------------------------------------------------    -------------------
    SLICE_X6Y26          FDCE (Prop_fdce_C_Q)         0.518     5.656 f  u_play_beep/r_clk_cnt_reg[10]/Q
                         net (fo=8, routed)           1.342     6.998    u_play_beep/r_clk_cnt[10]
    SLICE_X3Y27          LUT3 (Prop_lut3_I1_O)        0.153     7.151 r  u_play_beep/r_clk_cnt[21]_i_16/O
                         net (fo=2, routed)           0.733     7.884    u_play_beep/r_clk_cnt[21]_i_16_n_0
    SLICE_X5Y28          LUT6 (Prop_lut6_I2_O)        0.327     8.211 r  u_play_beep/r_clk_cnt[21]_i_4/O
                         net (fo=1, routed)           0.714     8.925    u_play_beep/r_clk_cnt[21]_i_4_n_0
    SLICE_X5Y27          LUT6 (Prop_lut6_I0_O)        0.124     9.049 r  u_play_beep/r_clk_cnt[21]_i_2/O
                         net (fo=23, routed)          0.889     9.938    u_play_beep/r_clk_cnt[21]_i_2_n_0
    SLICE_X5Y25          LUT5 (Prop_lut5_I3_O)        0.124    10.062 r  u_play_beep/r_clk_cnt[5]_i_1/O
                         net (fo=1, routed)           0.000    10.062    u_play_beep/r_clk_cnt[5]_i_1_n_0
    SLICE_X5Y25          FDCE                                         r  u_play_beep/r_clk_cnt_reg[5]/D
  -------------------------------------------------------------------    -------------------

                         (clock sys_clk_pin rise edge)
                                                     10.000    10.000 r  
    W5                                                0.000    10.000 r  clk (IN)
                         net (fo=0)                   0.000    10.000    clk
    W5                   IBUF (Prop_ibuf_I_O)         1.388    11.388 r  clk_IBUF_inst/O
                         net (fo=1, routed)           1.862    13.250    clk_IBUF
    BUFGCTRL_X0Y0        BUFG (Prop_bufg_I_O)         0.091    13.341 r  clk_IBUF_BUFG_inst/O
                         net (fo=94, routed)          1.500    14.841    u_play_beep/clk_IBUF_BUFG
    SLICE_X5Y25          FDCE                                         r  u_play_beep/r_clk_cnt_reg[5]/C
                         clock pessimism              0.273    15.114    
                         clock uncertainty           -0.035    15.079    
    SLICE_X5Y25          FDCE (Setup_fdce_C_D)        0.029    15.108    u_play_beep/r_clk_cnt_reg[5]
  -------------------------------------------------------------------
                         required time                         15.108    
                         arrival time                         -10.062    
  -------------------------------------------------------------------
                         slack                                  5.046    

Slack (MET) :             5.047ns  (required time - arrival time)
  Source:                 u_play_beep/r_clk_cnt_reg[10]/C
                            (rising edge-triggered cell FDCE clocked by sys_clk_pin  {rise@0.000ns fall@5.000ns period=10.000ns})
  Destination:            u_play_beep/r_clk_cnt_reg[20]/D
                            (rising edge-triggered cell FDCE clocked by sys_clk_pin  {rise@0.000ns fall@5.000ns period=10.000ns})
  Path Group:             sys_clk_pin
  Path Type:              Setup (Max at Slow Process Corner)
  Requirement:            10.000ns  (sys_clk_pin rise@10.000ns - sys_clk_pin rise@0.000ns)
  Data Path Delay:        4.930ns  (logic 1.246ns (25.273%)  route 3.684ns (74.727%))
  Logic Levels:           4  (LUT3=1 LUT5=1 LUT6=2)
  Clock Path Skew:        -0.018ns (DCD - SCD + CPR)
    Destination Clock Delay (DCD):    4.847ns = ( 14.847 - 10.000 ) 
    Source Clock Delay      (SCD):    5.138ns
    Clock Pessimism Removal (CPR):    0.273ns
  Clock Uncertainty:      0.035ns  ((TSJ^2 + TIJ^2)^1/2 + DJ) / 2 + PE
    Total System Jitter     (TSJ):    0.071ns
    Total Input Jitter      (TIJ):    0.000ns
    Discrete Jitter          (DJ):    0.000ns
    Phase Error              (PE):    0.000ns

    Location             Delay type                Incr(ns)  Path(ns)    Netlist Resource(s)
  -------------------------------------------------------------------    -------------------
                         (clock sys_clk_pin rise edge)
                                                      0.000     0.000 r  
    W5                                                0.000     0.000 r  clk (IN)
                         net (fo=0)                   0.000     0.000    clk
    W5                   IBUF (Prop_ibuf_I_O)         1.458     1.458 r  clk_IBUF_inst/O
                         net (fo=1, routed)           1.967     3.425    clk_IBUF
    BUFGCTRL_X0Y0        BUFG (Prop_bufg_I_O)         0.096     3.521 r  clk_IBUF_BUFG_inst/O
                         net (fo=94, routed)          1.617     5.138    u_play_beep/clk_IBUF_BUFG
    SLICE_X6Y26          FDCE                                         r  u_play_beep/r_clk_cnt_reg[10]/C
  -------------------------------------------------------------------    -------------------
    SLICE_X6Y26          FDCE (Prop_fdce_C_Q)         0.518     5.656 f  u_play_beep/r_clk_cnt_reg[10]/Q
                         net (fo=8, routed)           1.342     6.998    u_play_beep/r_clk_cnt[10]
    SLICE_X3Y27          LUT3 (Prop_lut3_I1_O)        0.153     7.151 r  u_play_beep/r_clk_cnt[21]_i_16/O
                         net (fo=2, routed)           0.733     7.884    u_play_beep/r_clk_cnt[21]_i_16_n_0
    SLICE_X5Y28          LUT6 (Prop_lut6_I2_O)        0.327     8.211 r  u_play_beep/r_clk_cnt[21]_i_4/O
                         net (fo=1, routed)           0.714     8.925    u_play_beep/r_clk_cnt[21]_i_4_n_0
    SLICE_X5Y27          LUT6 (Prop_lut6_I0_O)        0.124     9.049 r  u_play_beep/r_clk_cnt[21]_i_2/O
                         net (fo=23, routed)          0.896     9.944    u_play_beep/r_clk_cnt[21]_i_2_n_0
    SLICE_X5Y29          LUT5 (Prop_lut5_I3_O)        0.124    10.068 r  u_play_beep/r_clk_cnt[20]_i_1/O
                         net (fo=1, routed)           0.000    10.068    u_play_beep/r_clk_cnt[20]_i_1_n_0
    SLICE_X5Y29          FDCE                                         r  u_play_beep/r_clk_cnt_reg[20]/D
  -------------------------------------------------------------------    -------------------

                         (clock sys_clk_pin rise edge)
                                                     10.000    10.000 r  
    W5                                                0.000    10.000 r  clk (IN)
                         net (fo=0)                   0.000    10.000    clk
    W5                   IBUF (Prop_ibuf_I_O)         1.388    11.388 r  clk_IBUF_inst/O
                         net (fo=1, routed)           1.862    13.250    clk_IBUF
    BUFGCTRL_X0Y0        BUFG (Prop_bufg_I_O)         0.091    13.341 r  clk_IBUF_BUFG_inst/O
                         net (fo=94, routed)          1.506    14.847    u_play_beep/clk_IBUF_BUFG
    SLICE_X5Y29          FDCE                                         r  u_play_beep/r_clk_cnt_reg[20]/C
                         clock pessimism              0.273    15.120    
                         clock uncertainty           -0.035    15.085    
    SLICE_X5Y29          FDCE (Setup_fdce_C_D)        0.031    15.116    u_play_beep/r_clk_cnt_reg[20]
  -------------------------------------------------------------------
                         required time                         15.116    
                         arrival time                         -10.068    
  -------------------------------------------------------------------
                         slack                                  5.047    

Slack (MET) :             5.098ns  (required time - arrival time)
  Source:                 u_play_beep/r_clk_cnt_reg[10]/C
                            (rising edge-triggered cell FDCE clocked by sys_clk_pin  {rise@0.000ns fall@5.000ns period=10.000ns})
  Destination:            u_play_beep/r_clk_cnt_reg[2]/D
                            (rising edge-triggered cell FDCE clocked by sys_clk_pin  {rise@0.000ns fall@5.000ns period=10.000ns})
  Path Group:             sys_clk_pin
  Path Type:              Setup (Max at Slow Process Corner)
  Requirement:            10.000ns  (sys_clk_pin rise@10.000ns - sys_clk_pin rise@0.000ns)
  Data Path Delay:        4.860ns  (logic 1.246ns (25.636%)  route 3.614ns (74.364%))
  Logic Levels:           4  (LUT3=1 LUT5=1 LUT6=2)
  Clock Path Skew:        -0.037ns (DCD - SCD + CPR)
    Destination Clock Delay (DCD):    4.841ns = ( 14.841 - 10.000 ) 
    Source Clock Delay      (SCD):    5.138ns
    Clock Pessimism Removal (CPR):    0.260ns
  Clock Uncertainty:      0.035ns  ((TSJ^2 + TIJ^2)^1/2 + DJ) / 2 + PE
    Total System Jitter     (TSJ):    0.071ns
    Total Input Jitter      (TIJ):    0.000ns
    Discrete Jitter          (DJ):    0.000ns
    Phase Error              (PE):    0.000ns

    Location             Delay type                Incr(ns)  Path(ns)    Netlist Resource(s)
  -------------------------------------------------------------------    -------------------
                         (clock sys_clk_pin rise edge)
                                                      0.000     0.000 r  
    W5                                                0.000     0.000 r  clk (IN)
                         net (fo=0)                   0.000     0.000    clk
    W5                   IBUF (Prop_ibuf_I_O)         1.458     1.458 r  clk_IBUF_inst/O
                         net (fo=1, routed)           1.967     3.425    clk_IBUF
    BUFGCTRL_X0Y0        BUFG (Prop_bufg_I_O)         0.096     3.521 r  clk_IBUF_BUFG_inst/O
                         net (fo=94, routed)          1.617     5.138    u_play_beep/clk_IBUF_BUFG
    SLICE_X6Y26          FDCE                                         r  u_play_beep/r_clk_cnt_reg[10]/C
  -------------------------------------------------------------------    -------------------
    SLICE_X6Y26          FDCE (Prop_fdce_C_Q)         0.518     5.656 f  u_play_beep/r_clk_cnt_reg[10]/Q
                         net (fo=8, routed)           1.342     6.998    u_play_beep/r_clk_cnt[10]
    SLICE_X3Y27          LUT3 (Prop_lut3_I1_O)        0.153     7.151 r  u_play_beep/r_clk_cnt[21]_i_16/O
                         net (fo=2, routed)           0.733     7.884    u_play_beep/r_clk_cnt[21]_i_16_n_0
    SLICE_X5Y28          LUT6 (Prop_lut6_I2_O)        0.327     8.211 r  u_play_beep/r_clk_cnt[21]_i_4/O
                         net (fo=1, routed)           0.714     8.925    u_play_beep/r_clk_cnt[21]_i_4_n_0
    SLICE_X5Y27          LUT6 (Prop_lut6_I0_O)        0.124     9.049 r  u_play_beep/r_clk_cnt[21]_i_2/O
                         net (fo=23, routed)          0.826     9.875    u_play_beep/r_clk_cnt[21]_i_2_n_0
    SLICE_X5Y24          LUT5 (Prop_lut5_I3_O)        0.124     9.999 r  u_play_beep/r_clk_cnt[2]_i_1/O
                         net (fo=1, routed)           0.000     9.999    u_play_beep/r_clk_cnt[2]_i_1_n_0
    SLICE_X5Y24          FDCE                                         r  u_play_beep/r_clk_cnt_reg[2]/D
  -------------------------------------------------------------------    -------------------

                         (clock sys_clk_pin rise edge)
                                                     10.000    10.000 r  
    W5                                                0.000    10.000 r  clk (IN)
                         net (fo=0)                   0.000    10.000    clk
    W5                   IBUF (Prop_ibuf_I_O)         1.388    11.388 r  clk_IBUF_inst/O
                         net (fo=1, routed)           1.862    13.250    clk_IBUF
    BUFGCTRL_X0Y0        BUFG (Prop_bufg_I_O)         0.091    13.341 r  clk_IBUF_BUFG_inst/O
                         net (fo=94, routed)          1.500    14.841    u_play_beep/clk_IBUF_BUFG
    SLICE_X5Y24          FDCE                                         r  u_play_beep/r_clk_cnt_reg[2]/C
                         clock pessimism              0.260    15.101    
                         clock uncertainty           -0.035    15.066    
    SLICE_X5Y24          FDCE (Setup_fdce_C_D)        0.031    15.097    u_play_beep/r_clk_cnt_reg[2]
  -------------------------------------------------------------------
                         required time                         15.097    
                         arrival time                          -9.999    
  -------------------------------------------------------------------
                         slack                                  5.098    

Slack (MET) :             5.108ns  (required time - arrival time)
  Source:                 u_play_beep/r_clk_cnt_reg[10]/C
                            (rising edge-triggered cell FDCE clocked by sys_clk_pin  {rise@0.000ns fall@5.000ns period=10.000ns})
  Destination:            u_play_beep/r_clk_cnt_reg[3]/D
                            (rising edge-triggered cell FDCE clocked by sys_clk_pin  {rise@0.000ns fall@5.000ns period=10.000ns})
  Path Group:             sys_clk_pin
  Path Type:              Setup (Max at Slow Process Corner)
  Requirement:            10.000ns  (sys_clk_pin rise@10.000ns - sys_clk_pin rise@0.000ns)
  Data Path Delay:        4.897ns  (logic 1.246ns (25.445%)  route 3.651ns (74.555%))
  Logic Levels:           4  (LUT3=1 LUT5=1 LUT6=2)
  Clock Path Skew:        -0.037ns (DCD - SCD + CPR)
    Destination Clock Delay (DCD):    4.841ns = ( 14.841 - 10.000 ) 
    Source Clock Delay      (SCD):    5.138ns
    Clock Pessimism Removal (CPR):    0.260ns
  Clock Uncertainty:      0.035ns  ((TSJ^2 + TIJ^2)^1/2 + DJ) / 2 + PE
    Total System Jitter     (TSJ):    0.071ns
    Total Input Jitter      (TIJ):    0.000ns
    Discrete Jitter          (DJ):    0.000ns
    Phase Error              (PE):    0.000ns

    Location             Delay type                Incr(ns)  Path(ns)    Netlist Resource(s)
  -------------------------------------------------------------------    -------------------
                         (clock sys_clk_pin rise edge)
                                                      0.000     0.000 r  
    W5                                                0.000     0.000 r  clk (IN)
                         net (fo=0)                   0.000     0.000    clk
    W5                   IBUF (Prop_ibuf_I_O)         1.458     1.458 r  clk_IBUF_inst/O
                         net (fo=1, routed)           1.967     3.425    clk_IBUF
    BUFGCTRL_X0Y0        BUFG (Prop_bufg_I_O)         0.096     3.521 r  clk_IBUF_BUFG_inst/O
                         net (fo=94, routed)          1.617     5.138    u_play_beep/clk_IBUF_BUFG
    SLICE_X6Y26          FDCE                                         r  u_play_beep/r_clk_cnt_reg[10]/C
  -------------------------------------------------------------------    -------------------
    SLICE_X6Y26          FDCE (Prop_fdce_C_Q)         0.518     5.656 f  u_play_beep/r_clk_cnt_reg[10]/Q
                         net (fo=8, routed)           1.342     6.998    u_play_beep/r_clk_cnt[10]
    SLICE_X3Y27          LUT3 (Prop_lut3_I1_O)        0.153     7.151 r  u_play_beep/r_clk_cnt[21]_i_16/O
                         net (fo=2, routed)           0.733     7.884    u_play_beep/r_clk_cnt[21]_i_16_n_0
    SLICE_X5Y28          LUT6 (Prop_lut6_I2_O)        0.327     8.211 r  u_play_beep/r_clk_cnt[21]_i_4/O
                         net (fo=1, routed)           0.714     8.925    u_play_beep/r_clk_cnt[21]_i_4_n_0
    SLICE_X5Y27          LUT6 (Prop_lut6_I0_O)        0.124     9.049 r  u_play_beep/r_clk_cnt[21]_i_2/O
                         net (fo=23, routed)          0.862     9.911    u_play_beep/r_clk_cnt[21]_i_2_n_0
    SLICE_X6Y24          LUT5 (Prop_lut5_I3_O)        0.124    10.035 r  u_play_beep/r_clk_cnt[3]_i_1/O
                         net (fo=1, routed)           0.000    10.035    u_play_beep/r_clk_cnt[3]_i_1_n_0
    SLICE_X6Y24          FDCE                                         r  u_play_beep/r_clk_cnt_reg[3]/D
  -------------------------------------------------------------------    -------------------

                         (clock sys_clk_pin rise edge)
                                                     10.000    10.000 r  
    W5                                                0.000    10.000 r  clk (IN)
                         net (fo=0)                   0.000    10.000    clk
    W5                   IBUF (Prop_ibuf_I_O)         1.388    11.388 r  clk_IBUF_inst/O
                         net (fo=1, routed)           1.862    13.250    clk_IBUF
    BUFGCTRL_X0Y0        BUFG (Prop_bufg_I_O)         0.091    13.341 r  clk_IBUF_BUFG_inst/O
                         net (fo=94, routed)          1.500    14.841    u_play_beep/clk_IBUF_BUFG
    SLICE_X6Y24          FDCE                                         r  u_play_beep/r_clk_cnt_reg[3]/C
                         clock pessimism              0.260    15.101    
                         clock uncertainty           -0.035    15.066    
    SLICE_X6Y24          FDCE (Setup_fdce_C_D)        0.077    15.143    u_play_beep/r_clk_cnt_reg[3]
  -------------------------------------------------------------------
                         required time                         15.143    
                         arrival time                         -10.035    
  -------------------------------------------------------------------
                         slack                                  5.108    

Slack (MET) :             5.118ns  (required time - arrival time)
  Source:                 u_play_beep/r_clk_cnt_reg[3]/C
                            (rising edge-triggered cell FDCE clocked by sys_clk_pin  {rise@0.000ns fall@5.000ns period=10.000ns})
  Destination:            u_play_beep/r_clk_cnt_reg[13]/D
                            (rising edge-triggered cell FDCE clocked by sys_clk_pin  {rise@0.000ns fall@5.000ns period=10.000ns})
  Path Group:             sys_clk_pin
  Path Type:              Setup (Max at Slow Process Corner)
  Requirement:            10.000ns  (sys_clk_pin rise@10.000ns - sys_clk_pin rise@0.000ns)
  Data Path Delay:        4.846ns  (logic 1.014ns (20.926%)  route 3.832ns (79.074%))
  Logic Levels:           4  (LUT4=1 LUT5=1 LUT6=2)
  Clock Path Skew:        -0.030ns (DCD - SCD + CPR)
    Destination Clock Delay (DCD):    4.846ns = ( 14.846 - 10.000 ) 
    Source Clock Delay      (SCD):    5.136ns
    Clock Pessimism Removal (CPR):    0.260ns
  Clock Uncertainty:      0.035ns  ((TSJ^2 + TIJ^2)^1/2 + DJ) / 2 + PE
    Total System Jitter     (TSJ):    0.071ns
    Total Input Jitter      (TIJ):    0.000ns
    Discrete Jitter          (DJ):    0.000ns
    Phase Error              (PE):    0.000ns

    Location             Delay type                Incr(ns)  Path(ns)    Netlist Resource(s)
  -------------------------------------------------------------------    -------------------
                         (clock sys_clk_pin rise edge)
                                                      0.000     0.000 r  
    W5                                                0.000     0.000 r  clk (IN)
                         net (fo=0)                   0.000     0.000    clk
    W5                   IBUF (Prop_ibuf_I_O)         1.458     1.458 r  clk_IBUF_inst/O
                         net (fo=1, routed)           1.967     3.425    clk_IBUF
    BUFGCTRL_X0Y0        BUFG (Prop_bufg_I_O)         0.096     3.521 r  clk_IBUF_BUFG_inst/O
                         net (fo=94, routed)          1.615     5.136    u_play_beep/clk_IBUF_BUFG
    SLICE_X6Y24          FDCE                                         r  u_play_beep/r_clk_cnt_reg[3]/C
  -------------------------------------------------------------------    -------------------
    SLICE_X6Y24          FDCE (Prop_fdce_C_Q)         0.518     5.654 f  u_play_beep/r_clk_cnt_reg[3]/Q
                         net (fo=8, routed)           1.492     7.146    u_play_beep/r_clk_cnt[3]
    SLICE_X3Y26          LUT4 (Prop_lut4_I0_O)        0.124     7.270 f  u_play_beep/r_clk_cnt[21]_i_38/O
                         net (fo=1, routed)           0.799     8.070    u_play_beep/r_clk_cnt[21]_i_38_n_0
    SLICE_X3Y27          LUT6 (Prop_lut6_I4_O)        0.124     8.194 f  u_play_beep/r_clk_cnt[21]_i_14/O
                         net (fo=1, routed)           0.802     8.996    u_play_beep/r_clk_cnt[21]_i_14_n_0
    SLICE_X6Y28          LUT6 (Prop_lut6_I4_O)        0.124     9.120 r  u_play_beep/r_clk_cnt[21]_i_3/O
                         net (fo=23, routed)          0.738     9.858    u_play_beep/r_clk_cnt[21]_i_3_n_0
    SLICE_X3Y27          LUT5 (Prop_lut5_I4_O)        0.124     9.982 r  u_play_beep/r_clk_cnt[13]_i_1/O
                         net (fo=1, routed)           0.000     9.982    u_play_beep/r_clk_cnt[13]_i_1_n_0
    SLICE_X3Y27          FDCE                                         r  u_play_beep/r_clk_cnt_reg[13]/D
  -------------------------------------------------------------------    -------------------

                         (clock sys_clk_pin rise edge)
                                                     10.000    10.000 r  
    W5                                                0.000    10.000 r  clk (IN)
                         net (fo=0)                   0.000    10.000    clk
    W5                   IBUF (Prop_ibuf_I_O)         1.388    11.388 r  clk_IBUF_inst/O
                         net (fo=1, routed)           1.862    13.250    clk_IBUF
    BUFGCTRL_X0Y0        BUFG (Prop_bufg_I_O)         0.091    13.341 r  clk_IBUF_BUFG_inst/O
                         net (fo=94, routed)          1.505    14.846    u_play_beep/clk_IBUF_BUFG
    SLICE_X3Y27          FDCE                                         r  u_play_beep/r_clk_cnt_reg[13]/C
                         clock pessimism              0.260    15.106    
                         clock uncertainty           -0.035    15.071    
    SLICE_X3Y27          FDCE (Setup_fdce_C_D)        0.029    15.100    u_play_beep/r_clk_cnt_reg[13]
  -------------------------------------------------------------------
                         required time                         15.100    
                         arrival time                          -9.982    
  -------------------------------------------------------------------
                         slack                                  5.118    





Min Delay Paths
--------------------------------------------------------------------------------------
Slack (MET) :             0.208ns  (arrival time - required time)
  Source:                 u_btn_debouncer/U_debouncer_btnR/btn_state_reg/C
                            (rising edge-triggered cell FDRE clocked by sys_clk_pin  {rise@0.000ns fall@5.000ns period=10.000ns})
  Destination:            u_play_beep/r_prev_btnL_reg/D
                            (rising edge-triggered cell FDRE clocked by sys_clk_pin  {rise@0.000ns fall@5.000ns period=10.000ns})
  Path Group:             sys_clk_pin
  Path Type:              Hold (Min at Fast Process Corner)
  Requirement:            0.000ns  (sys_clk_pin rise@0.000ns - sys_clk_pin rise@0.000ns)
  Data Path Delay:        0.314ns  (logic 0.141ns (44.856%)  route 0.173ns (55.144%))
  Logic Levels:           0  
  Clock Path Skew:        0.036ns (DCD - SCD - CPR)
    Destination Clock Delay (DCD):    1.977ns
    Source Clock Delay      (SCD):    1.463ns
    Clock Pessimism Removal (CPR):    0.478ns

    Location             Delay type                Incr(ns)  Path(ns)    Netlist Resource(s)
  -------------------------------------------------------------------    -------------------
                         (clock sys_clk_pin rise edge)
                                                      0.000     0.000 r  
    W5                                                0.000     0.000 r  clk (IN)
                         net (fo=0)                   0.000     0.000    clk
    W5                   IBUF (Prop_ibuf_I_O)         0.226     0.226 r  clk_IBUF_inst/O
                         net (fo=1, routed)           0.631     0.858    clk_IBUF
    BUFGCTRL_X0Y0        BUFG (Prop_bufg_I_O)         0.026     0.884 r  clk_IBUF_BUFG_inst/O
                         net (fo=94, routed)          0.580     1.463    u_btn_debouncer/U_debouncer_btnR/clk_IBUF_BUFG
    SLICE_X4Y25          FDRE                                         r  u_btn_debouncer/U_debouncer_btnR/btn_state_reg/C
  -------------------------------------------------------------------    -------------------
    SLICE_X4Y25          FDRE (Prop_fdre_C_Q)         0.141     1.604 r  u_btn_debouncer/U_debouncer_btnR/btn_state_reg/Q
                         net (fo=6, routed)           0.173     1.777    u_play_beep/w_btnL
    SLICE_X3Y24          FDRE                                         r  u_play_beep/r_prev_btnL_reg/D
  -------------------------------------------------------------------    -------------------

                         (clock sys_clk_pin rise edge)
                                                      0.000     0.000 r  
    W5                                                0.000     0.000 r  clk (IN)
                         net (fo=0)                   0.000     0.000    clk
    W5                   IBUF (Prop_ibuf_I_O)         0.414     0.414 r  clk_IBUF_inst/O
                         net (fo=1, routed)           0.685     1.099    clk_IBUF
    BUFGCTRL_X0Y0        BUFG (Prop_bufg_I_O)         0.029     1.128 r  clk_IBUF_BUFG_inst/O
                         net (fo=94, routed)          0.850     1.977    u_play_beep/clk_IBUF_BUFG
    SLICE_X3Y24          FDRE                                         r  u_play_beep/r_prev_btnL_reg/C
                         clock pessimism             -0.478     1.499    
    SLICE_X3Y24          FDRE (Hold_fdre_C_D)         0.070     1.569    u_play_beep/r_prev_btnL_reg
  -------------------------------------------------------------------
                         required time                         -1.569    
                         arrival time                           1.777    
  -------------------------------------------------------------------
                         slack                                  0.208    

Slack (MET) :             0.223ns  (arrival time - required time)
  Source:                 u_play_beep/btn_click_reg[1]/C
                            (rising edge-triggered cell FDCE clocked by sys_clk_pin  {rise@0.000ns fall@5.000ns period=10.000ns})
  Destination:            u_play_beep/r_buzzer_frequency_reg/D
                            (rising edge-triggered cell FDCE clocked by sys_clk_pin  {rise@0.000ns fall@5.000ns period=10.000ns})
  Path Group:             sys_clk_pin
  Path Type:              Hold (Min at Fast Process Corner)
  Requirement:            0.000ns  (sys_clk_pin rise@0.000ns - sys_clk_pin rise@0.000ns)
  Data Path Delay:        0.356ns  (logic 0.186ns (52.231%)  route 0.170ns (47.769%))
  Logic Levels:           1  (LUT6=1)
  Clock Path Skew:        0.013ns (DCD - SCD - CPR)
    Destination Clock Delay (DCD):    1.977ns
    Source Clock Delay      (SCD):    1.465ns
    Clock Pessimism Removal (CPR):    0.499ns

    Location             Delay type                Incr(ns)  Path(ns)    Netlist Resource(s)
  -------------------------------------------------------------------    -------------------
                         (clock sys_clk_pin rise edge)
                                                      0.000     0.000 r  
    W5                                                0.000     0.000 r  clk (IN)
                         net (fo=0)                   0.000     0.000    clk
    W5                   IBUF (Prop_ibuf_I_O)         0.226     0.226 r  clk_IBUF_inst/O
                         net (fo=1, routed)           0.631     0.858    clk_IBUF
    BUFGCTRL_X0Y0        BUFG (Prop_bufg_I_O)         0.026     0.884 r  clk_IBUF_BUFG_inst/O
                         net (fo=94, routed)          0.582     1.465    u_play_beep/clk_IBUF_BUFG
    SLICE_X3Y25          FDCE                                         r  u_play_beep/btn_click_reg[1]/C
  -------------------------------------------------------------------    -------------------
    SLICE_X3Y25          FDCE (Prop_fdce_C_Q)         0.141     1.606 r  u_play_beep/btn_click_reg[1]/Q
                         net (fo=51, routed)          0.170     1.776    u_play_beep/btn_click[1]
    SLICE_X2Y25          LUT6 (Prop_lut6_I2_O)        0.045     1.821 r  u_play_beep/r_buzzer_frequency_i_1/O
                         net (fo=1, routed)           0.000     1.821    u_play_beep/r_buzzer_frequency_i_1_n_0
    SLICE_X2Y25          FDCE                                         r  u_play_beep/r_buzzer_frequency_reg/D
  -------------------------------------------------------------------    -------------------

                         (clock sys_clk_pin rise edge)
                                                      0.000     0.000 r  
    W5                                                0.000     0.000 r  clk (IN)
                         net (fo=0)                   0.000     0.000    clk
    W5                   IBUF (Prop_ibuf_I_O)         0.414     0.414 r  clk_IBUF_inst/O
                         net (fo=1, routed)           0.685     1.099    clk_IBUF
    BUFGCTRL_X0Y0        BUFG (Prop_bufg_I_O)         0.029     1.128 r  clk_IBUF_BUFG_inst/O
                         net (fo=94, routed)          0.850     1.977    u_play_beep/clk_IBUF_BUFG
    SLICE_X2Y25          FDCE                                         r  u_play_beep/r_buzzer_frequency_reg/C
                         clock pessimism             -0.499     1.478    
    SLICE_X2Y25          FDCE (Hold_fdce_C_D)         0.120     1.598    u_play_beep/r_buzzer_frequency_reg
  -------------------------------------------------------------------
                         required time                         -1.598    
                         arrival time                           1.821    
  -------------------------------------------------------------------
                         slack                                  0.223    

Slack (MET) :             0.252ns  (arrival time - required time)
  Source:                 u_btn_debouncer/U_debouncer_btnR/count_reg[3]/C
                            (rising edge-triggered cell FDRE clocked by sys_clk_pin  {rise@0.000ns fall@5.000ns period=10.000ns})
  Destination:            u_btn_debouncer/U_debouncer_btnR/count_reg[3]/D
                            (rising edge-triggered cell FDRE clocked by sys_clk_pin  {rise@0.000ns fall@5.000ns period=10.000ns})
  Path Group:             sys_clk_pin
  Path Type:              Hold (Min at Fast Process Corner)
  Requirement:            0.000ns  (sys_clk_pin rise@0.000ns - sys_clk_pin rise@0.000ns)
  Data Path Delay:        0.357ns  (logic 0.249ns (69.714%)  route 0.108ns (30.286%))
  Logic Levels:           1  (CARRY4=1)
  Clock Path Skew:        0.000ns (DCD - SCD - CPR)
    Destination Clock Delay (DCD):    1.979ns
    Source Clock Delay      (SCD):    1.466ns
    Clock Pessimism Removal (CPR):    0.513ns

    Location             Delay type                Incr(ns)  Path(ns)    Netlist Resource(s)
  -------------------------------------------------------------------    -------------------
                         (clock sys_clk_pin rise edge)
                                                      0.000     0.000 r  
    W5                                                0.000     0.000 r  clk (IN)
                         net (fo=0)                   0.000     0.000    clk
    W5                   IBUF (Prop_ibuf_I_O)         0.226     0.226 r  clk_IBUF_inst/O
                         net (fo=1, routed)           0.631     0.858    clk_IBUF
    BUFGCTRL_X0Y0        BUFG (Prop_bufg_I_O)         0.026     0.884 r  clk_IBUF_BUFG_inst/O
                         net (fo=94, routed)          0.583     1.466    u_btn_debouncer/U_debouncer_btnR/clk_IBUF_BUFG
    SLICE_X7Y21          FDRE                                         r  u_btn_debouncer/U_debouncer_btnR/count_reg[3]/C
  -------------------------------------------------------------------    -------------------
    SLICE_X7Y21          FDRE (Prop_fdre_C_Q)         0.141     1.607 r  u_btn_debouncer/U_debouncer_btnR/count_reg[3]/Q
                         net (fo=1, routed)           0.108     1.715    u_btn_debouncer/U_debouncer_btnR/count_reg_n_0_[3]
    SLICE_X7Y21          CARRY4 (Prop_carry4_S[3]_O[3])
                                                      0.108     1.823 r  u_btn_debouncer/U_debouncer_btnR/count_reg[0]_i_2__0/O[3]
                         net (fo=1, routed)           0.000     1.823    u_btn_debouncer/U_debouncer_btnR/count_reg[0]_i_2__0_n_4
    SLICE_X7Y21          FDRE                                         r  u_btn_debouncer/U_debouncer_btnR/count_reg[3]/D
  -------------------------------------------------------------------    -------------------

                         (clock sys_clk_pin rise edge)
                                                      0.000     0.000 r  
    W5                                                0.000     0.000 r  clk (IN)
                         net (fo=0)                   0.000     0.000    clk
    W5                   IBUF (Prop_ibuf_I_O)         0.414     0.414 r  clk_IBUF_inst/O
                         net (fo=1, routed)           0.685     1.099    clk_IBUF
    BUFGCTRL_X0Y0        BUFG (Prop_bufg_I_O)         0.029     1.128 r  clk_IBUF_BUFG_inst/O
                         net (fo=94, routed)          0.852     1.979    u_btn_debouncer/U_debouncer_btnR/clk_IBUF_BUFG
    SLICE_X7Y21          FDRE                                         r  u_btn_debouncer/U_debouncer_btnR/count_reg[3]/C
                         clock pessimism             -0.513     1.466    
    SLICE_X7Y21          FDRE (Hold_fdre_C_D)         0.105     1.571    u_btn_debouncer/U_debouncer_btnR/count_reg[3]
  -------------------------------------------------------------------
                         required time                         -1.571    
                         arrival time                           1.823    
  -------------------------------------------------------------------
                         slack                                  0.252    

Slack (MET) :             0.252ns  (arrival time - required time)
  Source:                 u_btn_debouncer/U_debouncer_btnL/count_reg[3]/C
                            (rising edge-triggered cell FDRE clocked by sys_clk_pin  {rise@0.000ns fall@5.000ns period=10.000ns})
  Destination:            u_btn_debouncer/U_debouncer_btnL/count_reg[3]/D
                            (rising edge-triggered cell FDRE clocked by sys_clk_pin  {rise@0.000ns fall@5.000ns period=10.000ns})
  Path Group:             sys_clk_pin
  Path Type:              Hold (Min at Fast Process Corner)
  Requirement:            0.000ns  (sys_clk_pin rise@0.000ns - sys_clk_pin rise@0.000ns)
  Data Path Delay:        0.357ns  (logic 0.249ns (69.714%)  route 0.108ns (30.286%))
  Logic Levels:           1  (CARRY4=1)
  Clock Path Skew:        0.000ns (DCD - SCD - CPR)
    Destination Clock Delay (DCD):    1.981ns
    Source Clock Delay      (SCD):    1.468ns
    Clock Pessimism Removal (CPR):    0.513ns

    Location             Delay type                Incr(ns)  Path(ns)    Netlist Resource(s)
  -------------------------------------------------------------------    -------------------
                         (clock sys_clk_pin rise edge)
                                                      0.000     0.000 r  
    W5                                                0.000     0.000 r  clk (IN)
                         net (fo=0)                   0.000     0.000    clk
    W5                   IBUF (Prop_ibuf_I_O)         0.226     0.226 r  clk_IBUF_inst/O
                         net (fo=1, routed)           0.631     0.858    clk_IBUF
    BUFGCTRL_X0Y0        BUFG (Prop_bufg_I_O)         0.026     0.884 r  clk_IBUF_BUFG_inst/O
                         net (fo=94, routed)          0.585     1.468    u_btn_debouncer/U_debouncer_btnL/clk_IBUF_BUFG
    SLICE_X5Y19          FDRE                                         r  u_btn_debouncer/U_debouncer_btnL/count_reg[3]/C
  -------------------------------------------------------------------    -------------------
    SLICE_X5Y19          FDRE (Prop_fdre_C_Q)         0.141     1.609 r  u_btn_debouncer/U_debouncer_btnL/count_reg[3]/Q
                         net (fo=1, routed)           0.108     1.717    u_btn_debouncer/U_debouncer_btnL/count_reg_n_0_[3]
    SLICE_X5Y19          CARRY4 (Prop_carry4_S[3]_O[3])
                                                      0.108     1.825 r  u_btn_debouncer/U_debouncer_btnL/count_reg[0]_i_2/O[3]
                         net (fo=1, routed)           0.000     1.825    u_btn_debouncer/U_debouncer_btnL/count_reg[0]_i_2_n_4
    SLICE_X5Y19          FDRE                                         r  u_btn_debouncer/U_debouncer_btnL/count_reg[3]/D
  -------------------------------------------------------------------    -------------------

                         (clock sys_clk_pin rise edge)
                                                      0.000     0.000 r  
    W5                                                0.000     0.000 r  clk (IN)
                         net (fo=0)                   0.000     0.000    clk
    W5                   IBUF (Prop_ibuf_I_O)         0.414     0.414 r  clk_IBUF_inst/O
                         net (fo=1, routed)           0.685     1.099    clk_IBUF
    BUFGCTRL_X0Y0        BUFG (Prop_bufg_I_O)         0.029     1.128 r  clk_IBUF_BUFG_inst/O
                         net (fo=94, routed)          0.854     1.981    u_btn_debouncer/U_debouncer_btnL/clk_IBUF_BUFG
    SLICE_X5Y19          FDRE                                         r  u_btn_debouncer/U_debouncer_btnL/count_reg[3]/C
                         clock pessimism             -0.513     1.468    
    SLICE_X5Y19          FDRE (Hold_fdre_C_D)         0.105     1.573    u_btn_debouncer/U_debouncer_btnL/count_reg[3]
  -------------------------------------------------------------------
                         required time                         -1.573    
                         arrival time                           1.825    
  -------------------------------------------------------------------
                         slack                                  0.252    

Slack (MET) :             0.256ns  (arrival time - required time)
  Source:                 u_btn_debouncer/U_debouncer_btnL/count_reg[4]/C
                            (rising edge-triggered cell FDRE clocked by sys_clk_pin  {rise@0.000ns fall@5.000ns period=10.000ns})
  Destination:            u_btn_debouncer/U_debouncer_btnL/count_reg[4]/D
                            (rising edge-triggered cell FDRE clocked by sys_clk_pin  {rise@0.000ns fall@5.000ns period=10.000ns})
  Path Group:             sys_clk_pin
  Path Type:              Hold (Min at Fast Process Corner)
  Requirement:            0.000ns  (sys_clk_pin rise@0.000ns - sys_clk_pin rise@0.000ns)
  Data Path Delay:        0.361ns  (logic 0.256ns (70.880%)  route 0.105ns (29.120%))
  Logic Levels:           1  (CARRY4=1)
  Clock Path Skew:        0.000ns (DCD - SCD - CPR)
    Destination Clock Delay (DCD):    1.980ns
    Source Clock Delay      (SCD):    1.467ns
    Clock Pessimism Removal (CPR):    0.513ns

    Location             Delay type                Incr(ns)  Path(ns)    Netlist Resource(s)
  -------------------------------------------------------------------    -------------------
                         (clock sys_clk_pin rise edge)
                                                      0.000     0.000 r  
    W5                                                0.000     0.000 r  clk (IN)
                         net (fo=0)                   0.000     0.000    clk
    W5                   IBUF (Prop_ibuf_I_O)         0.226     0.226 r  clk_IBUF_inst/O
                         net (fo=1, routed)           0.631     0.858    clk_IBUF
    BUFGCTRL_X0Y0        BUFG (Prop_bufg_I_O)         0.026     0.884 r  clk_IBUF_BUFG_inst/O
                         net (fo=94, routed)          0.584     1.467    u_btn_debouncer/U_debouncer_btnL/clk_IBUF_BUFG
    SLICE_X5Y20          FDRE                                         r  u_btn_debouncer/U_debouncer_btnL/count_reg[4]/C
  -------------------------------------------------------------------    -------------------
    SLICE_X5Y20          FDRE (Prop_fdre_C_Q)         0.141     1.608 r  u_btn_debouncer/U_debouncer_btnL/count_reg[4]/Q
                         net (fo=1, routed)           0.105     1.713    u_btn_debouncer/U_debouncer_btnL/count_reg_n_0_[4]
    SLICE_X5Y20          CARRY4 (Prop_carry4_S[0]_O[0])
                                                      0.115     1.828 r  u_btn_debouncer/U_debouncer_btnL/count_reg[4]_i_1/O[0]
                         net (fo=1, routed)           0.000     1.828    u_btn_debouncer/U_debouncer_btnL/count_reg[4]_i_1_n_7
    SLICE_X5Y20          FDRE                                         r  u_btn_debouncer/U_debouncer_btnL/count_reg[4]/D
  -------------------------------------------------------------------    -------------------

                         (clock sys_clk_pin rise edge)
                                                      0.000     0.000 r  
    W5                                                0.000     0.000 r  clk (IN)
                         net (fo=0)                   0.000     0.000    clk
    W5                   IBUF (Prop_ibuf_I_O)         0.414     0.414 r  clk_IBUF_inst/O
                         net (fo=1, routed)           0.685     1.099    clk_IBUF
    BUFGCTRL_X0Y0        BUFG (Prop_bufg_I_O)         0.029     1.128 r  clk_IBUF_BUFG_inst/O
                         net (fo=94, routed)          0.853     1.980    u_btn_debouncer/U_debouncer_btnL/clk_IBUF_BUFG
    SLICE_X5Y20          FDRE                                         r  u_btn_debouncer/U_debouncer_btnL/count_reg[4]/C
                         clock pessimism             -0.513     1.467    
    SLICE_X5Y20          FDRE (Hold_fdre_C_D)         0.105     1.572    u_btn_debouncer/U_debouncer_btnL/count_reg[4]
  -------------------------------------------------------------------
                         required time                         -1.572    
                         arrival time                           1.828    
  -------------------------------------------------------------------
                         slack                                  0.256    

Slack (MET) :             0.256ns  (arrival time - required time)
  Source:                 u_btn_debouncer/U_debouncer_btnR/count_reg[4]/C
                            (rising edge-triggered cell FDRE clocked by sys_clk_pin  {rise@0.000ns fall@5.000ns period=10.000ns})
  Destination:            u_btn_debouncer/U_debouncer_btnR/count_reg[4]/D
                            (rising edge-triggered cell FDRE clocked by sys_clk_pin  {rise@0.000ns fall@5.000ns period=10.000ns})
  Path Group:             sys_clk_pin
  Path Type:              Hold (Min at Fast Process Corner)
  Requirement:            0.000ns  (sys_clk_pin rise@0.000ns - sys_clk_pin rise@0.000ns)
  Data Path Delay:        0.361ns  (logic 0.256ns (70.880%)  route 0.105ns (29.120%))
  Logic Levels:           1  (CARRY4=1)
  Clock Path Skew:        0.000ns (DCD - SCD - CPR)
    Destination Clock Delay (DCD):    1.978ns
    Source Clock Delay      (SCD):    1.466ns
    Clock Pessimism Removal (CPR):    0.512ns

    Location             Delay type                Incr(ns)  Path(ns)    Netlist Resource(s)
  -------------------------------------------------------------------    -------------------
                         (clock sys_clk_pin rise edge)
                                                      0.000     0.000 r  
    W5                                                0.000     0.000 r  clk (IN)
                         net (fo=0)                   0.000     0.000    clk
    W5                   IBUF (Prop_ibuf_I_O)         0.226     0.226 r  clk_IBUF_inst/O
                         net (fo=1, routed)           0.631     0.858    clk_IBUF
    BUFGCTRL_X0Y0        BUFG (Prop_bufg_I_O)         0.026     0.884 r  clk_IBUF_BUFG_inst/O
                         net (fo=94, routed)          0.583     1.466    u_btn_debouncer/U_debouncer_btnR/clk_IBUF_BUFG
    SLICE_X7Y22          FDRE                                         r  u_btn_debouncer/U_debouncer_btnR/count_reg[4]/C
  -------------------------------------------------------------------    -------------------
    SLICE_X7Y22          FDRE (Prop_fdre_C_Q)         0.141     1.607 r  u_btn_debouncer/U_debouncer_btnR/count_reg[4]/Q
                         net (fo=1, routed)           0.105     1.712    u_btn_debouncer/U_debouncer_btnR/count_reg_n_0_[4]
    SLICE_X7Y22          CARRY4 (Prop_carry4_S[0]_O[0])
                                                      0.115     1.827 r  u_btn_debouncer/U_debouncer_btnR/count_reg[4]_i_1__0/O[0]
                         net (fo=1, routed)           0.000     1.827    u_btn_debouncer/U_debouncer_btnR/count_reg[4]_i_1__0_n_7
    SLICE_X7Y22          FDRE                                         r  u_btn_debouncer/U_debouncer_btnR/count_reg[4]/D
  -------------------------------------------------------------------    -------------------

                         (clock sys_clk_pin rise edge)
                                                      0.000     0.000 r  
    W5                                                0.000     0.000 r  clk (IN)
                         net (fo=0)                   0.000     0.000    clk
    W5                   IBUF (Prop_ibuf_I_O)         0.414     0.414 r  clk_IBUF_inst/O
                         net (fo=1, routed)           0.685     1.099    clk_IBUF
    BUFGCTRL_X0Y0        BUFG (Prop_bufg_I_O)         0.029     1.128 r  clk_IBUF_BUFG_inst/O
                         net (fo=94, routed)          0.851     1.978    u_btn_debouncer/U_debouncer_btnR/clk_IBUF_BUFG
    SLICE_X7Y22          FDRE                                         r  u_btn_debouncer/U_debouncer_btnR/count_reg[4]/C
                         clock pessimism             -0.512     1.466    
    SLICE_X7Y22          FDRE (Hold_fdre_C_D)         0.105     1.571    u_btn_debouncer/U_debouncer_btnR/count_reg[4]
  -------------------------------------------------------------------
                         required time                         -1.571    
                         arrival time                           1.827    
  -------------------------------------------------------------------
                         slack                                  0.256    

Slack (MET) :             0.256ns  (arrival time - required time)
  Source:                 u_btn_debouncer/U_debouncer_btnR/count_reg[2]/C
                            (rising edge-triggered cell FDRE clocked by sys_clk_pin  {rise@0.000ns fall@5.000ns period=10.000ns})
  Destination:            u_btn_debouncer/U_debouncer_btnR/count_reg[2]/D
                            (rising edge-triggered cell FDRE clocked by sys_clk_pin  {rise@0.000ns fall@5.000ns period=10.000ns})
  Path Group:             sys_clk_pin
  Path Type:              Hold (Min at Fast Process Corner)
  Requirement:            0.000ns  (sys_clk_pin rise@0.000ns - sys_clk_pin rise@0.000ns)
  Data Path Delay:        0.361ns  (logic 0.252ns (69.733%)  route 0.109ns (30.267%))
  Logic Levels:           1  (CARRY4=1)
  Clock Path Skew:        0.000ns (DCD - SCD - CPR)
    Destination Clock Delay (DCD):    1.979ns
    Source Clock Delay      (SCD):    1.466ns
    Clock Pessimism Removal (CPR):    0.513ns

    Location             Delay type                Incr(ns)  Path(ns)    Netlist Resource(s)
  -------------------------------------------------------------------    -------------------
                         (clock sys_clk_pin rise edge)
                                                      0.000     0.000 r  
    W5                                                0.000     0.000 r  clk (IN)
                         net (fo=0)                   0.000     0.000    clk
    W5                   IBUF (Prop_ibuf_I_O)         0.226     0.226 r  clk_IBUF_inst/O
                         net (fo=1, routed)           0.631     0.858    clk_IBUF
    BUFGCTRL_X0Y0        BUFG (Prop_bufg_I_O)         0.026     0.884 r  clk_IBUF_BUFG_inst/O
                         net (fo=94, routed)          0.583     1.466    u_btn_debouncer/U_debouncer_btnR/clk_IBUF_BUFG
    SLICE_X7Y21          FDRE                                         r  u_btn_debouncer/U_debouncer_btnR/count_reg[2]/C
  -------------------------------------------------------------------    -------------------
    SLICE_X7Y21          FDRE (Prop_fdre_C_Q)         0.141     1.607 r  u_btn_debouncer/U_debouncer_btnR/count_reg[2]/Q
                         net (fo=1, routed)           0.109     1.717    u_btn_debouncer/U_debouncer_btnR/count_reg_n_0_[2]
    SLICE_X7Y21          CARRY4 (Prop_carry4_S[2]_O[2])
                                                      0.111     1.828 r  u_btn_debouncer/U_debouncer_btnR/count_reg[0]_i_2__0/O[2]
                         net (fo=1, routed)           0.000     1.828    u_btn_debouncer/U_debouncer_btnR/count_reg[0]_i_2__0_n_5
    SLICE_X7Y21          FDRE                                         r  u_btn_debouncer/U_debouncer_btnR/count_reg[2]/D
  -------------------------------------------------------------------    -------------------

                         (clock sys_clk_pin rise edge)
                                                      0.000     0.000 r  
    W5                                                0.000     0.000 r  clk (IN)
                         net (fo=0)                   0.000     0.000    clk
    W5                   IBUF (Prop_ibuf_I_O)         0.414     0.414 r  clk_IBUF_inst/O
                         net (fo=1, routed)           0.685     1.099    clk_IBUF
    BUFGCTRL_X0Y0        BUFG (Prop_bufg_I_O)         0.029     1.128 r  clk_IBUF_BUFG_inst/O
                         net (fo=94, routed)          0.852     1.979    u_btn_debouncer/U_debouncer_btnR/clk_IBUF_BUFG
    SLICE_X7Y21          FDRE                                         r  u_btn_debouncer/U_debouncer_btnR/count_reg[2]/C
                         clock pessimism             -0.513     1.466    
    SLICE_X7Y21          FDRE (Hold_fdre_C_D)         0.105     1.571    u_btn_debouncer/U_debouncer_btnR/count_reg[2]
  -------------------------------------------------------------------
                         required time                         -1.571    
                         arrival time                           1.828    
  -------------------------------------------------------------------
                         slack                                  0.256    

Slack (MET) :             0.256ns  (arrival time - required time)
  Source:                 u_btn_debouncer/U_debouncer_btnL/count_reg[2]/C
                            (rising edge-triggered cell FDRE clocked by sys_clk_pin  {rise@0.000ns fall@5.000ns period=10.000ns})
  Destination:            u_btn_debouncer/U_debouncer_btnL/count_reg[2]/D
                            (rising edge-triggered cell FDRE clocked by sys_clk_pin  {rise@0.000ns fall@5.000ns period=10.000ns})
  Path Group:             sys_clk_pin
  Path Type:              Hold (Min at Fast Process Corner)
  Requirement:            0.000ns  (sys_clk_pin rise@0.000ns - sys_clk_pin rise@0.000ns)
  Data Path Delay:        0.361ns  (logic 0.252ns (69.733%)  route 0.109ns (30.267%))
  Logic Levels:           1  (CARRY4=1)
  Clock Path Skew:        0.000ns (DCD - SCD - CPR)
    Destination Clock Delay (DCD):    1.981ns
    Source Clock Delay      (SCD):    1.468ns
    Clock Pessimism Removal (CPR):    0.513ns

    Location             Delay type                Incr(ns)  Path(ns)    Netlist Resource(s)
  -------------------------------------------------------------------    -------------------
                         (clock sys_clk_pin rise edge)
                                                      0.000     0.000 r  
    W5                                                0.000     0.000 r  clk (IN)
                         net (fo=0)                   0.000     0.000    clk
    W5                   IBUF (Prop_ibuf_I_O)         0.226     0.226 r  clk_IBUF_inst/O
                         net (fo=1, routed)           0.631     0.858    clk_IBUF
    BUFGCTRL_X0Y0        BUFG (Prop_bufg_I_O)         0.026     0.884 r  clk_IBUF_BUFG_inst/O
                         net (fo=94, routed)          0.585     1.468    u_btn_debouncer/U_debouncer_btnL/clk_IBUF_BUFG
    SLICE_X5Y19          FDRE                                         r  u_btn_debouncer/U_debouncer_btnL/count_reg[2]/C
  -------------------------------------------------------------------    -------------------
    SLICE_X5Y19          FDRE (Prop_fdre_C_Q)         0.141     1.609 r  u_btn_debouncer/U_debouncer_btnL/count_reg[2]/Q
                         net (fo=1, routed)           0.109     1.719    u_btn_debouncer/U_debouncer_btnL/count_reg_n_0_[2]
    SLICE_X5Y19          CARRY4 (Prop_carry4_S[2]_O[2])
                                                      0.111     1.830 r  u_btn_debouncer/U_debouncer_btnL/count_reg[0]_i_2/O[2]
                         net (fo=1, routed)           0.000     1.830    u_btn_debouncer/U_debouncer_btnL/count_reg[0]_i_2_n_5
    SLICE_X5Y19          FDRE                                         r  u_btn_debouncer/U_debouncer_btnL/count_reg[2]/D
  -------------------------------------------------------------------    -------------------

                         (clock sys_clk_pin rise edge)
                                                      0.000     0.000 r  
    W5                                                0.000     0.000 r  clk (IN)
                         net (fo=0)                   0.000     0.000    clk
    W5                   IBUF (Prop_ibuf_I_O)         0.414     0.414 r  clk_IBUF_inst/O
                         net (fo=1, routed)           0.685     1.099    clk_IBUF
    BUFGCTRL_X0Y0        BUFG (Prop_bufg_I_O)         0.029     1.128 r  clk_IBUF_BUFG_inst/O
                         net (fo=94, routed)          0.854     1.981    u_btn_debouncer/U_debouncer_btnL/clk_IBUF_BUFG
    SLICE_X5Y19          FDRE                                         r  u_btn_debouncer/U_debouncer_btnL/count_reg[2]/C
                         clock pessimism             -0.513     1.468    
    SLICE_X5Y19          FDRE (Hold_fdre_C_D)         0.105     1.573    u_btn_debouncer/U_debouncer_btnL/count_reg[2]
  -------------------------------------------------------------------
                         required time                         -1.573    
                         arrival time                           1.830    
  -------------------------------------------------------------------
                         slack                                  0.256    

Slack (MET) :             0.261ns  (arrival time - required time)
  Source:                 u_btn_debouncer/U_debouncer_btnL/count_reg[11]/C
                            (rising edge-triggered cell FDRE clocked by sys_clk_pin  {rise@0.000ns fall@5.000ns period=10.000ns})
  Destination:            u_btn_debouncer/U_debouncer_btnL/count_reg[11]/D
                            (rising edge-triggered cell FDRE clocked by sys_clk_pin  {rise@0.000ns fall@5.000ns period=10.000ns})
  Path Group:             sys_clk_pin
  Path Type:              Hold (Min at Fast Process Corner)
  Requirement:            0.000ns  (sys_clk_pin rise@0.000ns - sys_clk_pin rise@0.000ns)
  Data Path Delay:        0.366ns  (logic 0.249ns (67.994%)  route 0.117ns (32.006%))
  Logic Levels:           1  (CARRY4=1)
  Clock Path Skew:        0.000ns (DCD - SCD - CPR)
    Destination Clock Delay (DCD):    1.979ns
    Source Clock Delay      (SCD):    1.466ns
    Clock Pessimism Removal (CPR):    0.513ns

    Location             Delay type                Incr(ns)  Path(ns)    Netlist Resource(s)
  -------------------------------------------------------------------    -------------------
                         (clock sys_clk_pin rise edge)
                                                      0.000     0.000 r  
    W5                                                0.000     0.000 r  clk (IN)
                         net (fo=0)                   0.000     0.000    clk
    W5                   IBUF (Prop_ibuf_I_O)         0.226     0.226 r  clk_IBUF_inst/O
                         net (fo=1, routed)           0.631     0.858    clk_IBUF
    BUFGCTRL_X0Y0        BUFG (Prop_bufg_I_O)         0.026     0.884 r  clk_IBUF_BUFG_inst/O
                         net (fo=94, routed)          0.583     1.466    u_btn_debouncer/U_debouncer_btnL/clk_IBUF_BUFG
    SLICE_X5Y21          FDRE                                         r  u_btn_debouncer/U_debouncer_btnL/count_reg[11]/C
  -------------------------------------------------------------------    -------------------
    SLICE_X5Y21          FDRE (Prop_fdre_C_Q)         0.141     1.607 r  u_btn_debouncer/U_debouncer_btnL/count_reg[11]/Q
                         net (fo=2, routed)           0.117     1.724    u_btn_debouncer/U_debouncer_btnL/count_reg[11]
    SLICE_X5Y21          CARRY4 (Prop_carry4_S[3]_O[3])
                                                      0.108     1.832 r  u_btn_debouncer/U_debouncer_btnL/count_reg[8]_i_1/O[3]
                         net (fo=1, routed)           0.000     1.832    u_btn_debouncer/U_debouncer_btnL/count_reg[8]_i_1_n_4
    SLICE_X5Y21          FDRE                                         r  u_btn_debouncer/U_debouncer_btnL/count_reg[11]/D
  -------------------------------------------------------------------    -------------------

                         (clock sys_clk_pin rise edge)
                                                      0.000     0.000 r  
    W5                                                0.000     0.000 r  clk (IN)
                         net (fo=0)                   0.000     0.000    clk
    W5                   IBUF (Prop_ibuf_I_O)         0.414     0.414 r  clk_IBUF_inst/O
                         net (fo=1, routed)           0.685     1.099    clk_IBUF
    BUFGCTRL_X0Y0        BUFG (Prop_bufg_I_O)         0.029     1.128 r  clk_IBUF_BUFG_inst/O
                         net (fo=94, routed)          0.852     1.979    u_btn_debouncer/U_debouncer_btnL/clk_IBUF_BUFG
    SLICE_X5Y21          FDRE                                         r  u_btn_debouncer/U_debouncer_btnL/count_reg[11]/C
                         clock pessimism             -0.513     1.466    
    SLICE_X5Y21          FDRE (Hold_fdre_C_D)         0.105     1.571    u_btn_debouncer/U_debouncer_btnL/count_reg[11]
  -------------------------------------------------------------------
                         required time                         -1.571    
                         arrival time                           1.832    
  -------------------------------------------------------------------
                         slack                                  0.261    

Slack (MET) :             0.261ns  (arrival time - required time)
  Source:                 u_btn_debouncer/U_debouncer_btnR/count_reg[11]/C
                            (rising edge-triggered cell FDRE clocked by sys_clk_pin  {rise@0.000ns fall@5.000ns period=10.000ns})
  Destination:            u_btn_debouncer/U_debouncer_btnR/count_reg[11]/D
                            (rising edge-triggered cell FDRE clocked by sys_clk_pin  {rise@0.000ns fall@5.000ns period=10.000ns})
  Path Group:             sys_clk_pin
  Path Type:              Hold (Min at Fast Process Corner)
  Requirement:            0.000ns  (sys_clk_pin rise@0.000ns - sys_clk_pin rise@0.000ns)
  Data Path Delay:        0.366ns  (logic 0.249ns (67.994%)  route 0.117ns (32.006%))
  Logic Levels:           1  (CARRY4=1)
  Clock Path Skew:        0.000ns (DCD - SCD - CPR)
    Destination Clock Delay (DCD):    1.976ns
    Source Clock Delay      (SCD):    1.464ns
    Clock Pessimism Removal (CPR):    0.512ns

    Location             Delay type                Incr(ns)  Path(ns)    Netlist Resource(s)
  -------------------------------------------------------------------    -------------------
                         (clock sys_clk_pin rise edge)
                                                      0.000     0.000 r  
    W5                                                0.000     0.000 r  clk (IN)
                         net (fo=0)                   0.000     0.000    clk
    W5                   IBUF (Prop_ibuf_I_O)         0.226     0.226 r  clk_IBUF_inst/O
                         net (fo=1, routed)           0.631     0.858    clk_IBUF
    BUFGCTRL_X0Y0        BUFG (Prop_bufg_I_O)         0.026     0.884 r  clk_IBUF_BUFG_inst/O
                         net (fo=94, routed)          0.581     1.464    u_btn_debouncer/U_debouncer_btnR/clk_IBUF_BUFG
    SLICE_X7Y23          FDRE                                         r  u_btn_debouncer/U_debouncer_btnR/count_reg[11]/C
  -------------------------------------------------------------------    -------------------
    SLICE_X7Y23          FDRE (Prop_fdre_C_Q)         0.141     1.605 r  u_btn_debouncer/U_debouncer_btnR/count_reg[11]/Q
                         net (fo=2, routed)           0.117     1.722    u_btn_debouncer/U_debouncer_btnR/count_reg[11]
    SLICE_X7Y23          CARRY4 (Prop_carry4_S[3]_O[3])
                                                      0.108     1.830 r  u_btn_debouncer/U_debouncer_btnR/count_reg[8]_i_1__0/O[3]
                         net (fo=1, routed)           0.000     1.830    u_btn_debouncer/U_debouncer_btnR/count_reg[8]_i_1__0_n_4
    SLICE_X7Y23          FDRE                                         r  u_btn_debouncer/U_debouncer_btnR/count_reg[11]/D
  -------------------------------------------------------------------    -------------------

                         (clock sys_clk_pin rise edge)
                                                      0.000     0.000 r  
    W5                                                0.000     0.000 r  clk (IN)
                         net (fo=0)                   0.000     0.000    clk
    W5                   IBUF (Prop_ibuf_I_O)         0.414     0.414 r  clk_IBUF_inst/O
                         net (fo=1, routed)           0.685     1.099    clk_IBUF
    BUFGCTRL_X0Y0        BUFG (Prop_bufg_I_O)         0.029     1.128 r  clk_IBUF_BUFG_inst/O
                         net (fo=94, routed)          0.849     1.976    u_btn_debouncer/U_debouncer_btnR/clk_IBUF_BUFG
    SLICE_X7Y23          FDRE                                         r  u_btn_debouncer/U_debouncer_btnR/count_reg[11]/C
                         clock pessimism             -0.512     1.464    
    SLICE_X7Y23          FDRE (Hold_fdre_C_D)         0.105     1.569    u_btn_debouncer/U_debouncer_btnR/count_reg[11]
  -------------------------------------------------------------------
                         required time                         -1.569    
                         arrival time                           1.830    
  -------------------------------------------------------------------
                         slack                                  0.261    





Pulse Width Checks
--------------------------------------------------------------------------------------
Clock Name:         sys_clk_pin
Waveform(ns):       { 0.000 5.000 }
Period(ns):         10.000
Sources:            { clk }

Check Type        Corner  Lib Pin  Reference Pin  Required(ns)  Actual(ns)  Slack(ns)  Location       Pin
Min Period        n/a     BUFG/I   n/a            2.155         10.000      7.845      BUFGCTRL_X0Y0  clk_IBUF_BUFG_inst/I
Min Period        n/a     FDRE/C   n/a            1.000         10.000      9.000      SLICE_X4Y23    u_btn_debouncer/U_debouncer_btnL/btn_state_reg/C
Min Period        n/a     FDRE/C   n/a            1.000         10.000      9.000      SLICE_X5Y19    u_btn_debouncer/U_debouncer_btnL/count_reg[0]/C
Min Period        n/a     FDRE/C   n/a            1.000         10.000      9.000      SLICE_X5Y21    u_btn_debouncer/U_debouncer_btnL/count_reg[10]/C
Min Period        n/a     FDRE/C   n/a            1.000         10.000      9.000      SLICE_X5Y21    u_btn_debouncer/U_debouncer_btnL/count_reg[11]/C
Min Period        n/a     FDRE/C   n/a            1.000         10.000      9.000      SLICE_X5Y22    u_btn_debouncer/U_debouncer_btnL/count_reg[12]/C
Min Period        n/a     FDRE/C   n/a            1.000         10.000      9.000      SLICE_X5Y22    u_btn_debouncer/U_debouncer_btnL/count_reg[13]/C
Min Period        n/a     FDRE/C   n/a            1.000         10.000      9.000      SLICE_X5Y22    u_btn_debouncer/U_debouncer_btnL/count_reg[14]/C
Min Period        n/a     FDRE/C   n/a            1.000         10.000      9.000      SLICE_X5Y22    u_btn_debouncer/U_debouncer_btnL/count_reg[15]/C
Min Period        n/a     FDRE/C   n/a            1.000         10.000      9.000      SLICE_X5Y23    u_btn_debouncer/U_debouncer_btnL/count_reg[16]/C
Low Pulse Width   Slow    FDRE/C   n/a            0.500         5.000       4.500      SLICE_X4Y23    u_btn_debouncer/U_debouncer_btnL/btn_state_reg/C
Low Pulse Width   Fast    FDRE/C   n/a            0.500         5.000       4.500      SLICE_X4Y23    u_btn_debouncer/U_debouncer_btnL/btn_state_reg/C
Low Pulse Width   Slow    FDRE/C   n/a            0.500         5.000       4.500      SLICE_X5Y19    u_btn_debouncer/U_debouncer_btnL/count_reg[0]/C
Low Pulse Width   Fast    FDRE/C   n/a            0.500         5.000       4.500      SLICE_X5Y19    u_btn_debouncer/U_debouncer_btnL/count_reg[0]/C
Low Pulse Width   Slow    FDRE/C   n/a            0.500         5.000       4.500      SLICE_X5Y21    u_btn_debouncer/U_debouncer_btnL/count_reg[10]/C
Low Pulse Width   Fast    FDRE/C   n/a            0.500         5.000       4.500      SLICE_X5Y21    u_btn_debouncer/U_debouncer_btnL/count_reg[10]/C
Low Pulse Width   Slow    FDRE/C   n/a            0.500         5.000       4.500      SLICE_X5Y21    u_btn_debouncer/U_debouncer_btnL/count_reg[11]/C
Low Pulse Width   Fast    FDRE/C   n/a            0.500         5.000       4.500      SLICE_X5Y21    u_btn_debouncer/U_debouncer_btnL/count_reg[11]/C
Low Pulse Width   Slow    FDRE/C   n/a            0.500         5.000       4.500      SLICE_X5Y22    u_btn_debouncer/U_debouncer_btnL/count_reg[12]/C
Low Pulse Width   Fast    FDRE/C   n/a            0.500         5.000       4.500      SLICE_X5Y22    u_btn_debouncer/U_debouncer_btnL/count_reg[12]/C
High Pulse Width  Slow    FDRE/C   n/a            0.500         5.000       4.500      SLICE_X4Y23    u_btn_debouncer/U_debouncer_btnL/btn_state_reg/C
High Pulse Width  Fast    FDRE/C   n/a            0.500         5.000       4.500      SLICE_X4Y23    u_btn_debouncer/U_debouncer_btnL/btn_state_reg/C
High Pulse Width  Slow    FDRE/C   n/a            0.500         5.000       4.500      SLICE_X5Y19    u_btn_debouncer/U_debouncer_btnL/count_reg[0]/C
High Pulse Width  Fast    FDRE/C   n/a            0.500         5.000       4.500      SLICE_X5Y19    u_btn_debouncer/U_debouncer_btnL/count_reg[0]/C
High Pulse Width  Slow    FDRE/C   n/a            0.500         5.000       4.500      SLICE_X5Y21    u_btn_debouncer/U_debouncer_btnL/count_reg[10]/C
High Pulse Width  Fast    FDRE/C   n/a            0.500         5.000       4.500      SLICE_X5Y21    u_btn_debouncer/U_debouncer_btnL/count_reg[10]/C
High Pulse Width  Slow    FDRE/C   n/a            0.500         5.000       4.500      SLICE_X5Y21    u_btn_debouncer/U_debouncer_btnL/count_reg[11]/C
High Pulse Width  Fast    FDRE/C   n/a            0.500         5.000       4.500      SLICE_X5Y21    u_btn_debouncer/U_debouncer_btnL/count_reg[11]/C
High Pulse Width  Slow    FDRE/C   n/a            0.500         5.000       4.500      SLICE_X5Y22    u_btn_debouncer/U_debouncer_btnL/count_reg[12]/C
High Pulse Width  Fast    FDRE/C   n/a            0.500         5.000       4.500      SLICE_X5Y22    u_btn_debouncer/U_debouncer_btnL/count_reg[12]/C



