Copyright 1986-2021 Xilinx, Inc. All Rights Reserved.
-----------------------------------------------------------------------------------------------------------------------------------------------------------------------------------------------------
| Tool Version : Vivado v.2021.1 (win64) Build 3247384 Thu Jun 10 19:36:33 MDT 2021
| Date         : Fri Feb 27 14:00:48 2026
| Host         : DESKTOP-0G8LKRK running 64-bit major release  (build 9200)
| Command      : report_timing_summary -max_paths 10 -file top_buzzer_timing_summary_routed.rpt -pb top_buzzer_timing_summary_routed.pb -rpx top_buzzer_timing_summary_routed.rpx -warn_on_violation
| Design       : top_buzzer
| Device       : 7a35t-cpg236
| Speed File   : -1  PRODUCTION 1.23 2018-06-13
-----------------------------------------------------------------------------------------------------------------------------------------------------------------------------------------------------

Timing Summary Report

------------------------------------------------------------------------------------------------
| Timer Settings
| --------------
------------------------------------------------------------------------------------------------

  Enable Multi Corner Analysis               :  Yes
  Enable Pessimism Removal                   :  Yes
  Pessimism Removal Resolution               :  Nearest Common Node
  Enable Input Delay Default Clock           :  No
  Enable Preset / Clear Arcs                 :  No
  Disable Flight Delays                      :  No
  Ignore I/O Paths                           :  No
  Timing Early Launch at Borrowing Latches   :  No
  Borrow Time for Max Delay Exceptions       :  Yes
  Merge Timing Exceptions                    :  Yes

  Corner  Analyze    Analyze    
  Name    Max Paths  Min Paths  
  ------  ---------  ---------  
  Slow    Yes        Yes        
  Fast    Yes        Yes        


------------------------------------------------------------------------------------------------
| Report Methodology
| ------------------
------------------------------------------------------------------------------------------------

Rule       Severity  Description                    Violations  
---------  --------  -----------------------------  ----------  
TIMING-18  Warning   Missing input or output delay  7           

Note: This report is based on the most recent report_methodology run and may not be up-to-date. Run report_methodology on the current design for the latest report.



check_timing report

Table of Contents
-----------------
1. checking no_clock (0)
2. checking constant_clock (0)
3. checking pulse_width_clock (0)
4. checking unconstrained_internal_endpoints (0)
5. checking no_input_delay (6)
6. checking no_output_delay (1)
7. checking multiple_clock (0)
8. checking generated_clocks (0)
9. checking loops (0)
10. checking partial_input_delay (0)
11. checking partial_output_delay (0)
12. checking latch_loops (0)

1. checking no_clock (0)
------------------------
 There are 0 register/latch pins with no clock.


2. checking constant_clock (0)
------------------------------
 There are 0 register/latch pins with constant_clock.


3. checking pulse_width_clock (0)
---------------------------------
 There are 0 register/latch pins which need pulse_width check


4. checking unconstrained_internal_endpoints (0)
------------------------------------------------
 There are 0 pins that are not constrained for maximum delay.

 There are 0 pins that are not constrained for maximum delay due to constant clock.


5. checking no_input_delay (6)
------------------------------
 There are 6 input ports with no input delay specified. (HIGH)

 There are 0 input ports with no input delay but user has a false path constraint.


6. checking no_output_delay (1)
-------------------------------
 There is 1 port with no output delay specified. (HIGH)

 There are 0 ports with no output delay but user has a false path constraint

 There are 0 ports with no output delay but with a timing clock defined on it or propagating through it


7. checking multiple_clock (0)
------------------------------
 There are 0 register/latch pins with multiple clocks.


8. checking generated_clocks (0)
--------------------------------
 There are 0 generated clocks that are not connected to a clock source.


9. checking loops (0)
---------------------
 There are 0 combinational loops in the design.


10. checking partial_input_delay (0)
------------------------------------
 There are 0 input ports with partial input delay specified.


11. checking partial_output_delay (0)
-------------------------------------
 There are 0 ports with partial output delay specified.


12. checking latch_loops (0)
----------------------------
 There are 0 combinational latch loops in the design through latch input



------------------------------------------------------------------------------------------------
| Design Timing Summary
| ---------------------
------------------------------------------------------------------------------------------------

    WNS(ns)      TNS(ns)  TNS Failing Endpoints  TNS Total Endpoints      WHS(ns)      THS(ns)  THS Failing Endpoints  THS Total Endpoints     WPWS(ns)     TPWS(ns)  TPWS Failing Endpoints  TPWS Total Endpoints  
    -------      -------  ---------------------  -------------------      -------      -------  ---------------------  -------------------     --------     --------  ----------------------  --------------------  
      5.295        0.000                      0                  320        0.198        0.000                      0                  320        4.500        0.000                       0                   221  


All user specified timing constraints are met.


------------------------------------------------------------------------------------------------
| Clock Summary
| -------------
------------------------------------------------------------------------------------------------

Clock        Waveform(ns)       Period(ns)      Frequency(MHz)
-----        ------------       ----------      --------------
sys_clk_pin  {0.000 5.000}      10.000          100.000         


------------------------------------------------------------------------------------------------
| Intra Clock Table
| -----------------
------------------------------------------------------------------------------------------------

Clock             WNS(ns)      TNS(ns)  TNS Failing Endpoints  TNS Total Endpoints      WHS(ns)      THS(ns)  THS Failing Endpoints  THS Total Endpoints     WPWS(ns)     TPWS(ns)  TPWS Failing Endpoints  TPWS Total Endpoints  
-----             -------      -------  ---------------------  -------------------      -------      -------  ---------------------  -------------------     --------     --------  ----------------------  --------------------  
sys_clk_pin         5.295        0.000                      0                  320        0.198        0.000                      0                  320        4.500        0.000                       0                   221  


------------------------------------------------------------------------------------------------
| Inter Clock Table
| -----------------
------------------------------------------------------------------------------------------------

From Clock    To Clock          WNS(ns)      TNS(ns)  TNS Failing Endpoints  TNS Total Endpoints      WHS(ns)      THS(ns)  THS Failing Endpoints  THS Total Endpoints  
----------    --------          -------      -------  ---------------------  -------------------      -------      -------  ---------------------  -------------------  


------------------------------------------------------------------------------------------------
| Other Path Groups Table
| -----------------------
------------------------------------------------------------------------------------------------

Path Group    From Clock    To Clock          WNS(ns)      TNS(ns)  TNS Failing Endpoints  TNS Total Endpoints      WHS(ns)      THS(ns)  THS Failing Endpoints  THS Total Endpoints  
----------    ----------    --------          -------      -------  ---------------------  -------------------      -------      -------  ---------------------  -------------------  


------------------------------------------------------------------------------------------------
| Timing Details
| --------------
------------------------------------------------------------------------------------------------


---------------------------------------------------------------------------------------------------
From Clock:  sys_clk_pin
  To Clock:  sys_clk_pin

Setup :            0  Failing Endpoints,  Worst Slack        5.295ns,  Total Violation        0.000ns
Hold  :            0  Failing Endpoints,  Worst Slack        0.198ns,  Total Violation        0.000ns
PW    :            0  Failing Endpoints,  Worst Slack        4.500ns,  Total Violation        0.000ns
---------------------------------------------------------------------------------------------------


Max Delay Paths
--------------------------------------------------------------------------------------
Slack (MET) :             5.295ns  (required time - arrival time)
  Source:                 u_btn_debouncer/U_debouncer_btnC/count_reg[11]/C
                            (rising edge-triggered cell FDRE clocked by sys_clk_pin  {rise@0.000ns fall@5.000ns period=10.000ns})
  Destination:            u_btn_debouncer/U_debouncer_btnC/count_reg[0]/R
                            (rising edge-triggered cell FDRE clocked by sys_clk_pin  {rise@0.000ns fall@5.000ns period=10.000ns})
  Path Group:             sys_clk_pin
  Path Type:              Setup (Max at Slow Process Corner)
  Requirement:            10.000ns  (sys_clk_pin rise@10.000ns - sys_clk_pin rise@0.000ns)
  Data Path Delay:        4.121ns  (logic 0.890ns (21.598%)  route 3.231ns (78.402%))
  Logic Levels:           3  (LUT4=1 LUT5=1 LUT6=1)
  Clock Path Skew:        -0.025ns (DCD - SCD + CPR)
    Destination Clock Delay (DCD):    4.774ns = ( 14.774 - 10.000 ) 
    Source Clock Delay      (SCD):    5.073ns
    Clock Pessimism Removal (CPR):    0.274ns
  Clock Uncertainty:      0.035ns  ((TSJ^2 + TIJ^2)^1/2 + DJ) / 2 + PE
    Total System Jitter     (TSJ):    0.071ns
    Total Input Jitter      (TIJ):    0.000ns
    Discrete Jitter          (DJ):    0.000ns
    Phase Error              (PE):    0.000ns

    Location             Delay type                Incr(ns)  Path(ns)    Netlist Resource(s)
  -------------------------------------------------------------------    -------------------
                         (clock sys_clk_pin rise edge)
                                                      0.000     0.000 r  
    W5                                                0.000     0.000 r  clk (IN)
                         net (fo=0)                   0.000     0.000    clk
    W5                   IBUF (Prop_ibuf_I_O)         1.458     1.458 r  clk_IBUF_inst/O
                         net (fo=1, routed)           1.967     3.425    clk_IBUF
    BUFGCTRL_X0Y0        BUFG (Prop_bufg_I_O)         0.096     3.521 r  clk_IBUF_BUFG_inst/O
                         net (fo=220, routed)         1.552     5.073    u_btn_debouncer/U_debouncer_btnC/clk_IBUF_BUFG
    SLICE_X12Y27         FDRE                                         r  u_btn_debouncer/U_debouncer_btnC/count_reg[11]/C
  -------------------------------------------------------------------    -------------------
    SLICE_X12Y27         FDRE (Prop_fdre_C_Q)         0.518     5.591 r  u_btn_debouncer/U_debouncer_btnC/count_reg[11]/Q
                         net (fo=2, routed)           1.067     6.658    u_btn_debouncer/U_debouncer_btnC/count_reg[11]
    SLICE_X14Y27         LUT4 (Prop_lut4_I0_O)        0.124     6.782 r  u_btn_debouncer/U_debouncer_btnC/btn_state_i_4__1/O
                         net (fo=1, routed)           0.670     7.452    u_btn_debouncer/U_debouncer_btnC/btn_state_i_4__1_n_0
    SLICE_X14Y27         LUT6 (Prop_lut6_I1_O)        0.124     7.576 r  u_btn_debouncer/U_debouncer_btnC/btn_state_i_3__1/O
                         net (fo=2, routed)           0.774     8.350    u_btn_debouncer/U_debouncer_btnC/btn_state_i_3__1_n_0
    SLICE_X14Y28         LUT5 (Prop_lut5_I2_O)        0.124     8.474 r  u_btn_debouncer/U_debouncer_btnC/count[0]_i_1__1/O
                         net (fo=20, routed)          0.720     9.194    u_btn_debouncer/U_debouncer_btnC/count[0]_i_1__1_n_0
    SLICE_X12Y25         FDRE                                         r  u_btn_debouncer/U_debouncer_btnC/count_reg[0]/R
  -------------------------------------------------------------------    -------------------

                         (clock sys_clk_pin rise edge)
                                                     10.000    10.000 r  
    W5                                                0.000    10.000 r  clk (IN)
                         net (fo=0)                   0.000    10.000    clk
    W5                   IBUF (Prop_ibuf_I_O)         1.388    11.388 r  clk_IBUF_inst/O
                         net (fo=1, routed)           1.862    13.250    clk_IBUF
    BUFGCTRL_X0Y0        BUFG (Prop_bufg_I_O)         0.091    13.341 r  clk_IBUF_BUFG_inst/O
                         net (fo=220, routed)         1.433    14.774    u_btn_debouncer/U_debouncer_btnC/clk_IBUF_BUFG
    SLICE_X12Y25         FDRE                                         r  u_btn_debouncer/U_debouncer_btnC/count_reg[0]/C
                         clock pessimism              0.274    15.048    
                         clock uncertainty           -0.035    15.013    
    SLICE_X12Y25         FDRE (Setup_fdre_C_R)       -0.524    14.489    u_btn_debouncer/U_debouncer_btnC/count_reg[0]
  -------------------------------------------------------------------
                         required time                         14.489    
                         arrival time                          -9.194    
  -------------------------------------------------------------------
                         slack                                  5.295    

Slack (MET) :             5.295ns  (required time - arrival time)
  Source:                 u_btn_debouncer/U_debouncer_btnC/count_reg[11]/C
                            (rising edge-triggered cell FDRE clocked by sys_clk_pin  {rise@0.000ns fall@5.000ns period=10.000ns})
  Destination:            u_btn_debouncer/U_debouncer_btnC/count_reg[1]/R
                            (rising edge-triggered cell FDRE clocked by sys_clk_pin  {rise@0.000ns fall@5.000ns period=10.000ns})
  Path Group:             sys_clk_pin
  Path Type:              Setup (Max at Slow Process Corner)
  Requirement:            10.000ns  (sys_clk_pin rise@10.000ns - sys_clk_pin rise@0.000ns)
  Data Path Delay:        4.121ns  (logic 0.890ns (21.598%)  route 3.231ns (78.402%))
  Logic Levels:           3  (LUT4=1 LUT5=1 LUT6=1)
  Clock Path Skew:        -0.025ns (DCD - SCD + CPR)
    Destination Clock Delay (DCD):    4.774ns = ( 14.774 - 10.000 ) 
    Source Clock Delay      (SCD):    5.073ns
    Clock Pessimism Removal (CPR):    0.274ns
  Clock Uncertainty:      0.035ns  ((TSJ^2 + TIJ^2)^1/2 + DJ) / 2 + PE
    Total System Jitter     (TSJ):    0.071ns
    Total Input Jitter      (TIJ):    0.000ns
    Discrete Jitter          (DJ):    0.000ns
    Phase Error              (PE):    0.000ns

    Location             Delay type                Incr(ns)  Path(ns)    Netlist Resource(s)
  -------------------------------------------------------------------    -------------------
                         (clock sys_clk_pin rise edge)
                                                      0.000     0.000 r  
    W5                                                0.000     0.000 r  clk (IN)
                         net (fo=0)                   0.000     0.000    clk
    W5                   IBUF (Prop_ibuf_I_O)         1.458     1.458 r  clk_IBUF_inst/O
                         net (fo=1, routed)           1.967     3.425    clk_IBUF
    BUFGCTRL_X0Y0        BUFG (Prop_bufg_I_O)         0.096     3.521 r  clk_IBUF_BUFG_inst/O
                         net (fo=220, routed)         1.552     5.073    u_btn_debouncer/U_debouncer_btnC/clk_IBUF_BUFG
    SLICE_X12Y27         FDRE                                         r  u_btn_debouncer/U_debouncer_btnC/count_reg[11]/C
  -------------------------------------------------------------------    -------------------
    SLICE_X12Y27         FDRE (Prop_fdre_C_Q)         0.518     5.591 r  u_btn_debouncer/U_debouncer_btnC/count_reg[11]/Q
                         net (fo=2, routed)           1.067     6.658    u_btn_debouncer/U_debouncer_btnC/count_reg[11]
    SLICE_X14Y27         LUT4 (Prop_lut4_I0_O)        0.124     6.782 r  u_btn_debouncer/U_debouncer_btnC/btn_state_i_4__1/O
                         net (fo=1, routed)           0.670     7.452    u_btn_debouncer/U_debouncer_btnC/btn_state_i_4__1_n_0
    SLICE_X14Y27         LUT6 (Prop_lut6_I1_O)        0.124     7.576 r  u_btn_debouncer/U_debouncer_btnC/btn_state_i_3__1/O
                         net (fo=2, routed)           0.774     8.350    u_btn_debouncer/U_debouncer_btnC/btn_state_i_3__1_n_0
    SLICE_X14Y28         LUT5 (Prop_lut5_I2_O)        0.124     8.474 r  u_btn_debouncer/U_debouncer_btnC/count[0]_i_1__1/O
                         net (fo=20, routed)          0.720     9.194    u_btn_debouncer/U_debouncer_btnC/count[0]_i_1__1_n_0
    SLICE_X12Y25         FDRE                                         r  u_btn_debouncer/U_debouncer_btnC/count_reg[1]/R
  -------------------------------------------------------------------    -------------------

                         (clock sys_clk_pin rise edge)
                                                     10.000    10.000 r  
    W5                                                0.000    10.000 r  clk (IN)
                         net (fo=0)                   0.000    10.000    clk
    W5                   IBUF (Prop_ibuf_I_O)         1.388    11.388 r  clk_IBUF_inst/O
                         net (fo=1, routed)           1.862    13.250    clk_IBUF
    BUFGCTRL_X0Y0        BUFG (Prop_bufg_I_O)         0.091    13.341 r  clk_IBUF_BUFG_inst/O
                         net (fo=220, routed)         1.433    14.774    u_btn_debouncer/U_debouncer_btnC/clk_IBUF_BUFG
    SLICE_X12Y25         FDRE                                         r  u_btn_debouncer/U_debouncer_btnC/count_reg[1]/C
                         clock pessimism              0.274    15.048    
                         clock uncertainty           -0.035    15.013    
    SLICE_X12Y25         FDRE (Setup_fdre_C_R)       -0.524    14.489    u_btn_debouncer/U_debouncer_btnC/count_reg[1]
  -------------------------------------------------------------------
                         required time                         14.489    
                         arrival time                          -9.194    
  -------------------------------------------------------------------
                         slack                                  5.295    

Slack (MET) :             5.295ns  (required time - arrival time)
  Source:                 u_btn_debouncer/U_debouncer_btnC/count_reg[11]/C
                            (rising edge-triggered cell FDRE clocked by sys_clk_pin  {rise@0.000ns fall@5.000ns period=10.000ns})
  Destination:            u_btn_debouncer/U_debouncer_btnC/count_reg[2]/R
                            (rising edge-triggered cell FDRE clocked by sys_clk_pin  {rise@0.000ns fall@5.000ns period=10.000ns})
  Path Group:             sys_clk_pin
  Path Type:              Setup (Max at Slow Process Corner)
  Requirement:            10.000ns  (sys_clk_pin rise@10.000ns - sys_clk_pin rise@0.000ns)
  Data Path Delay:        4.121ns  (logic 0.890ns (21.598%)  route 3.231ns (78.402%))
  Logic Levels:           3  (LUT4=1 LUT5=1 LUT6=1)
  Clock Path Skew:        -0.025ns (DCD - SCD + CPR)
    Destination Clock Delay (DCD):    4.774ns = ( 14.774 - 10.000 ) 
    Source Clock Delay      (SCD):    5.073ns
    Clock Pessimism Removal (CPR):    0.274ns
  Clock Uncertainty:      0.035ns  ((TSJ^2 + TIJ^2)^1/2 + DJ) / 2 + PE
    Total System Jitter     (TSJ):    0.071ns
    Total Input Jitter      (TIJ):    0.000ns
    Discrete Jitter          (DJ):    0.000ns
    Phase Error              (PE):    0.000ns

    Location             Delay type                Incr(ns)  Path(ns)    Netlist Resource(s)
  -------------------------------------------------------------------    -------------------
                         (clock sys_clk_pin rise edge)
                                                      0.000     0.000 r  
    W5                                                0.000     0.000 r  clk (IN)
                         net (fo=0)                   0.000     0.000    clk
    W5                   IBUF (Prop_ibuf_I_O)         1.458     1.458 r  clk_IBUF_inst/O
                         net (fo=1, routed)           1.967     3.425    clk_IBUF
    BUFGCTRL_X0Y0        BUFG (Prop_bufg_I_O)         0.096     3.521 r  clk_IBUF_BUFG_inst/O
                         net (fo=220, routed)         1.552     5.073    u_btn_debouncer/U_debouncer_btnC/clk_IBUF_BUFG
    SLICE_X12Y27         FDRE                                         r  u_btn_debouncer/U_debouncer_btnC/count_reg[11]/C
  -------------------------------------------------------------------    -------------------
    SLICE_X12Y27         FDRE (Prop_fdre_C_Q)         0.518     5.591 r  u_btn_debouncer/U_debouncer_btnC/count_reg[11]/Q
                         net (fo=2, routed)           1.067     6.658    u_btn_debouncer/U_debouncer_btnC/count_reg[11]
    SLICE_X14Y27         LUT4 (Prop_lut4_I0_O)        0.124     6.782 r  u_btn_debouncer/U_debouncer_btnC/btn_state_i_4__1/O
                         net (fo=1, routed)           0.670     7.452    u_btn_debouncer/U_debouncer_btnC/btn_state_i_4__1_n_0
    SLICE_X14Y27         LUT6 (Prop_lut6_I1_O)        0.124     7.576 r  u_btn_debouncer/U_debouncer_btnC/btn_state_i_3__1/O
                         net (fo=2, routed)           0.774     8.350    u_btn_debouncer/U_debouncer_btnC/btn_state_i_3__1_n_0
    SLICE_X14Y28         LUT5 (Prop_lut5_I2_O)        0.124     8.474 r  u_btn_debouncer/U_debouncer_btnC/count[0]_i_1__1/O
                         net (fo=20, routed)          0.720     9.194    u_btn_debouncer/U_debouncer_btnC/count[0]_i_1__1_n_0
    SLICE_X12Y25         FDRE                                         r  u_btn_debouncer/U_debouncer_btnC/count_reg[2]/R
  -------------------------------------------------------------------    -------------------

                         (clock sys_clk_pin rise edge)
                                                     10.000    10.000 r  
    W5                                                0.000    10.000 r  clk (IN)
                         net (fo=0)                   0.000    10.000    clk
    W5                   IBUF (Prop_ibuf_I_O)         1.388    11.388 r  clk_IBUF_inst/O
                         net (fo=1, routed)           1.862    13.250    clk_IBUF
    BUFGCTRL_X0Y0        BUFG (Prop_bufg_I_O)         0.091    13.341 r  clk_IBUF_BUFG_inst/O
                         net (fo=220, routed)         1.433    14.774    u_btn_debouncer/U_debouncer_btnC/clk_IBUF_BUFG
    SLICE_X12Y25         FDRE                                         r  u_btn_debouncer/U_debouncer_btnC/count_reg[2]/C
                         clock pessimism              0.274    15.048    
                         clock uncertainty           -0.035    15.013    
    SLICE_X12Y25         FDRE (Setup_fdre_C_R)       -0.524    14.489    u_btn_debouncer/U_debouncer_btnC/count_reg[2]
  -------------------------------------------------------------------
                         required time                         14.489    
                         arrival time                          -9.194    
  -------------------------------------------------------------------
                         slack                                  5.295    

Slack (MET) :             5.295ns  (required time - arrival time)
  Source:                 u_btn_debouncer/U_debouncer_btnC/count_reg[11]/C
                            (rising edge-triggered cell FDRE clocked by sys_clk_pin  {rise@0.000ns fall@5.000ns period=10.000ns})
  Destination:            u_btn_debouncer/U_debouncer_btnC/count_reg[3]/R
                            (rising edge-triggered cell FDRE clocked by sys_clk_pin  {rise@0.000ns fall@5.000ns period=10.000ns})
  Path Group:             sys_clk_pin
  Path Type:              Setup (Max at Slow Process Corner)
  Requirement:            10.000ns  (sys_clk_pin rise@10.000ns - sys_clk_pin rise@0.000ns)
  Data Path Delay:        4.121ns  (logic 0.890ns (21.598%)  route 3.231ns (78.402%))
  Logic Levels:           3  (LUT4=1 LUT5=1 LUT6=1)
  Clock Path Skew:        -0.025ns (DCD - SCD + CPR)
    Destination Clock Delay (DCD):    4.774ns = ( 14.774 - 10.000 ) 
    Source Clock Delay      (SCD):    5.073ns
    Clock Pessimism Removal (CPR):    0.274ns
  Clock Uncertainty:      0.035ns  ((TSJ^2 + TIJ^2)^1/2 + DJ) / 2 + PE
    Total System Jitter     (TSJ):    0.071ns
    Total Input Jitter      (TIJ):    0.000ns
    Discrete Jitter          (DJ):    0.000ns
    Phase Error              (PE):    0.000ns

    Location             Delay type                Incr(ns)  Path(ns)    Netlist Resource(s)
  -------------------------------------------------------------------    -------------------
                         (clock sys_clk_pin rise edge)
                                                      0.000     0.000 r  
    W5                                                0.000     0.000 r  clk (IN)
                         net (fo=0)                   0.000     0.000    clk
    W5                   IBUF (Prop_ibuf_I_O)         1.458     1.458 r  clk_IBUF_inst/O
                         net (fo=1, routed)           1.967     3.425    clk_IBUF
    BUFGCTRL_X0Y0        BUFG (Prop_bufg_I_O)         0.096     3.521 r  clk_IBUF_BUFG_inst/O
                         net (fo=220, routed)         1.552     5.073    u_btn_debouncer/U_debouncer_btnC/clk_IBUF_BUFG
    SLICE_X12Y27         FDRE                                         r  u_btn_debouncer/U_debouncer_btnC/count_reg[11]/C
  -------------------------------------------------------------------    -------------------
    SLICE_X12Y27         FDRE (Prop_fdre_C_Q)         0.518     5.591 r  u_btn_debouncer/U_debouncer_btnC/count_reg[11]/Q
                         net (fo=2, routed)           1.067     6.658    u_btn_debouncer/U_debouncer_btnC/count_reg[11]
    SLICE_X14Y27         LUT4 (Prop_lut4_I0_O)        0.124     6.782 r  u_btn_debouncer/U_debouncer_btnC/btn_state_i_4__1/O
                         net (fo=1, routed)           0.670     7.452    u_btn_debouncer/U_debouncer_btnC/btn_state_i_4__1_n_0
    SLICE_X14Y27         LUT6 (Prop_lut6_I1_O)        0.124     7.576 r  u_btn_debouncer/U_debouncer_btnC/btn_state_i_3__1/O
                         net (fo=2, routed)           0.774     8.350    u_btn_debouncer/U_debouncer_btnC/btn_state_i_3__1_n_0
    SLICE_X14Y28         LUT5 (Prop_lut5_I2_O)        0.124     8.474 r  u_btn_debouncer/U_debouncer_btnC/count[0]_i_1__1/O
                         net (fo=20, routed)          0.720     9.194    u_btn_debouncer/U_debouncer_btnC/count[0]_i_1__1_n_0
    SLICE_X12Y25         FDRE                                         r  u_btn_debouncer/U_debouncer_btnC/count_reg[3]/R
  -------------------------------------------------------------------    -------------------

                         (clock sys_clk_pin rise edge)
                                                     10.000    10.000 r  
    W5                                                0.000    10.000 r  clk (IN)
                         net (fo=0)                   0.000    10.000    clk
    W5                   IBUF (Prop_ibuf_I_O)         1.388    11.388 r  clk_IBUF_inst/O
                         net (fo=1, routed)           1.862    13.250    clk_IBUF
    BUFGCTRL_X0Y0        BUFG (Prop_bufg_I_O)         0.091    13.341 r  clk_IBUF_BUFG_inst/O
                         net (fo=220, routed)         1.433    14.774    u_btn_debouncer/U_debouncer_btnC/clk_IBUF_BUFG
    SLICE_X12Y25         FDRE                                         r  u_btn_debouncer/U_debouncer_btnC/count_reg[3]/C
                         clock pessimism              0.274    15.048    
                         clock uncertainty           -0.035    15.013    
    SLICE_X12Y25         FDRE (Setup_fdre_C_R)       -0.524    14.489    u_btn_debouncer/U_debouncer_btnC/count_reg[3]
  -------------------------------------------------------------------
                         required time                         14.489    
                         arrival time                          -9.194    
  -------------------------------------------------------------------
                         slack                                  5.295    

Slack (MET) :             5.359ns  (required time - arrival time)
  Source:                 u_btn_debouncer/U_debouncer_btnC/count_reg[11]/C
                            (rising edge-triggered cell FDRE clocked by sys_clk_pin  {rise@0.000ns fall@5.000ns period=10.000ns})
  Destination:            u_btn_debouncer/U_debouncer_btnC/count_reg[4]/R
                            (rising edge-triggered cell FDRE clocked by sys_clk_pin  {rise@0.000ns fall@5.000ns period=10.000ns})
  Path Group:             sys_clk_pin
  Path Type:              Setup (Max at Slow Process Corner)
  Requirement:            10.000ns  (sys_clk_pin rise@10.000ns - sys_clk_pin rise@0.000ns)
  Data Path Delay:        4.058ns  (logic 0.890ns (21.930%)  route 3.168ns (78.070%))
  Logic Levels:           3  (LUT4=1 LUT5=1 LUT6=1)
  Clock Path Skew:        -0.023ns (DCD - SCD + CPR)
    Destination Clock Delay (DCD):    4.776ns = ( 14.776 - 10.000 ) 
    Source Clock Delay      (SCD):    5.073ns
    Clock Pessimism Removal (CPR):    0.274ns
  Clock Uncertainty:      0.035ns  ((TSJ^2 + TIJ^2)^1/2 + DJ) / 2 + PE
    Total System Jitter     (TSJ):    0.071ns
    Total Input Jitter      (TIJ):    0.000ns
    Discrete Jitter          (DJ):    0.000ns
    Phase Error              (PE):    0.000ns

    Location             Delay type                Incr(ns)  Path(ns)    Netlist Resource(s)
  -------------------------------------------------------------------    -------------------
                         (clock sys_clk_pin rise edge)
                                                      0.000     0.000 r  
    W5                                                0.000     0.000 r  clk (IN)
                         net (fo=0)                   0.000     0.000    clk
    W5                   IBUF (Prop_ibuf_I_O)         1.458     1.458 r  clk_IBUF_inst/O
                         net (fo=1, routed)           1.967     3.425    clk_IBUF
    BUFGCTRL_X0Y0        BUFG (Prop_bufg_I_O)         0.096     3.521 r  clk_IBUF_BUFG_inst/O
                         net (fo=220, routed)         1.552     5.073    u_btn_debouncer/U_debouncer_btnC/clk_IBUF_BUFG
    SLICE_X12Y27         FDRE                                         r  u_btn_debouncer/U_debouncer_btnC/count_reg[11]/C
  -------------------------------------------------------------------    -------------------
    SLICE_X12Y27         FDRE (Prop_fdre_C_Q)         0.518     5.591 r  u_btn_debouncer/U_debouncer_btnC/count_reg[11]/Q
                         net (fo=2, routed)           1.067     6.658    u_btn_debouncer/U_debouncer_btnC/count_reg[11]
    SLICE_X14Y27         LUT4 (Prop_lut4_I0_O)        0.124     6.782 r  u_btn_debouncer/U_debouncer_btnC/btn_state_i_4__1/O
                         net (fo=1, routed)           0.670     7.452    u_btn_debouncer/U_debouncer_btnC/btn_state_i_4__1_n_0
    SLICE_X14Y27         LUT6 (Prop_lut6_I1_O)        0.124     7.576 r  u_btn_debouncer/U_debouncer_btnC/btn_state_i_3__1/O
                         net (fo=2, routed)           0.774     8.350    u_btn_debouncer/U_debouncer_btnC/btn_state_i_3__1_n_0
    SLICE_X14Y28         LUT5 (Prop_lut5_I2_O)        0.124     8.474 r  u_btn_debouncer/U_debouncer_btnC/count[0]_i_1__1/O
                         net (fo=20, routed)          0.658     9.132    u_btn_debouncer/U_debouncer_btnC/count[0]_i_1__1_n_0
    SLICE_X12Y26         FDRE                                         r  u_btn_debouncer/U_debouncer_btnC/count_reg[4]/R
  -------------------------------------------------------------------    -------------------

                         (clock sys_clk_pin rise edge)
                                                     10.000    10.000 r  
    W5                                                0.000    10.000 r  clk (IN)
                         net (fo=0)                   0.000    10.000    clk
    W5                   IBUF (Prop_ibuf_I_O)         1.388    11.388 r  clk_IBUF_inst/O
                         net (fo=1, routed)           1.862    13.250    clk_IBUF
    BUFGCTRL_X0Y0        BUFG (Prop_bufg_I_O)         0.091    13.341 r  clk_IBUF_BUFG_inst/O
                         net (fo=220, routed)         1.435    14.776    u_btn_debouncer/U_debouncer_btnC/clk_IBUF_BUFG
    SLICE_X12Y26         FDRE                                         r  u_btn_debouncer/U_debouncer_btnC/count_reg[4]/C
                         clock pessimism              0.274    15.050    
                         clock uncertainty           -0.035    15.015    
    SLICE_X12Y26         FDRE (Setup_fdre_C_R)       -0.524    14.491    u_btn_debouncer/U_debouncer_btnC/count_reg[4]
  -------------------------------------------------------------------
                         required time                         14.491    
                         arrival time                          -9.132    
  -------------------------------------------------------------------
                         slack                                  5.359    

Slack (MET) :             5.359ns  (required time - arrival time)
  Source:                 u_btn_debouncer/U_debouncer_btnC/count_reg[11]/C
                            (rising edge-triggered cell FDRE clocked by sys_clk_pin  {rise@0.000ns fall@5.000ns period=10.000ns})
  Destination:            u_btn_debouncer/U_debouncer_btnC/count_reg[5]/R
                            (rising edge-triggered cell FDRE clocked by sys_clk_pin  {rise@0.000ns fall@5.000ns period=10.000ns})
  Path Group:             sys_clk_pin
  Path Type:              Setup (Max at Slow Process Corner)
  Requirement:            10.000ns  (sys_clk_pin rise@10.000ns - sys_clk_pin rise@0.000ns)
  Data Path Delay:        4.058ns  (logic 0.890ns (21.930%)  route 3.168ns (78.070%))
  Logic Levels:           3  (LUT4=1 LUT5=1 LUT6=1)
  Clock Path Skew:        -0.023ns (DCD - SCD + CPR)
    Destination Clock Delay (DCD):    4.776ns = ( 14.776 - 10.000 ) 
    Source Clock Delay      (SCD):    5.073ns
    Clock Pessimism Removal (CPR):    0.274ns
  Clock Uncertainty:      0.035ns  ((TSJ^2 + TIJ^2)^1/2 + DJ) / 2 + PE
    Total System Jitter     (TSJ):    0.071ns
    Total Input Jitter      (TIJ):    0.000ns
    Discrete Jitter          (DJ):    0.000ns
    Phase Error              (PE):    0.000ns

    Location             Delay type                Incr(ns)  Path(ns)    Netlist Resource(s)
  -------------------------------------------------------------------    -------------------
                         (clock sys_clk_pin rise edge)
                                                      0.000     0.000 r  
    W5                                                0.000     0.000 r  clk (IN)
                         net (fo=0)                   0.000     0.000    clk
    W5                   IBUF (Prop_ibuf_I_O)         1.458     1.458 r  clk_IBUF_inst/O
                         net (fo=1, routed)           1.967     3.425    clk_IBUF
    BUFGCTRL_X0Y0        BUFG (Prop_bufg_I_O)         0.096     3.521 r  clk_IBUF_BUFG_inst/O
                         net (fo=220, routed)         1.552     5.073    u_btn_debouncer/U_debouncer_btnC/clk_IBUF_BUFG
    SLICE_X12Y27         FDRE                                         r  u_btn_debouncer/U_debouncer_btnC/count_reg[11]/C
  -------------------------------------------------------------------    -------------------
    SLICE_X12Y27         FDRE (Prop_fdre_C_Q)         0.518     5.591 r  u_btn_debouncer/U_debouncer_btnC/count_reg[11]/Q
                         net (fo=2, routed)           1.067     6.658    u_btn_debouncer/U_debouncer_btnC/count_reg[11]
    SLICE_X14Y27         LUT4 (Prop_lut4_I0_O)        0.124     6.782 r  u_btn_debouncer/U_debouncer_btnC/btn_state_i_4__1/O
                         net (fo=1, routed)           0.670     7.452    u_btn_debouncer/U_debouncer_btnC/btn_state_i_4__1_n_0
    SLICE_X14Y27         LUT6 (Prop_lut6_I1_O)        0.124     7.576 r  u_btn_debouncer/U_debouncer_btnC/btn_state_i_3__1/O
                         net (fo=2, routed)           0.774     8.350    u_btn_debouncer/U_debouncer_btnC/btn_state_i_3__1_n_0
    SLICE_X14Y28         LUT5 (Prop_lut5_I2_O)        0.124     8.474 r  u_btn_debouncer/U_debouncer_btnC/count[0]_i_1__1/O
                         net (fo=20, routed)          0.658     9.132    u_btn_debouncer/U_debouncer_btnC/count[0]_i_1__1_n_0
    SLICE_X12Y26         FDRE                                         r  u_btn_debouncer/U_debouncer_btnC/count_reg[5]/R
  -------------------------------------------------------------------    -------------------

                         (clock sys_clk_pin rise edge)
                                                     10.000    10.000 r  
    W5                                                0.000    10.000 r  clk (IN)
                         net (fo=0)                   0.000    10.000    clk
    W5                   IBUF (Prop_ibuf_I_O)         1.388    11.388 r  clk_IBUF_inst/O
                         net (fo=1, routed)           1.862    13.250    clk_IBUF
    BUFGCTRL_X0Y0        BUFG (Prop_bufg_I_O)         0.091    13.341 r  clk_IBUF_BUFG_inst/O
                         net (fo=220, routed)         1.435    14.776    u_btn_debouncer/U_debouncer_btnC/clk_IBUF_BUFG
    SLICE_X12Y26         FDRE                                         r  u_btn_debouncer/U_debouncer_btnC/count_reg[5]/C
                         clock pessimism              0.274    15.050    
                         clock uncertainty           -0.035    15.015    
    SLICE_X12Y26         FDRE (Setup_fdre_C_R)       -0.524    14.491    u_btn_debouncer/U_debouncer_btnC/count_reg[5]
  -------------------------------------------------------------------
                         required time                         14.491    
                         arrival time                          -9.132    
  -------------------------------------------------------------------
                         slack                                  5.359    

Slack (MET) :             5.359ns  (required time - arrival time)
  Source:                 u_btn_debouncer/U_debouncer_btnC/count_reg[11]/C
                            (rising edge-triggered cell FDRE clocked by sys_clk_pin  {rise@0.000ns fall@5.000ns period=10.000ns})
  Destination:            u_btn_debouncer/U_debouncer_btnC/count_reg[6]/R
                            (rising edge-triggered cell FDRE clocked by sys_clk_pin  {rise@0.000ns fall@5.000ns period=10.000ns})
  Path Group:             sys_clk_pin
  Path Type:              Setup (Max at Slow Process Corner)
  Requirement:            10.000ns  (sys_clk_pin rise@10.000ns - sys_clk_pin rise@0.000ns)
  Data Path Delay:        4.058ns  (logic 0.890ns (21.930%)  route 3.168ns (78.070%))
  Logic Levels:           3  (LUT4=1 LUT5=1 LUT6=1)
  Clock Path Skew:        -0.023ns (DCD - SCD + CPR)
    Destination Clock Delay (DCD):    4.776ns = ( 14.776 - 10.000 ) 
    Source Clock Delay      (SCD):    5.073ns
    Clock Pessimism Removal (CPR):    0.274ns
  Clock Uncertainty:      0.035ns  ((TSJ^2 + TIJ^2)^1/2 + DJ) / 2 + PE
    Total System Jitter     (TSJ):    0.071ns
    Total Input Jitter      (TIJ):    0.000ns
    Discrete Jitter          (DJ):    0.000ns
    Phase Error              (PE):    0.000ns

    Location             Delay type                Incr(ns)  Path(ns)    Netlist Resource(s)
  -------------------------------------------------------------------    -------------------
                         (clock sys_clk_pin rise edge)
                                                      0.000     0.000 r  
    W5                                                0.000     0.000 r  clk (IN)
                         net (fo=0)                   0.000     0.000    clk
    W5                   IBUF (Prop_ibuf_I_O)         1.458     1.458 r  clk_IBUF_inst/O
                         net (fo=1, routed)           1.967     3.425    clk_IBUF
    BUFGCTRL_X0Y0        BUFG (Prop_bufg_I_O)         0.096     3.521 r  clk_IBUF_BUFG_inst/O
                         net (fo=220, routed)         1.552     5.073    u_btn_debouncer/U_debouncer_btnC/clk_IBUF_BUFG
    SLICE_X12Y27         FDRE                                         r  u_btn_debouncer/U_debouncer_btnC/count_reg[11]/C
  -------------------------------------------------------------------    -------------------
    SLICE_X12Y27         FDRE (Prop_fdre_C_Q)         0.518     5.591 r  u_btn_debouncer/U_debouncer_btnC/count_reg[11]/Q
                         net (fo=2, routed)           1.067     6.658    u_btn_debouncer/U_debouncer_btnC/count_reg[11]
    SLICE_X14Y27         LUT4 (Prop_lut4_I0_O)        0.124     6.782 r  u_btn_debouncer/U_debouncer_btnC/btn_state_i_4__1/O
                         net (fo=1, routed)           0.670     7.452    u_btn_debouncer/U_debouncer_btnC/btn_state_i_4__1_n_0
    SLICE_X14Y27         LUT6 (Prop_lut6_I1_O)        0.124     7.576 r  u_btn_debouncer/U_debouncer_btnC/btn_state_i_3__1/O
                         net (fo=2, routed)           0.774     8.350    u_btn_debouncer/U_debouncer_btnC/btn_state_i_3__1_n_0
    SLICE_X14Y28         LUT5 (Prop_lut5_I2_O)        0.124     8.474 r  u_btn_debouncer/U_debouncer_btnC/count[0]_i_1__1/O
                         net (fo=20, routed)          0.658     9.132    u_btn_debouncer/U_debouncer_btnC/count[0]_i_1__1_n_0
    SLICE_X12Y26         FDRE                                         r  u_btn_debouncer/U_debouncer_btnC/count_reg[6]/R
  -------------------------------------------------------------------    -------------------

                         (clock sys_clk_pin rise edge)
                                                     10.000    10.000 r  
    W5                                                0.000    10.000 r  clk (IN)
                         net (fo=0)                   0.000    10.000    clk
    W5                   IBUF (Prop_ibuf_I_O)         1.388    11.388 r  clk_IBUF_inst/O
                         net (fo=1, routed)           1.862    13.250    clk_IBUF
    BUFGCTRL_X0Y0        BUFG (Prop_bufg_I_O)         0.091    13.341 r  clk_IBUF_BUFG_inst/O
                         net (fo=220, routed)         1.435    14.776    u_btn_debouncer/U_debouncer_btnC/clk_IBUF_BUFG
    SLICE_X12Y26         FDRE                                         r  u_btn_debouncer/U_debouncer_btnC/count_reg[6]/C
                         clock pessimism              0.274    15.050    
                         clock uncertainty           -0.035    15.015    
    SLICE_X12Y26         FDRE (Setup_fdre_C_R)       -0.524    14.491    u_btn_debouncer/U_debouncer_btnC/count_reg[6]
  -------------------------------------------------------------------
                         required time                         14.491    
                         arrival time                          -9.132    
  -------------------------------------------------------------------
                         slack                                  5.359    

Slack (MET) :             5.359ns  (required time - arrival time)
  Source:                 u_btn_debouncer/U_debouncer_btnC/count_reg[11]/C
                            (rising edge-triggered cell FDRE clocked by sys_clk_pin  {rise@0.000ns fall@5.000ns period=10.000ns})
  Destination:            u_btn_debouncer/U_debouncer_btnC/count_reg[7]/R
                            (rising edge-triggered cell FDRE clocked by sys_clk_pin  {rise@0.000ns fall@5.000ns period=10.000ns})
  Path Group:             sys_clk_pin
  Path Type:              Setup (Max at Slow Process Corner)
  Requirement:            10.000ns  (sys_clk_pin rise@10.000ns - sys_clk_pin rise@0.000ns)
  Data Path Delay:        4.058ns  (logic 0.890ns (21.930%)  route 3.168ns (78.070%))
  Logic Levels:           3  (LUT4=1 LUT5=1 LUT6=1)
  Clock Path Skew:        -0.023ns (DCD - SCD + CPR)
    Destination Clock Delay (DCD):    4.776ns = ( 14.776 - 10.000 ) 
    Source Clock Delay      (SCD):    5.073ns
    Clock Pessimism Removal (CPR):    0.274ns
  Clock Uncertainty:      0.035ns  ((TSJ^2 + TIJ^2)^1/2 + DJ) / 2 + PE
    Total System Jitter     (TSJ):    0.071ns
    Total Input Jitter      (TIJ):    0.000ns
    Discrete Jitter          (DJ):    0.000ns
    Phase Error              (PE):    0.000ns

    Location             Delay type                Incr(ns)  Path(ns)    Netlist Resource(s)
  -------------------------------------------------------------------    -------------------
                         (clock sys_clk_pin rise edge)
                                                      0.000     0.000 r  
    W5                                                0.000     0.000 r  clk (IN)
                         net (fo=0)                   0.000     0.000    clk
    W5                   IBUF (Prop_ibuf_I_O)         1.458     1.458 r  clk_IBUF_inst/O
                         net (fo=1, routed)           1.967     3.425    clk_IBUF
    BUFGCTRL_X0Y0        BUFG (Prop_bufg_I_O)         0.096     3.521 r  clk_IBUF_BUFG_inst/O
                         net (fo=220, routed)         1.552     5.073    u_btn_debouncer/U_debouncer_btnC/clk_IBUF_BUFG
    SLICE_X12Y27         FDRE                                         r  u_btn_debouncer/U_debouncer_btnC/count_reg[11]/C
  -------------------------------------------------------------------    -------------------
    SLICE_X12Y27         FDRE (Prop_fdre_C_Q)         0.518     5.591 r  u_btn_debouncer/U_debouncer_btnC/count_reg[11]/Q
                         net (fo=2, routed)           1.067     6.658    u_btn_debouncer/U_debouncer_btnC/count_reg[11]
    SLICE_X14Y27         LUT4 (Prop_lut4_I0_O)        0.124     6.782 r  u_btn_debouncer/U_debouncer_btnC/btn_state_i_4__1/O
                         net (fo=1, routed)           0.670     7.452    u_btn_debouncer/U_debouncer_btnC/btn_state_i_4__1_n_0
    SLICE_X14Y27         LUT6 (Prop_lut6_I1_O)        0.124     7.576 r  u_btn_debouncer/U_debouncer_btnC/btn_state_i_3__1/O
                         net (fo=2, routed)           0.774     8.350    u_btn_debouncer/U_debouncer_btnC/btn_state_i_3__1_n_0
    SLICE_X14Y28         LUT5 (Prop_lut5_I2_O)        0.124     8.474 r  u_btn_debouncer/U_debouncer_btnC/count[0]_i_1__1/O
                         net (fo=20, routed)          0.658     9.132    u_btn_debouncer/U_debouncer_btnC/count[0]_i_1__1_n_0
    SLICE_X12Y26         FDRE                                         r  u_btn_debouncer/U_debouncer_btnC/count_reg[7]/R
  -------------------------------------------------------------------    -------------------

                         (clock sys_clk_pin rise edge)
                                                     10.000    10.000 r  
    W5                                                0.000    10.000 r  clk (IN)
                         net (fo=0)                   0.000    10.000    clk
    W5                   IBUF (Prop_ibuf_I_O)         1.388    11.388 r  clk_IBUF_inst/O
                         net (fo=1, routed)           1.862    13.250    clk_IBUF
    BUFGCTRL_X0Y0        BUFG (Prop_bufg_I_O)         0.091    13.341 r  clk_IBUF_BUFG_inst/O
                         net (fo=220, routed)         1.435    14.776    u_btn_debouncer/U_debouncer_btnC/clk_IBUF_BUFG
    SLICE_X12Y26         FDRE                                         r  u_btn_debouncer/U_debouncer_btnC/count_reg[7]/C
                         clock pessimism              0.274    15.050    
                         clock uncertainty           -0.035    15.015    
    SLICE_X12Y26         FDRE (Setup_fdre_C_R)       -0.524    14.491    u_btn_debouncer/U_debouncer_btnC/count_reg[7]
  -------------------------------------------------------------------
                         required time                         14.491    
                         arrival time                          -9.132    
  -------------------------------------------------------------------
                         slack                                  5.359    

Slack (MET) :             5.460ns  (required time - arrival time)
  Source:                 u_btn_debouncer/U_debouncer_btnC/count_reg[11]/C
                            (rising edge-triggered cell FDRE clocked by sys_clk_pin  {rise@0.000ns fall@5.000ns period=10.000ns})
  Destination:            u_btn_debouncer/U_debouncer_btnC/count_reg[10]/R
                            (rising edge-triggered cell FDRE clocked by sys_clk_pin  {rise@0.000ns fall@5.000ns period=10.000ns})
  Path Group:             sys_clk_pin
  Path Type:              Setup (Max at Slow Process Corner)
  Requirement:            10.000ns  (sys_clk_pin rise@10.000ns - sys_clk_pin rise@0.000ns)
  Data Path Delay:        3.981ns  (logic 0.890ns (22.358%)  route 3.091ns (77.642%))
  Logic Levels:           3  (LUT4=1 LUT5=1 LUT6=1)
  Clock Path Skew:        0.000ns (DCD - SCD + CPR)
    Destination Clock Delay (DCD):    4.777ns = ( 14.777 - 10.000 ) 
    Source Clock Delay      (SCD):    5.073ns
    Clock Pessimism Removal (CPR):    0.296ns
  Clock Uncertainty:      0.035ns  ((TSJ^2 + TIJ^2)^1/2 + DJ) / 2 + PE
    Total System Jitter     (TSJ):    0.071ns
    Total Input Jitter      (TIJ):    0.000ns
    Discrete Jitter          (DJ):    0.000ns
    Phase Error              (PE):    0.000ns

    Location             Delay type                Incr(ns)  Path(ns)    Netlist Resource(s)
  -------------------------------------------------------------------    -------------------
                         (clock sys_clk_pin rise edge)
                                                      0.000     0.000 r  
    W5                                                0.000     0.000 r  clk (IN)
                         net (fo=0)                   0.000     0.000    clk
    W5                   IBUF (Prop_ibuf_I_O)         1.458     1.458 r  clk_IBUF_inst/O
                         net (fo=1, routed)           1.967     3.425    clk_IBUF
    BUFGCTRL_X0Y0        BUFG (Prop_bufg_I_O)         0.096     3.521 r  clk_IBUF_BUFG_inst/O
                         net (fo=220, routed)         1.552     5.073    u_btn_debouncer/U_debouncer_btnC/clk_IBUF_BUFG
    SLICE_X12Y27         FDRE                                         r  u_btn_debouncer/U_debouncer_btnC/count_reg[11]/C
  -------------------------------------------------------------------    -------------------
    SLICE_X12Y27         FDRE (Prop_fdre_C_Q)         0.518     5.591 r  u_btn_debouncer/U_debouncer_btnC/count_reg[11]/Q
                         net (fo=2, routed)           1.067     6.658    u_btn_debouncer/U_debouncer_btnC/count_reg[11]
    SLICE_X14Y27         LUT4 (Prop_lut4_I0_O)        0.124     6.782 r  u_btn_debouncer/U_debouncer_btnC/btn_state_i_4__1/O
                         net (fo=1, routed)           0.670     7.452    u_btn_debouncer/U_debouncer_btnC/btn_state_i_4__1_n_0
    SLICE_X14Y27         LUT6 (Prop_lut6_I1_O)        0.124     7.576 r  u_btn_debouncer/U_debouncer_btnC/btn_state_i_3__1/O
                         net (fo=2, routed)           0.774     8.350    u_btn_debouncer/U_debouncer_btnC/btn_state_i_3__1_n_0
    SLICE_X14Y28         LUT5 (Prop_lut5_I2_O)        0.124     8.474 r  u_btn_debouncer/U_debouncer_btnC/count[0]_i_1__1/O
                         net (fo=20, routed)          0.580     9.054    u_btn_debouncer/U_debouncer_btnC/count[0]_i_1__1_n_0
    SLICE_X12Y27         FDRE                                         r  u_btn_debouncer/U_debouncer_btnC/count_reg[10]/R
  -------------------------------------------------------------------    -------------------

                         (clock sys_clk_pin rise edge)
                                                     10.000    10.000 r  
    W5                                                0.000    10.000 r  clk (IN)
                         net (fo=0)                   0.000    10.000    clk
    W5                   IBUF (Prop_ibuf_I_O)         1.388    11.388 r  clk_IBUF_inst/O
                         net (fo=1, routed)           1.862    13.250    clk_IBUF
    BUFGCTRL_X0Y0        BUFG (Prop_bufg_I_O)         0.091    13.341 r  clk_IBUF_BUFG_inst/O
                         net (fo=220, routed)         1.436    14.777    u_btn_debouncer/U_debouncer_btnC/clk_IBUF_BUFG
    SLICE_X12Y27         FDRE                                         r  u_btn_debouncer/U_debouncer_btnC/count_reg[10]/C
                         clock pessimism              0.296    15.073    
                         clock uncertainty           -0.035    15.038    
    SLICE_X12Y27         FDRE (Setup_fdre_C_R)       -0.524    14.514    u_btn_debouncer/U_debouncer_btnC/count_reg[10]
  -------------------------------------------------------------------
                         required time                         14.514    
                         arrival time                          -9.054    
  -------------------------------------------------------------------
                         slack                                  5.460    

Slack (MET) :             5.460ns  (required time - arrival time)
  Source:                 u_btn_debouncer/U_debouncer_btnC/count_reg[11]/C
                            (rising edge-triggered cell FDRE clocked by sys_clk_pin  {rise@0.000ns fall@5.000ns period=10.000ns})
  Destination:            u_btn_debouncer/U_debouncer_btnC/count_reg[11]/R
                            (rising edge-triggered cell FDRE clocked by sys_clk_pin  {rise@0.000ns fall@5.000ns period=10.000ns})
  Path Group:             sys_clk_pin
  Path Type:              Setup (Max at Slow Process Corner)
  Requirement:            10.000ns  (sys_clk_pin rise@10.000ns - sys_clk_pin rise@0.000ns)
  Data Path Delay:        3.981ns  (logic 0.890ns (22.358%)  route 3.091ns (77.642%))
  Logic Levels:           3  (LUT4=1 LUT5=1 LUT6=1)
  Clock Path Skew:        0.000ns (DCD - SCD + CPR)
    Destination Clock Delay (DCD):    4.777ns = ( 14.777 - 10.000 ) 
    Source Clock Delay      (SCD):    5.073ns
    Clock Pessimism Removal (CPR):    0.296ns
  Clock Uncertainty:      0.035ns  ((TSJ^2 + TIJ^2)^1/2 + DJ) / 2 + PE
    Total System Jitter     (TSJ):    0.071ns
    Total Input Jitter      (TIJ):    0.000ns
    Discrete Jitter          (DJ):    0.000ns
    Phase Error              (PE):    0.000ns

    Location             Delay type                Incr(ns)  Path(ns)    Netlist Resource(s)
  -------------------------------------------------------------------    -------------------
                         (clock sys_clk_pin rise edge)
                                                      0.000     0.000 r  
    W5                                                0.000     0.000 r  clk (IN)
                         net (fo=0)                   0.000     0.000    clk
    W5                   IBUF (Prop_ibuf_I_O)         1.458     1.458 r  clk_IBUF_inst/O
                         net (fo=1, routed)           1.967     3.425    clk_IBUF
    BUFGCTRL_X0Y0        BUFG (Prop_bufg_I_O)         0.096     3.521 r  clk_IBUF_BUFG_inst/O
                         net (fo=220, routed)         1.552     5.073    u_btn_debouncer/U_debouncer_btnC/clk_IBUF_BUFG
    SLICE_X12Y27         FDRE                                         r  u_btn_debouncer/U_debouncer_btnC/count_reg[11]/C
  -------------------------------------------------------------------    -------------------
    SLICE_X12Y27         FDRE (Prop_fdre_C_Q)         0.518     5.591 r  u_btn_debouncer/U_debouncer_btnC/count_reg[11]/Q
                         net (fo=2, routed)           1.067     6.658    u_btn_debouncer/U_debouncer_btnC/count_reg[11]
    SLICE_X14Y27         LUT4 (Prop_lut4_I0_O)        0.124     6.782 r  u_btn_debouncer/U_debouncer_btnC/btn_state_i_4__1/O
                         net (fo=1, routed)           0.670     7.452    u_btn_debouncer/U_debouncer_btnC/btn_state_i_4__1_n_0
    SLICE_X14Y27         LUT6 (Prop_lut6_I1_O)        0.124     7.576 r  u_btn_debouncer/U_debouncer_btnC/btn_state_i_3__1/O
                         net (fo=2, routed)           0.774     8.350    u_btn_debouncer/U_debouncer_btnC/btn_state_i_3__1_n_0
    SLICE_X14Y28         LUT5 (Prop_lut5_I2_O)        0.124     8.474 r  u_btn_debouncer/U_debouncer_btnC/count[0]_i_1__1/O
                         net (fo=20, routed)          0.580     9.054    u_btn_debouncer/U_debouncer_btnC/count[0]_i_1__1_n_0
    SLICE_X12Y27         FDRE                                         r  u_btn_debouncer/U_debouncer_btnC/count_reg[11]/R
  -------------------------------------------------------------------    -------------------

                         (clock sys_clk_pin rise edge)
                                                     10.000    10.000 r  
    W5                                                0.000    10.000 r  clk (IN)
                         net (fo=0)                   0.000    10.000    clk
    W5                   IBUF (Prop_ibuf_I_O)         1.388    11.388 r  clk_IBUF_inst/O
                         net (fo=1, routed)           1.862    13.250    clk_IBUF
    BUFGCTRL_X0Y0        BUFG (Prop_bufg_I_O)         0.091    13.341 r  clk_IBUF_BUFG_inst/O
                         net (fo=220, routed)         1.436    14.777    u_btn_debouncer/U_debouncer_btnC/clk_IBUF_BUFG
    SLICE_X12Y27         FDRE                                         r  u_btn_debouncer/U_debouncer_btnC/count_reg[11]/C
                         clock pessimism              0.296    15.073    
                         clock uncertainty           -0.035    15.038    
    SLICE_X12Y27         FDRE (Setup_fdre_C_R)       -0.524    14.514    u_btn_debouncer/U_debouncer_btnC/count_reg[11]
  -------------------------------------------------------------------
                         required time                         14.514    
                         arrival time                          -9.054    
  -------------------------------------------------------------------
                         slack                                  5.460    





Min Delay Paths
--------------------------------------------------------------------------------------
Slack (MET) :             0.198ns  (arrival time - required time)
  Source:                 u_play_melody/r_clk_cnt_reg[2][17]/C
                            (rising edge-triggered cell FDCE clocked by sys_clk_pin  {rise@0.000ns fall@5.000ns period=10.000ns})
  Destination:            u_play_melody/r_clk_cnt_reg[2][15]/D
                            (rising edge-triggered cell FDCE clocked by sys_clk_pin  {rise@0.000ns fall@5.000ns period=10.000ns})
  Path Group:             sys_clk_pin
  Path Type:              Hold (Min at Fast Process Corner)
  Requirement:            0.000ns  (sys_clk_pin rise@0.000ns - sys_clk_pin rise@0.000ns)
  Data Path Delay:        0.303ns  (logic 0.209ns (68.884%)  route 0.094ns (31.116%))
  Logic Levels:           1  (LUT6=1)
  Clock Path Skew:        0.013ns (DCD - SCD - CPR)
    Destination Clock Delay (DCD):    1.951ns
    Source Clock Delay      (SCD):    1.439ns
    Clock Pessimism Removal (CPR):    0.499ns

    Location             Delay type                Incr(ns)  Path(ns)    Netlist Resource(s)
  -------------------------------------------------------------------    -------------------
                         (clock sys_clk_pin rise edge)
                                                      0.000     0.000 r  
    W5                                                0.000     0.000 r  clk (IN)
                         net (fo=0)                   0.000     0.000    clk
    W5                   IBUF (Prop_ibuf_I_O)         0.226     0.226 r  clk_IBUF_inst/O
                         net (fo=1, routed)           0.631     0.858    clk_IBUF
    BUFGCTRL_X0Y0        BUFG (Prop_bufg_I_O)         0.026     0.884 r  clk_IBUF_BUFG_inst/O
                         net (fo=220, routed)         0.556     1.439    u_play_melody/clk_IBUF_BUFG
    SLICE_X14Y28         FDCE                                         r  u_play_melody/r_clk_cnt_reg[2][17]/C
  -------------------------------------------------------------------    -------------------
    SLICE_X14Y28         FDCE (Prop_fdce_C_Q)         0.164     1.603 f  u_play_melody/r_clk_cnt_reg[2][17]/Q
                         net (fo=25, routed)          0.094     1.698    u_play_melody/r_clk_cnt_reg[2][17]
    SLICE_X15Y28         LUT6 (Prop_lut6_I4_O)        0.045     1.743 r  u_play_melody/r_clk_cnt[2][15]_i_1/O
                         net (fo=1, routed)           0.000     1.743    u_play_melody/r_clk_cnt[2][15]_i_1_n_0
    SLICE_X15Y28         FDCE                                         r  u_play_melody/r_clk_cnt_reg[2][15]/D
  -------------------------------------------------------------------    -------------------

                         (clock sys_clk_pin rise edge)
                                                      0.000     0.000 r  
    W5                                                0.000     0.000 r  clk (IN)
                         net (fo=0)                   0.000     0.000    clk
    W5                   IBUF (Prop_ibuf_I_O)         0.414     0.414 r  clk_IBUF_inst/O
                         net (fo=1, routed)           0.685     1.099    clk_IBUF
    BUFGCTRL_X0Y0        BUFG (Prop_bufg_I_O)         0.029     1.128 r  clk_IBUF_BUFG_inst/O
                         net (fo=220, routed)         0.824     1.951    u_play_melody/clk_IBUF_BUFG
    SLICE_X15Y28         FDCE                                         r  u_play_melody/r_clk_cnt_reg[2][15]/C
                         clock pessimism             -0.499     1.452    
    SLICE_X15Y28         FDCE (Hold_fdce_C_D)         0.092     1.544    u_play_melody/r_clk_cnt_reg[2][15]
  -------------------------------------------------------------------
                         required time                         -1.544    
                         arrival time                           1.743    
  -------------------------------------------------------------------
                         slack                                  0.198    

Slack (MET) :             0.199ns  (arrival time - required time)
  Source:                 u_play_melody/r_clk_cnt_reg[2][13]/C
                            (rising edge-triggered cell FDCE clocked by sys_clk_pin  {rise@0.000ns fall@5.000ns period=10.000ns})
  Destination:            u_play_melody/r_clk_cnt_reg[2][16]/D
                            (rising edge-triggered cell FDCE clocked by sys_clk_pin  {rise@0.000ns fall@5.000ns period=10.000ns})
  Path Group:             sys_clk_pin
  Path Type:              Hold (Min at Fast Process Corner)
  Requirement:            0.000ns  (sys_clk_pin rise@0.000ns - sys_clk_pin rise@0.000ns)
  Data Path Delay:        0.332ns  (logic 0.186ns (56.072%)  route 0.146ns (43.928%))
  Logic Levels:           1  (LUT6=1)
  Clock Path Skew:        0.013ns (DCD - SCD - CPR)
    Destination Clock Delay (DCD):    1.951ns
    Source Clock Delay      (SCD):    1.439ns
    Clock Pessimism Removal (CPR):    0.499ns

    Location             Delay type                Incr(ns)  Path(ns)    Netlist Resource(s)
  -------------------------------------------------------------------    -------------------
                         (clock sys_clk_pin rise edge)
                                                      0.000     0.000 r  
    W5                                                0.000     0.000 r  clk (IN)
                         net (fo=0)                   0.000     0.000    clk
    W5                   IBUF (Prop_ibuf_I_O)         0.226     0.226 r  clk_IBUF_inst/O
                         net (fo=1, routed)           0.631     0.858    clk_IBUF
    BUFGCTRL_X0Y0        BUFG (Prop_bufg_I_O)         0.026     0.884 r  clk_IBUF_BUFG_inst/O
                         net (fo=220, routed)         0.556     1.439    u_play_melody/clk_IBUF_BUFG
    SLICE_X15Y28         FDCE                                         r  u_play_melody/r_clk_cnt_reg[2][13]/C
  -------------------------------------------------------------------    -------------------
    SLICE_X15Y28         FDCE (Prop_fdce_C_Q)         0.141     1.580 f  u_play_melody/r_clk_cnt_reg[2][13]/Q
                         net (fo=24, routed)          0.146     1.726    u_play_melody/r_clk_cnt_reg[2][13]
    SLICE_X14Y28         LUT6 (Prop_lut6_I3_O)        0.045     1.771 r  u_play_melody/r_clk_cnt[2][16]_i_1/O
                         net (fo=1, routed)           0.000     1.771    u_play_melody/r_clk_cnt[2][16]_i_1_n_0
    SLICE_X14Y28         FDCE                                         r  u_play_melody/r_clk_cnt_reg[2][16]/D
  -------------------------------------------------------------------    -------------------

                         (clock sys_clk_pin rise edge)
                                                      0.000     0.000 r  
    W5                                                0.000     0.000 r  clk (IN)
                         net (fo=0)                   0.000     0.000    clk
    W5                   IBUF (Prop_ibuf_I_O)         0.414     0.414 r  clk_IBUF_inst/O
                         net (fo=1, routed)           0.685     1.099    clk_IBUF
    BUFGCTRL_X0Y0        BUFG (Prop_bufg_I_O)         0.029     1.128 r  clk_IBUF_BUFG_inst/O
                         net (fo=220, routed)         0.824     1.951    u_play_melody/clk_IBUF_BUFG
    SLICE_X14Y28         FDCE                                         r  u_play_melody/r_clk_cnt_reg[2][16]/C
                         clock pessimism             -0.499     1.452    
    SLICE_X14Y28         FDCE (Hold_fdce_C_D)         0.120     1.572    u_play_melody/r_clk_cnt_reg[2][16]
  -------------------------------------------------------------------
                         required time                         -1.572    
                         arrival time                           1.771    
  -------------------------------------------------------------------
                         slack                                  0.199    

Slack (MET) :             0.202ns  (arrival time - required time)
  Source:                 u_play_melody/r_clk_cnt_reg[2][13]/C
                            (rising edge-triggered cell FDCE clocked by sys_clk_pin  {rise@0.000ns fall@5.000ns period=10.000ns})
  Destination:            u_play_melody/r_clk_cnt_reg[2][17]/D
                            (rising edge-triggered cell FDCE clocked by sys_clk_pin  {rise@0.000ns fall@5.000ns period=10.000ns})
  Path Group:             sys_clk_pin
  Path Type:              Hold (Min at Fast Process Corner)
  Requirement:            0.000ns  (sys_clk_pin rise@0.000ns - sys_clk_pin rise@0.000ns)
  Data Path Delay:        0.336ns  (logic 0.186ns (55.404%)  route 0.150ns (44.596%))
  Logic Levels:           1  (LUT6=1)
  Clock Path Skew:        0.013ns (DCD - SCD - CPR)
    Destination Clock Delay (DCD):    1.951ns
    Source Clock Delay      (SCD):    1.439ns
    Clock Pessimism Removal (CPR):    0.499ns

    Location             Delay type                Incr(ns)  Path(ns)    Netlist Resource(s)
  -------------------------------------------------------------------    -------------------
                         (clock sys_clk_pin rise edge)
                                                      0.000     0.000 r  
    W5                                                0.000     0.000 r  clk (IN)
                         net (fo=0)                   0.000     0.000    clk
    W5                   IBUF (Prop_ibuf_I_O)         0.226     0.226 r  clk_IBUF_inst/O
                         net (fo=1, routed)           0.631     0.858    clk_IBUF
    BUFGCTRL_X0Y0        BUFG (Prop_bufg_I_O)         0.026     0.884 r  clk_IBUF_BUFG_inst/O
                         net (fo=220, routed)         0.556     1.439    u_play_melody/clk_IBUF_BUFG
    SLICE_X15Y28         FDCE                                         r  u_play_melody/r_clk_cnt_reg[2][13]/C
  -------------------------------------------------------------------    -------------------
    SLICE_X15Y28         FDCE (Prop_fdce_C_Q)         0.141     1.580 f  u_play_melody/r_clk_cnt_reg[2][13]/Q
                         net (fo=24, routed)          0.150     1.730    u_play_melody/r_clk_cnt_reg[2][13]
    SLICE_X14Y28         LUT6 (Prop_lut6_I3_O)        0.045     1.775 r  u_play_melody/r_clk_cnt[2][17]_i_1/O
                         net (fo=1, routed)           0.000     1.775    u_play_melody/r_clk_cnt[2][17]_i_1_n_0
    SLICE_X14Y28         FDCE                                         r  u_play_melody/r_clk_cnt_reg[2][17]/D
  -------------------------------------------------------------------    -------------------

                         (clock sys_clk_pin rise edge)
                                                      0.000     0.000 r  
    W5                                                0.000     0.000 r  clk (IN)
                         net (fo=0)                   0.000     0.000    clk
    W5                   IBUF (Prop_ibuf_I_O)         0.414     0.414 r  clk_IBUF_inst/O
                         net (fo=1, routed)           0.685     1.099    clk_IBUF
    BUFGCTRL_X0Y0        BUFG (Prop_bufg_I_O)         0.029     1.128 r  clk_IBUF_BUFG_inst/O
                         net (fo=220, routed)         0.824     1.951    u_play_melody/clk_IBUF_BUFG
    SLICE_X14Y28         FDCE                                         r  u_play_melody/r_clk_cnt_reg[2][17]/C
                         clock pessimism             -0.499     1.452    
    SLICE_X14Y28         FDCE (Hold_fdce_C_D)         0.121     1.573    u_play_melody/r_clk_cnt_reg[2][17]
  -------------------------------------------------------------------
                         required time                         -1.573    
                         arrival time                           1.775    
  -------------------------------------------------------------------
                         slack                                  0.202    

Slack (MET) :             0.235ns  (arrival time - required time)
  Source:                 u_play_melody/r_clk_cnt_reg[1][15]/C
                            (rising edge-triggered cell FDCE clocked by sys_clk_pin  {rise@0.000ns fall@5.000ns period=10.000ns})
  Destination:            u_play_melody/r_clk_cnt_reg[1][9]/D
                            (rising edge-triggered cell FDCE clocked by sys_clk_pin  {rise@0.000ns fall@5.000ns period=10.000ns})
  Path Group:             sys_clk_pin
  Path Type:              Hold (Min at Fast Process Corner)
  Requirement:            0.000ns  (sys_clk_pin rise@0.000ns - sys_clk_pin rise@0.000ns)
  Data Path Delay:        0.363ns  (logic 0.186ns (51.286%)  route 0.177ns (48.714%))
  Logic Levels:           1  (LUT5=1)
  Clock Path Skew:        0.036ns (DCD - SCD - CPR)
    Destination Clock Delay (DCD):    1.977ns
    Source Clock Delay      (SCD):    1.463ns
    Clock Pessimism Removal (CPR):    0.478ns

    Location             Delay type                Incr(ns)  Path(ns)    Netlist Resource(s)
  -------------------------------------------------------------------    -------------------
                         (clock sys_clk_pin rise edge)
                                                      0.000     0.000 r  
    W5                                                0.000     0.000 r  clk (IN)
                         net (fo=0)                   0.000     0.000    clk
    W5                   IBUF (Prop_ibuf_I_O)         0.226     0.226 r  clk_IBUF_inst/O
                         net (fo=1, routed)           0.631     0.858    clk_IBUF
    BUFGCTRL_X0Y0        BUFG (Prop_bufg_I_O)         0.026     0.884 r  clk_IBUF_BUFG_inst/O
                         net (fo=220, routed)         0.580     1.463    u_play_melody/clk_IBUF_BUFG
    SLICE_X4Y25          FDCE                                         r  u_play_melody/r_clk_cnt_reg[1][15]/C
  -------------------------------------------------------------------    -------------------
    SLICE_X4Y25          FDCE (Prop_fdce_C_Q)         0.141     1.604 f  u_play_melody/r_clk_cnt_reg[1][15]/Q
                         net (fo=24, routed)          0.177     1.781    u_play_melody/r_clk_cnt_reg[1][15]
    SLICE_X3Y25          LUT5 (Prop_lut5_I3_O)        0.045     1.826 r  u_play_melody/r_clk_cnt[1][9]_i_1/O
                         net (fo=1, routed)           0.000     1.826    u_play_melody/r_clk_cnt[1][9]_i_1_n_0
    SLICE_X3Y25          FDCE                                         r  u_play_melody/r_clk_cnt_reg[1][9]/D
  -------------------------------------------------------------------    -------------------

                         (clock sys_clk_pin rise edge)
                                                      0.000     0.000 r  
    W5                                                0.000     0.000 r  clk (IN)
                         net (fo=0)                   0.000     0.000    clk
    W5                   IBUF (Prop_ibuf_I_O)         0.414     0.414 r  clk_IBUF_inst/O
                         net (fo=1, routed)           0.685     1.099    clk_IBUF
    BUFGCTRL_X0Y0        BUFG (Prop_bufg_I_O)         0.029     1.128 r  clk_IBUF_BUFG_inst/O
                         net (fo=220, routed)         0.850     1.977    u_play_melody/clk_IBUF_BUFG
    SLICE_X3Y25          FDCE                                         r  u_play_melody/r_clk_cnt_reg[1][9]/C
                         clock pessimism             -0.478     1.499    
    SLICE_X3Y25          FDCE (Hold_fdce_C_D)         0.092     1.591    u_play_melody/r_clk_cnt_reg[1][9]
  -------------------------------------------------------------------
                         required time                         -1.591    
                         arrival time                           1.826    
  -------------------------------------------------------------------
                         slack                                  0.235    

Slack (MET) :             0.235ns  (arrival time - required time)
  Source:                 u_play_melody/r_clk_cnt_reg[4][15]/C
                            (rising edge-triggered cell FDCE clocked by sys_clk_pin  {rise@0.000ns fall@5.000ns period=10.000ns})
  Destination:            u_play_melody/r_clk_cnt_reg[4][21]/D
                            (rising edge-triggered cell FDCE clocked by sys_clk_pin  {rise@0.000ns fall@5.000ns period=10.000ns})
  Path Group:             sys_clk_pin
  Path Type:              Hold (Min at Fast Process Corner)
  Requirement:            0.000ns  (sys_clk_pin rise@0.000ns - sys_clk_pin rise@0.000ns)
  Data Path Delay:        0.391ns  (logic 0.209ns (53.431%)  route 0.182ns (46.569%))
  Logic Levels:           1  (LUT6=1)
  Clock Path Skew:        0.035ns (DCD - SCD - CPR)
    Destination Clock Delay (DCD):    1.950ns
    Source Clock Delay      (SCD):    1.437ns
    Clock Pessimism Removal (CPR):    0.478ns

    Location             Delay type                Incr(ns)  Path(ns)    Netlist Resource(s)
  -------------------------------------------------------------------    -------------------
                         (clock sys_clk_pin rise edge)
                                                      0.000     0.000 r  
    W5                                                0.000     0.000 r  clk (IN)
                         net (fo=0)                   0.000     0.000    clk
    W5                   IBUF (Prop_ibuf_I_O)         0.226     0.226 r  clk_IBUF_inst/O
                         net (fo=1, routed)           0.631     0.858    clk_IBUF
    BUFGCTRL_X0Y0        BUFG (Prop_bufg_I_O)         0.026     0.884 r  clk_IBUF_BUFG_inst/O
                         net (fo=220, routed)         0.554     1.437    u_play_melody/clk_IBUF_BUFG
    SLICE_X8Y26          FDCE                                         r  u_play_melody/r_clk_cnt_reg[4][15]/C
  -------------------------------------------------------------------    -------------------
    SLICE_X8Y26          FDCE (Prop_fdce_C_Q)         0.164     1.601 f  u_play_melody/r_clk_cnt_reg[4][15]/Q
                         net (fo=24, routed)          0.182     1.783    u_play_melody/r_clk_cnt_reg[4][15]
    SLICE_X10Y27         LUT6 (Prop_lut6_I4_O)        0.045     1.828 r  u_play_melody/r_clk_cnt[4][21]_i_1/O
                         net (fo=1, routed)           0.000     1.828    u_play_melody/r_clk_cnt[4][21]_i_1_n_0
    SLICE_X10Y27         FDCE                                         r  u_play_melody/r_clk_cnt_reg[4][21]/D
  -------------------------------------------------------------------    -------------------

                         (clock sys_clk_pin rise edge)
                                                      0.000     0.000 r  
    W5                                                0.000     0.000 r  clk (IN)
                         net (fo=0)                   0.000     0.000    clk
    W5                   IBUF (Prop_ibuf_I_O)         0.414     0.414 r  clk_IBUF_inst/O
                         net (fo=1, routed)           0.685     1.099    clk_IBUF
    BUFGCTRL_X0Y0        BUFG (Prop_bufg_I_O)         0.029     1.128 r  clk_IBUF_BUFG_inst/O
                         net (fo=220, routed)         0.823     1.950    u_play_melody/clk_IBUF_BUFG
    SLICE_X10Y27         FDCE                                         r  u_play_melody/r_clk_cnt_reg[4][21]/C
                         clock pessimism             -0.478     1.472    
    SLICE_X10Y27         FDCE (Hold_fdce_C_D)         0.121     1.593    u_play_melody/r_clk_cnt_reg[4][21]
  -------------------------------------------------------------------
                         required time                         -1.593    
                         arrival time                           1.828    
  -------------------------------------------------------------------
                         slack                                  0.235    

Slack (MET) :             0.240ns  (arrival time - required time)
  Source:                 u_play_melody/r_clk_cnt_reg[4][14]/C
                            (rising edge-triggered cell FDCE clocked by sys_clk_pin  {rise@0.000ns fall@5.000ns period=10.000ns})
  Destination:            u_play_melody/r_clk_cnt_reg[4][20]/D
                            (rising edge-triggered cell FDCE clocked by sys_clk_pin  {rise@0.000ns fall@5.000ns period=10.000ns})
  Path Group:             sys_clk_pin
  Path Type:              Hold (Min at Fast Process Corner)
  Requirement:            0.000ns  (sys_clk_pin rise@0.000ns - sys_clk_pin rise@0.000ns)
  Data Path Delay:        0.376ns  (logic 0.209ns (55.627%)  route 0.167ns (44.373%))
  Logic Levels:           1  (LUT6=1)
  Clock Path Skew:        0.015ns (DCD - SCD - CPR)
    Destination Clock Delay (DCD):    1.950ns
    Source Clock Delay      (SCD):    1.437ns
    Clock Pessimism Removal (CPR):    0.498ns

    Location             Delay type                Incr(ns)  Path(ns)    Netlist Resource(s)
  -------------------------------------------------------------------    -------------------
                         (clock sys_clk_pin rise edge)
                                                      0.000     0.000 r  
    W5                                                0.000     0.000 r  clk (IN)
                         net (fo=0)                   0.000     0.000    clk
    W5                   IBUF (Prop_ibuf_I_O)         0.226     0.226 r  clk_IBUF_inst/O
                         net (fo=1, routed)           0.631     0.858    clk_IBUF
    BUFGCTRL_X0Y0        BUFG (Prop_bufg_I_O)         0.026     0.884 r  clk_IBUF_BUFG_inst/O
                         net (fo=220, routed)         0.554     1.437    u_play_melody/clk_IBUF_BUFG
    SLICE_X8Y26          FDCE                                         r  u_play_melody/r_clk_cnt_reg[4][14]/C
  -------------------------------------------------------------------    -------------------
    SLICE_X8Y26          FDCE (Prop_fdce_C_Q)         0.164     1.601 f  u_play_melody/r_clk_cnt_reg[4][14]/Q
                         net (fo=24, routed)          0.167     1.768    u_play_melody/r_clk_cnt_reg[4][14]
    SLICE_X8Y27          LUT6 (Prop_lut6_I3_O)        0.045     1.813 r  u_play_melody/r_clk_cnt[4][20]_i_1/O
                         net (fo=1, routed)           0.000     1.813    u_play_melody/r_clk_cnt[4][20]_i_1_n_0
    SLICE_X8Y27          FDCE                                         r  u_play_melody/r_clk_cnt_reg[4][20]/D
  -------------------------------------------------------------------    -------------------

                         (clock sys_clk_pin rise edge)
                                                      0.000     0.000 r  
    W5                                                0.000     0.000 r  clk (IN)
                         net (fo=0)                   0.000     0.000    clk
    W5                   IBUF (Prop_ibuf_I_O)         0.414     0.414 r  clk_IBUF_inst/O
                         net (fo=1, routed)           0.685     1.099    clk_IBUF
    BUFGCTRL_X0Y0        BUFG (Prop_bufg_I_O)         0.029     1.128 r  clk_IBUF_BUFG_inst/O
                         net (fo=220, routed)         0.823     1.950    u_play_melody/clk_IBUF_BUFG
    SLICE_X8Y27          FDCE                                         r  u_play_melody/r_clk_cnt_reg[4][20]/C
                         clock pessimism             -0.498     1.452    
    SLICE_X8Y27          FDCE (Hold_fdce_C_D)         0.121     1.573    u_play_melody/r_clk_cnt_reg[4][20]
  -------------------------------------------------------------------
                         required time                         -1.573    
                         arrival time                           1.813    
  -------------------------------------------------------------------
                         slack                                  0.240    

Slack (MET) :             0.247ns  (arrival time - required time)
  Source:                 u_btn_debouncer/U_debouncer_btnL/btn_state_reg/C
                            (rising edge-triggered cell FDRE clocked by sys_clk_pin  {rise@0.000ns fall@5.000ns period=10.000ns})
  Destination:            u_play_melody/r_buzzer_frequency_reg[3]/D
                            (rising edge-triggered cell FDCE clocked by sys_clk_pin  {rise@0.000ns fall@5.000ns period=10.000ns})
  Path Group:             sys_clk_pin
  Path Type:              Hold (Min at Fast Process Corner)
  Requirement:            0.000ns  (sys_clk_pin rise@0.000ns - sys_clk_pin rise@0.000ns)
  Data Path Delay:        0.349ns  (logic 0.186ns (53.336%)  route 0.163ns (46.664%))
  Logic Levels:           1  (LUT3=1)
  Clock Path Skew:        0.011ns (DCD - SCD - CPR)
    Destination Clock Delay (DCD):    1.976ns
    Source Clock Delay      (SCD):    1.466ns
    Clock Pessimism Removal (CPR):    0.499ns

    Location             Delay type                Incr(ns)  Path(ns)    Netlist Resource(s)
  -------------------------------------------------------------------    -------------------
                         (clock sys_clk_pin rise edge)
                                                      0.000     0.000 r  
    W5                                                0.000     0.000 r  clk (IN)
                         net (fo=0)                   0.000     0.000    clk
    W5                   IBUF (Prop_ibuf_I_O)         0.226     0.226 r  clk_IBUF_inst/O
                         net (fo=1, routed)           0.631     0.858    clk_IBUF
    BUFGCTRL_X0Y0        BUFG (Prop_bufg_I_O)         0.026     0.884 r  clk_IBUF_BUFG_inst/O
                         net (fo=220, routed)         0.583     1.466    u_btn_debouncer/U_debouncer_btnL/clk_IBUF_BUFG
    SLICE_X7Y28          FDRE                                         r  u_btn_debouncer/U_debouncer_btnL/btn_state_reg/C
  -------------------------------------------------------------------    -------------------
    SLICE_X7Y28          FDRE (Prop_fdre_C_Q)         0.141     1.607 r  u_btn_debouncer/U_debouncer_btnL/btn_state_reg/Q
                         net (fo=4, routed)           0.163     1.770    u_play_melody/w_btnR
    SLICE_X7Y26          LUT3 (Prop_lut3_I0_O)        0.045     1.815 r  u_play_melody/r_buzzer_frequency[3]_i_1/O
                         net (fo=1, routed)           0.000     1.815    u_play_melody/r_buzzer_frequency[3]_i_1_n_0
    SLICE_X7Y26          FDCE                                         r  u_play_melody/r_buzzer_frequency_reg[3]/D
  -------------------------------------------------------------------    -------------------

                         (clock sys_clk_pin rise edge)
                                                      0.000     0.000 r  
    W5                                                0.000     0.000 r  clk (IN)
                         net (fo=0)                   0.000     0.000    clk
    W5                   IBUF (Prop_ibuf_I_O)         0.414     0.414 r  clk_IBUF_inst/O
                         net (fo=1, routed)           0.685     1.099    clk_IBUF
    BUFGCTRL_X0Y0        BUFG (Prop_bufg_I_O)         0.029     1.128 r  clk_IBUF_BUFG_inst/O
                         net (fo=220, routed)         0.849     1.976    u_play_melody/clk_IBUF_BUFG
    SLICE_X7Y26          FDCE                                         r  u_play_melody/r_buzzer_frequency_reg[3]/C
                         clock pessimism             -0.499     1.477    
    SLICE_X7Y26          FDCE (Hold_fdce_C_D)         0.091     1.568    u_play_melody/r_buzzer_frequency_reg[3]
  -------------------------------------------------------------------
                         required time                         -1.568    
                         arrival time                           1.815    
  -------------------------------------------------------------------
                         slack                                  0.247    

Slack (MET) :             0.251ns  (arrival time - required time)
  Source:                 u_play_melody/r_clk_cnt_reg[4][14]/C
                            (rising edge-triggered cell FDCE clocked by sys_clk_pin  {rise@0.000ns fall@5.000ns period=10.000ns})
  Destination:            u_play_melody/r_clk_cnt_reg[4][12]/D
                            (rising edge-triggered cell FDCE clocked by sys_clk_pin  {rise@0.000ns fall@5.000ns period=10.000ns})
  Path Group:             sys_clk_pin
  Path Type:              Hold (Min at Fast Process Corner)
  Requirement:            0.000ns  (sys_clk_pin rise@0.000ns - sys_clk_pin rise@0.000ns)
  Data Path Delay:        0.384ns  (logic 0.209ns (54.485%)  route 0.175ns (45.515%))
  Logic Levels:           1  (LUT6=1)
  Clock Path Skew:        0.012ns (DCD - SCD - CPR)
    Destination Clock Delay (DCD):    1.947ns
    Source Clock Delay      (SCD):    1.437ns
    Clock Pessimism Removal (CPR):    0.498ns

    Location             Delay type                Incr(ns)  Path(ns)    Netlist Resource(s)
  -------------------------------------------------------------------    -------------------
                         (clock sys_clk_pin rise edge)
                                                      0.000     0.000 r  
    W5                                                0.000     0.000 r  clk (IN)
                         net (fo=0)                   0.000     0.000    clk
    W5                   IBUF (Prop_ibuf_I_O)         0.226     0.226 r  clk_IBUF_inst/O
                         net (fo=1, routed)           0.631     0.858    clk_IBUF
    BUFGCTRL_X0Y0        BUFG (Prop_bufg_I_O)         0.026     0.884 r  clk_IBUF_BUFG_inst/O
                         net (fo=220, routed)         0.554     1.437    u_play_melody/clk_IBUF_BUFG
    SLICE_X8Y26          FDCE                                         r  u_play_melody/r_clk_cnt_reg[4][14]/C
  -------------------------------------------------------------------    -------------------
    SLICE_X8Y26          FDCE (Prop_fdce_C_Q)         0.164     1.601 f  u_play_melody/r_clk_cnt_reg[4][14]/Q
                         net (fo=24, routed)          0.175     1.776    u_play_melody/r_clk_cnt_reg[4][14]
    SLICE_X8Y25          LUT6 (Prop_lut6_I3_O)        0.045     1.821 r  u_play_melody/r_clk_cnt[4][12]_i_1/O
                         net (fo=1, routed)           0.000     1.821    u_play_melody/r_clk_cnt[4][12]_i_1_n_0
    SLICE_X8Y25          FDCE                                         r  u_play_melody/r_clk_cnt_reg[4][12]/D
  -------------------------------------------------------------------    -------------------

                         (clock sys_clk_pin rise edge)
                                                      0.000     0.000 r  
    W5                                                0.000     0.000 r  clk (IN)
                         net (fo=0)                   0.000     0.000    clk
    W5                   IBUF (Prop_ibuf_I_O)         0.414     0.414 r  clk_IBUF_inst/O
                         net (fo=1, routed)           0.685     1.099    clk_IBUF
    BUFGCTRL_X0Y0        BUFG (Prop_bufg_I_O)         0.029     1.128 r  clk_IBUF_BUFG_inst/O
                         net (fo=220, routed)         0.820     1.947    u_play_melody/clk_IBUF_BUFG
    SLICE_X8Y25          FDCE                                         r  u_play_melody/r_clk_cnt_reg[4][12]/C
                         clock pessimism             -0.498     1.449    
    SLICE_X8Y25          FDCE (Hold_fdce_C_D)         0.121     1.570    u_play_melody/r_clk_cnt_reg[4][12]
  -------------------------------------------------------------------
                         required time                         -1.570    
                         arrival time                           1.821    
  -------------------------------------------------------------------
                         slack                                  0.251    

Slack (MET) :             0.252ns  (arrival time - required time)
  Source:                 u_btn_debouncer/U_debouncer_btnR/count_reg[3]/C
                            (rising edge-triggered cell FDRE clocked by sys_clk_pin  {rise@0.000ns fall@5.000ns period=10.000ns})
  Destination:            u_btn_debouncer/U_debouncer_btnR/count_reg[3]/D
                            (rising edge-triggered cell FDRE clocked by sys_clk_pin  {rise@0.000ns fall@5.000ns period=10.000ns})
  Path Group:             sys_clk_pin
  Path Type:              Hold (Min at Fast Process Corner)
  Requirement:            0.000ns  (sys_clk_pin rise@0.000ns - sys_clk_pin rise@0.000ns)
  Data Path Delay:        0.357ns  (logic 0.249ns (69.714%)  route 0.108ns (30.286%))
  Logic Levels:           1  (CARRY4=1)
  Clock Path Skew:        0.000ns (DCD - SCD - CPR)
    Destination Clock Delay (DCD):    1.977ns
    Source Clock Delay      (SCD):    1.465ns
    Clock Pessimism Removal (CPR):    0.512ns

    Location             Delay type                Incr(ns)  Path(ns)    Netlist Resource(s)
  -------------------------------------------------------------------    -------------------
                         (clock sys_clk_pin rise edge)
                                                      0.000     0.000 r  
    W5                                                0.000     0.000 r  clk (IN)
                         net (fo=0)                   0.000     0.000    clk
    W5                   IBUF (Prop_ibuf_I_O)         0.226     0.226 r  clk_IBUF_inst/O
                         net (fo=1, routed)           0.631     0.858    clk_IBUF
    BUFGCTRL_X0Y0        BUFG (Prop_bufg_I_O)         0.026     0.884 r  clk_IBUF_BUFG_inst/O
                         net (fo=220, routed)         0.582     1.465    u_btn_debouncer/U_debouncer_btnR/clk_IBUF_BUFG
    SLICE_X1Y25          FDRE                                         r  u_btn_debouncer/U_debouncer_btnR/count_reg[3]/C
  -------------------------------------------------------------------    -------------------
    SLICE_X1Y25          FDRE (Prop_fdre_C_Q)         0.141     1.606 r  u_btn_debouncer/U_debouncer_btnR/count_reg[3]/Q
                         net (fo=1, routed)           0.108     1.714    u_btn_debouncer/U_debouncer_btnR/count_reg_n_0_[3]
    SLICE_X1Y25          CARRY4 (Prop_carry4_S[3]_O[3])
                                                      0.108     1.822 r  u_btn_debouncer/U_debouncer_btnR/count_reg[0]_i_2__2/O[3]
                         net (fo=1, routed)           0.000     1.822    u_btn_debouncer/U_debouncer_btnR/count_reg[0]_i_2__2_n_4
    SLICE_X1Y25          FDRE                                         r  u_btn_debouncer/U_debouncer_btnR/count_reg[3]/D
  -------------------------------------------------------------------    -------------------

                         (clock sys_clk_pin rise edge)
                                                      0.000     0.000 r  
    W5                                                0.000     0.000 r  clk (IN)
                         net (fo=0)                   0.000     0.000    clk
    W5                   IBUF (Prop_ibuf_I_O)         0.414     0.414 r  clk_IBUF_inst/O
                         net (fo=1, routed)           0.685     1.099    clk_IBUF
    BUFGCTRL_X0Y0        BUFG (Prop_bufg_I_O)         0.029     1.128 r  clk_IBUF_BUFG_inst/O
                         net (fo=220, routed)         0.850     1.977    u_btn_debouncer/U_debouncer_btnR/clk_IBUF_BUFG
    SLICE_X1Y25          FDRE                                         r  u_btn_debouncer/U_debouncer_btnR/count_reg[3]/C
                         clock pessimism             -0.512     1.465    
    SLICE_X1Y25          FDRE (Hold_fdre_C_D)         0.105     1.570    u_btn_debouncer/U_debouncer_btnR/count_reg[3]
  -------------------------------------------------------------------
                         required time                         -1.570    
                         arrival time                           1.822    
  -------------------------------------------------------------------
                         slack                                  0.252    

Slack (MET) :             0.252ns  (arrival time - required time)
  Source:                 u_btn_debouncer/U_debouncer_btnU/count_reg[3]/C
                            (rising edge-triggered cell FDRE clocked by sys_clk_pin  {rise@0.000ns fall@5.000ns period=10.000ns})
  Destination:            u_btn_debouncer/U_debouncer_btnU/count_reg[3]/D
                            (rising edge-triggered cell FDRE clocked by sys_clk_pin  {rise@0.000ns fall@5.000ns period=10.000ns})
  Path Group:             sys_clk_pin
  Path Type:              Hold (Min at Fast Process Corner)
  Requirement:            0.000ns  (sys_clk_pin rise@0.000ns - sys_clk_pin rise@0.000ns)
  Data Path Delay:        0.357ns  (logic 0.249ns (69.714%)  route 0.108ns (30.286%))
  Logic Levels:           1  (CARRY4=1)
  Clock Path Skew:        0.000ns (DCD - SCD - CPR)
    Destination Clock Delay (DCD):    1.976ns
    Source Clock Delay      (SCD):    1.464ns
    Clock Pessimism Removal (CPR):    0.512ns

    Location             Delay type                Incr(ns)  Path(ns)    Netlist Resource(s)
  -------------------------------------------------------------------    -------------------
                         (clock sys_clk_pin rise edge)
                                                      0.000     0.000 r  
    W5                                                0.000     0.000 r  clk (IN)
                         net (fo=0)                   0.000     0.000    clk
    W5                   IBUF (Prop_ibuf_I_O)         0.226     0.226 r  clk_IBUF_inst/O
                         net (fo=1, routed)           0.631     0.858    clk_IBUF
    BUFGCTRL_X0Y0        BUFG (Prop_bufg_I_O)         0.026     0.884 r  clk_IBUF_BUFG_inst/O
                         net (fo=220, routed)         0.581     1.464    u_btn_debouncer/U_debouncer_btnU/clk_IBUF_BUFG
    SLICE_X5Y26          FDRE                                         r  u_btn_debouncer/U_debouncer_btnU/count_reg[3]/C
  -------------------------------------------------------------------    -------------------
    SLICE_X5Y26          FDRE (Prop_fdre_C_Q)         0.141     1.605 r  u_btn_debouncer/U_debouncer_btnU/count_reg[3]/Q
                         net (fo=1, routed)           0.108     1.713    u_btn_debouncer/U_debouncer_btnU/count_reg_n_0_[3]
    SLICE_X5Y26          CARRY4 (Prop_carry4_S[3]_O[3])
                                                      0.108     1.821 r  u_btn_debouncer/U_debouncer_btnU/count_reg[0]_i_2/O[3]
                         net (fo=1, routed)           0.000     1.821    u_btn_debouncer/U_debouncer_btnU/count_reg[0]_i_2_n_4
    SLICE_X5Y26          FDRE                                         r  u_btn_debouncer/U_debouncer_btnU/count_reg[3]/D
  -------------------------------------------------------------------    -------------------

                         (clock sys_clk_pin rise edge)
                                                      0.000     0.000 r  
    W5                                                0.000     0.000 r  clk (IN)
                         net (fo=0)                   0.000     0.000    clk
    W5                   IBUF (Prop_ibuf_I_O)         0.414     0.414 r  clk_IBUF_inst/O
                         net (fo=1, routed)           0.685     1.099    clk_IBUF
    BUFGCTRL_X0Y0        BUFG (Prop_bufg_I_O)         0.029     1.128 r  clk_IBUF_BUFG_inst/O
                         net (fo=220, routed)         0.849     1.976    u_btn_debouncer/U_debouncer_btnU/clk_IBUF_BUFG
    SLICE_X5Y26          FDRE                                         r  u_btn_debouncer/U_debouncer_btnU/count_reg[3]/C
                         clock pessimism             -0.512     1.464    
    SLICE_X5Y26          FDRE (Hold_fdre_C_D)         0.105     1.569    u_btn_debouncer/U_debouncer_btnU/count_reg[3]
  -------------------------------------------------------------------
                         required time                         -1.569    
                         arrival time                           1.821    
  -------------------------------------------------------------------
                         slack                                  0.252    





Pulse Width Checks
--------------------------------------------------------------------------------------
Clock Name:         sys_clk_pin
Waveform(ns):       { 0.000 5.000 }
Period(ns):         10.000
Sources:            { clk }

Check Type        Corner  Lib Pin  Reference Pin  Required(ns)  Actual(ns)  Slack(ns)  Location       Pin
Min Period        n/a     BUFG/I   n/a            2.155         10.000      7.845      BUFGCTRL_X0Y0  clk_IBUF_BUFG_inst/I
Min Period        n/a     FDRE/C   n/a            1.000         10.000      9.000      SLICE_X13Y28   u_btn_debouncer/U_debouncer_btnC/btn_state_reg/C
Min Period        n/a     FDRE/C   n/a            1.000         10.000      9.000      SLICE_X12Y25   u_btn_debouncer/U_debouncer_btnC/count_reg[0]/C
Min Period        n/a     FDRE/C   n/a            1.000         10.000      9.000      SLICE_X12Y27   u_btn_debouncer/U_debouncer_btnC/count_reg[10]/C
Min Period        n/a     FDRE/C   n/a            1.000         10.000      9.000      SLICE_X12Y27   u_btn_debouncer/U_debouncer_btnC/count_reg[11]/C
Min Period        n/a     FDRE/C   n/a            1.000         10.000      9.000      SLICE_X12Y28   u_btn_debouncer/U_debouncer_btnC/count_reg[12]/C
Min Period        n/a     FDRE/C   n/a            1.000         10.000      9.000      SLICE_X12Y28   u_btn_debouncer/U_debouncer_btnC/count_reg[13]/C
Min Period        n/a     FDRE/C   n/a            1.000         10.000      9.000      SLICE_X12Y28   u_btn_debouncer/U_debouncer_btnC/count_reg[14]/C
Min Period        n/a     FDRE/C   n/a            1.000         10.000      9.000      SLICE_X12Y28   u_btn_debouncer/U_debouncer_btnC/count_reg[15]/C
Min Period        n/a     FDRE/C   n/a            1.000         10.000      9.000      SLICE_X12Y29   u_btn_debouncer/U_debouncer_btnC/count_reg[16]/C
Low Pulse Width   Slow    FDRE/C   n/a            0.500         5.000       4.500      SLICE_X13Y28   u_btn_debouncer/U_debouncer_btnC/btn_state_reg/C
Low Pulse Width   Fast    FDRE/C   n/a            0.500         5.000       4.500      SLICE_X13Y28   u_btn_debouncer/U_debouncer_btnC/btn_state_reg/C
Low Pulse Width   Slow    FDRE/C   n/a            0.500         5.000       4.500      SLICE_X12Y25   u_btn_debouncer/U_debouncer_btnC/count_reg[0]/C
Low Pulse Width   Fast    FDRE/C   n/a            0.500         5.000       4.500      SLICE_X12Y25   u_btn_debouncer/U_debouncer_btnC/count_reg[0]/C
Low Pulse Width   Slow    FDRE/C   n/a            0.500         5.000       4.500      SLICE_X12Y27   u_btn_debouncer/U_debouncer_btnC/count_reg[10]/C
Low Pulse Width   Fast    FDRE/C   n/a            0.500         5.000       4.500      SLICE_X12Y27   u_btn_debouncer/U_debouncer_btnC/count_reg[10]/C
Low Pulse Width   Slow    FDRE/C   n/a            0.500         5.000       4.500      SLICE_X12Y27   u_btn_debouncer/U_debouncer_btnC/count_reg[11]/C
Low Pulse Width   Fast    FDRE/C   n/a            0.500         5.000       4.500      SLICE_X12Y27   u_btn_debouncer/U_debouncer_btnC/count_reg[11]/C
Low Pulse Width   Slow    FDRE/C   n/a            0.500         5.000       4.500      SLICE_X12Y28   u_btn_debouncer/U_debouncer_btnC/count_reg[12]/C
Low Pulse Width   Fast    FDRE/C   n/a            0.500         5.000       4.500      SLICE_X12Y28   u_btn_debouncer/U_debouncer_btnC/count_reg[12]/C
High Pulse Width  Slow    FDRE/C   n/a            0.500         5.000       4.500      SLICE_X13Y28   u_btn_debouncer/U_debouncer_btnC/btn_state_reg/C
High Pulse Width  Fast    FDRE/C   n/a            0.500         5.000       4.500      SLICE_X13Y28   u_btn_debouncer/U_debouncer_btnC/btn_state_reg/C
High Pulse Width  Slow    FDRE/C   n/a            0.500         5.000       4.500      SLICE_X12Y25   u_btn_debouncer/U_debouncer_btnC/count_reg[0]/C
High Pulse Width  Fast    FDRE/C   n/a            0.500         5.000       4.500      SLICE_X12Y25   u_btn_debouncer/U_debouncer_btnC/count_reg[0]/C
High Pulse Width  Slow    FDRE/C   n/a            0.500         5.000       4.500      SLICE_X12Y27   u_btn_debouncer/U_debouncer_btnC/count_reg[10]/C
High Pulse Width  Fast    FDRE/C   n/a            0.500         5.000       4.500      SLICE_X12Y27   u_btn_debouncer/U_debouncer_btnC/count_reg[10]/C
High Pulse Width  Slow    FDRE/C   n/a            0.500         5.000       4.500      SLICE_X12Y27   u_btn_debouncer/U_debouncer_btnC/count_reg[11]/C
High Pulse Width  Fast    FDRE/C   n/a            0.500         5.000       4.500      SLICE_X12Y27   u_btn_debouncer/U_debouncer_btnC/count_reg[11]/C
High Pulse Width  Slow    FDRE/C   n/a            0.500         5.000       4.500      SLICE_X12Y28   u_btn_debouncer/U_debouncer_btnC/count_reg[12]/C
High Pulse Width  Fast    FDRE/C   n/a            0.500         5.000       4.500      SLICE_X12Y28   u_btn_debouncer/U_debouncer_btnC/count_reg[12]/C



