Copyright 1986-2021 Xilinx, Inc. All Rights Reserved.
--------------------------------------------------------------------------------------------------------------------------------------------------------------------------------
| Tool Version : Vivado v.2021.1 (win64) Build 3247384 Thu Jun 10 19:36:33 MDT 2021
| Date         : Thu Mar  5 10:38:16 2026
| Host         : DESKTOP-0G8LKRK running 64-bit major release  (build 9200)
| Command      : report_timing_summary -max_paths 10 -file top_timing_summary_routed.rpt -pb top_timing_summary_routed.pb -rpx top_timing_summary_routed.rpx -warn_on_violation
| Design       : top
| Device       : 7a35t-cpg236
| Speed File   : -1  PRODUCTION 1.23 2018-06-13
--------------------------------------------------------------------------------------------------------------------------------------------------------------------------------

Timing Summary Report

------------------------------------------------------------------------------------------------
| Timer Settings
| --------------
------------------------------------------------------------------------------------------------

  Enable Multi Corner Analysis               :  Yes
  Enable Pessimism Removal                   :  Yes
  Pessimism Removal Resolution               :  Nearest Common Node
  Enable Input Delay Default Clock           :  No
  Enable Preset / Clear Arcs                 :  No
  Disable Flight Delays                      :  No
  Ignore I/O Paths                           :  No
  Timing Early Launch at Borrowing Latches   :  No
  Borrow Time for Max Delay Exceptions       :  Yes
  Merge Timing Exceptions                    :  Yes

  Corner  Analyze    Analyze    
  Name    Max Paths  Min Paths  
  ------  ---------  ---------  
  Slow    Yes        Yes        
  Fast    Yes        Yes        


------------------------------------------------------------------------------------------------
| Report Methodology
| ------------------
------------------------------------------------------------------------------------------------

Rule       Severity  Description                    Violations  
---------  --------  -----------------------------  ----------  
TIMING-18  Warning   Missing input or output delay  11          

Note: This report is based on the most recent report_methodology run and may not be up-to-date. Run report_methodology on the current design for the latest report.



check_timing report

Table of Contents
-----------------
1. checking no_clock (0)
2. checking constant_clock (0)
3. checking pulse_width_clock (0)
4. checking unconstrained_internal_endpoints (0)
5. checking no_input_delay (10)
6. checking no_output_delay (1)
7. checking multiple_clock (0)
8. checking generated_clocks (0)
9. checking loops (0)
10. checking partial_input_delay (0)
11. checking partial_output_delay (0)
12. checking latch_loops (0)

1. checking no_clock (0)
------------------------
 There are 0 register/latch pins with no clock.


2. checking constant_clock (0)
------------------------------
 There are 0 register/latch pins with constant_clock.


3. checking pulse_width_clock (0)
---------------------------------
 There are 0 register/latch pins which need pulse_width check


4. checking unconstrained_internal_endpoints (0)
------------------------------------------------
 There are 0 pins that are not constrained for maximum delay.

 There are 0 pins that are not constrained for maximum delay due to constant clock.


5. checking no_input_delay (10)
-------------------------------
 There are 10 input ports with no input delay specified. (HIGH)

 There are 0 input ports with no input delay but user has a false path constraint.


6. checking no_output_delay (1)
-------------------------------
 There is 1 port with no output delay specified. (HIGH)

 There are 0 ports with no output delay but user has a false path constraint

 There are 0 ports with no output delay but with a timing clock defined on it or propagating through it


7. checking multiple_clock (0)
------------------------------
 There are 0 register/latch pins with multiple clocks.


8. checking generated_clocks (0)
--------------------------------
 There are 0 generated clocks that are not connected to a clock source.


9. checking loops (0)
---------------------
 There are 0 combinational loops in the design.


10. checking partial_input_delay (0)
------------------------------------
 There are 0 input ports with partial input delay specified.


11. checking partial_output_delay (0)
-------------------------------------
 There are 0 ports with partial output delay specified.


12. checking latch_loops (0)
----------------------------
 There are 0 combinational latch loops in the design through latch input



------------------------------------------------------------------------------------------------
| Design Timing Summary
| ---------------------
------------------------------------------------------------------------------------------------

    WNS(ns)      TNS(ns)  TNS Failing Endpoints  TNS Total Endpoints      WHS(ns)      THS(ns)  THS Failing Endpoints  THS Total Endpoints     WPWS(ns)     TPWS(ns)  TPWS Failing Endpoints  TPWS Total Endpoints  
    -------      -------  ---------------------  -------------------      -------      -------  ---------------------  -------------------     --------     --------  ----------------------  --------------------  
      5.813        0.000                      0                   78        0.159        0.000                      0                   78        4.500        0.000                       0                    66  


All user specified timing constraints are met.


------------------------------------------------------------------------------------------------
| Clock Summary
| -------------
------------------------------------------------------------------------------------------------

Clock        Waveform(ns)       Period(ns)      Frequency(MHz)
-----        ------------       ----------      --------------
sys_clk_pin  {0.000 5.000}      10.000          100.000         


------------------------------------------------------------------------------------------------
| Intra Clock Table
| -----------------
------------------------------------------------------------------------------------------------

Clock             WNS(ns)      TNS(ns)  TNS Failing Endpoints  TNS Total Endpoints      WHS(ns)      THS(ns)  THS Failing Endpoints  THS Total Endpoints     WPWS(ns)     TPWS(ns)  TPWS Failing Endpoints  TPWS Total Endpoints  
-----             -------      -------  ---------------------  -------------------      -------      -------  ---------------------  -------------------     --------     --------  ----------------------  --------------------  
sys_clk_pin         5.813        0.000                      0                   78        0.159        0.000                      0                   78        4.500        0.000                       0                    66  


------------------------------------------------------------------------------------------------
| Inter Clock Table
| -----------------
------------------------------------------------------------------------------------------------

From Clock    To Clock          WNS(ns)      TNS(ns)  TNS Failing Endpoints  TNS Total Endpoints      WHS(ns)      THS(ns)  THS Failing Endpoints  THS Total Endpoints  
----------    --------          -------      -------  ---------------------  -------------------      -------      -------  ---------------------  -------------------  


------------------------------------------------------------------------------------------------
| Other Path Groups Table
| -----------------------
------------------------------------------------------------------------------------------------

Path Group    From Clock    To Clock          WNS(ns)      TNS(ns)  TNS Failing Endpoints  TNS Total Endpoints      WHS(ns)      THS(ns)  THS Failing Endpoints  THS Total Endpoints  
----------    ----------    --------          -------      -------  ---------------------  -------------------      -------      -------  ---------------------  -------------------  


------------------------------------------------------------------------------------------------
| Timing Details
| --------------
------------------------------------------------------------------------------------------------


---------------------------------------------------------------------------------------------------
From Clock:  sys_clk_pin
  To Clock:  sys_clk_pin

Setup :            0  Failing Endpoints,  Worst Slack        5.813ns,  Total Violation        0.000ns
Hold  :            0  Failing Endpoints,  Worst Slack        0.159ns,  Total Violation        0.000ns
PW    :            0  Failing Endpoints,  Worst Slack        4.500ns,  Total Violation        0.000ns
---------------------------------------------------------------------------------------------------


Max Delay Paths
--------------------------------------------------------------------------------------
Slack (MET) :             5.813ns  (required time - arrival time)
  Source:                 u_uart_controller/u_uart_tx/r_baud_cnt_reg[8]/C
                            (rising edge-triggered cell FDCE clocked by sys_clk_pin  {rise@0.000ns fall@5.000ns period=10.000ns})
  Destination:            u_uart_controller/u_uart_tx/r_baud_cnt_reg[13]/D
                            (rising edge-triggered cell FDCE clocked by sys_clk_pin  {rise@0.000ns fall@5.000ns period=10.000ns})
  Path Group:             sys_clk_pin
  Path Type:              Setup (Max at Slow Process Corner)
  Requirement:            10.000ns  (sys_clk_pin rise@10.000ns - sys_clk_pin rise@0.000ns)
  Data Path Delay:        4.237ns  (logic 1.997ns (47.135%)  route 2.240ns (52.865%))
  Logic Levels:           7  (CARRY4=4 LUT4=1 LUT5=1 LUT6=1)
  Clock Path Skew:        -0.024ns (DCD - SCD + CPR)
    Destination Clock Delay (DCD):    4.859ns = ( 14.859 - 10.000 ) 
    Source Clock Delay      (SCD):    5.157ns
    Clock Pessimism Removal (CPR):    0.274ns
  Clock Uncertainty:      0.035ns  ((TSJ^2 + TIJ^2)^1/2 + DJ) / 2 + PE
    Total System Jitter     (TSJ):    0.071ns
    Total Input Jitter      (TIJ):    0.000ns
    Discrete Jitter          (DJ):    0.000ns
    Phase Error              (PE):    0.000ns

    Location             Delay type                Incr(ns)  Path(ns)    Netlist Resource(s)
  -------------------------------------------------------------------    -------------------
                         (clock sys_clk_pin rise edge)
                                                      0.000     0.000 r  
    W5                                                0.000     0.000 r  clk (IN)
                         net (fo=0)                   0.000     0.000    clk
    W5                   IBUF (Prop_ibuf_I_O)         1.458     1.458 r  clk_IBUF_inst/O
                         net (fo=1, routed)           1.967     3.425    clk_IBUF
    BUFGCTRL_X0Y0        BUFG (Prop_bufg_I_O)         0.096     3.521 r  clk_IBUF_BUFG_inst/O
                         net (fo=65, routed)          1.636     5.157    u_uart_controller/u_uart_tx/CLK
    SLICE_X2Y40          FDCE                                         r  u_uart_controller/u_uart_tx/r_baud_cnt_reg[8]/C
  -------------------------------------------------------------------    -------------------
    SLICE_X2Y40          FDCE (Prop_fdce_C_Q)         0.518     5.675 f  u_uart_controller/u_uart_tx/r_baud_cnt_reg[8]/Q
                         net (fo=2, routed)           0.800     6.476    u_uart_controller/u_uart_tx/r_baud_cnt_reg[8]
    SLICE_X1Y40          LUT4 (Prop_lut4_I0_O)        0.124     6.600 r  u_uart_controller/u_uart_tx/r_baud_tick_i_3/O
                         net (fo=1, routed)           0.629     7.229    u_uart_controller/u_uart_tx/r_baud_tick_i_3_n_0
    SLICE_X3Y39          LUT5 (Prop_lut5_I0_O)        0.124     7.353 r  u_uart_controller/u_uart_tx/r_baud_tick_i_2/O
                         net (fo=16, routed)          0.479     7.831    u_uart_controller/u_uart_tx/r_baud_tick_i_2_n_0
    SLICE_X3Y38          LUT6 (Prop_lut6_I4_O)        0.124     7.955 r  u_uart_controller/u_uart_tx/r_baud_cnt[0]_i_2/O
                         net (fo=1, routed)           0.332     8.287    u_uart_controller/u_uart_tx/r_baud_cnt[0]_i_2_n_0
    SLICE_X2Y38          CARRY4 (Prop_carry4_DI[0]_CO[3])
                                                      0.550     8.837 r  u_uart_controller/u_uart_tx/r_baud_cnt_reg[0]_i_1/CO[3]
                         net (fo=1, routed)           0.000     8.837    u_uart_controller/u_uart_tx/r_baud_cnt_reg[0]_i_1_n_0
    SLICE_X2Y39          CARRY4 (Prop_carry4_CI_CO[3])
                                                      0.117     8.954 r  u_uart_controller/u_uart_tx/r_baud_cnt_reg[4]_i_1/CO[3]
                         net (fo=1, routed)           0.000     8.954    u_uart_controller/u_uart_tx/r_baud_cnt_reg[4]_i_1_n_0
    SLICE_X2Y40          CARRY4 (Prop_carry4_CI_CO[3])
                                                      0.117     9.071 r  u_uart_controller/u_uart_tx/r_baud_cnt_reg[8]_i_1/CO[3]
                         net (fo=1, routed)           0.000     9.071    u_uart_controller/u_uart_tx/r_baud_cnt_reg[8]_i_1_n_0
    SLICE_X2Y41          CARRY4 (Prop_carry4_CI_O[1])
                                                      0.323     9.394 r  u_uart_controller/u_uart_tx/r_baud_cnt_reg[12]_i_1/O[1]
                         net (fo=1, routed)           0.000     9.394    u_uart_controller/u_uart_tx/r_baud_cnt_reg[12]_i_1_n_6
    SLICE_X2Y41          FDCE                                         r  u_uart_controller/u_uart_tx/r_baud_cnt_reg[13]/D
  -------------------------------------------------------------------    -------------------

                         (clock sys_clk_pin rise edge)
                                                     10.000    10.000 r  
    W5                                                0.000    10.000 r  clk (IN)
                         net (fo=0)                   0.000    10.000    clk
    W5                   IBUF (Prop_ibuf_I_O)         1.388    11.388 r  clk_IBUF_inst/O
                         net (fo=1, routed)           1.862    13.250    clk_IBUF
    BUFGCTRL_X0Y0        BUFG (Prop_bufg_I_O)         0.091    13.341 r  clk_IBUF_BUFG_inst/O
                         net (fo=65, routed)          1.518    14.859    u_uart_controller/u_uart_tx/CLK
    SLICE_X2Y41          FDCE                                         r  u_uart_controller/u_uart_tx/r_baud_cnt_reg[13]/C
                         clock pessimism              0.274    15.133    
                         clock uncertainty           -0.035    15.098    
    SLICE_X2Y41          FDCE (Setup_fdce_C_D)        0.109    15.207    u_uart_controller/u_uart_tx/r_baud_cnt_reg[13]
  -------------------------------------------------------------------
                         required time                         15.207    
                         arrival time                          -9.394    
  -------------------------------------------------------------------
                         slack                                  5.813    

Slack (MET) :             5.892ns  (required time - arrival time)
  Source:                 u_uart_controller/u_uart_tx/r_baud_cnt_reg[8]/C
                            (rising edge-triggered cell FDCE clocked by sys_clk_pin  {rise@0.000ns fall@5.000ns period=10.000ns})
  Destination:            u_uart_controller/u_uart_tx/r_baud_cnt_reg[14]/D
                            (rising edge-triggered cell FDCE clocked by sys_clk_pin  {rise@0.000ns fall@5.000ns period=10.000ns})
  Path Group:             sys_clk_pin
  Path Type:              Setup (Max at Slow Process Corner)
  Requirement:            10.000ns  (sys_clk_pin rise@10.000ns - sys_clk_pin rise@0.000ns)
  Data Path Delay:        4.143ns  (logic 1.903ns (45.936%)  route 2.240ns (54.064%))
  Logic Levels:           7  (CARRY4=4 LUT4=1 LUT5=1 LUT6=1)
  Clock Path Skew:        -0.024ns (DCD - SCD + CPR)
    Destination Clock Delay (DCD):    4.859ns = ( 14.859 - 10.000 ) 
    Source Clock Delay      (SCD):    5.157ns
    Clock Pessimism Removal (CPR):    0.274ns
  Clock Uncertainty:      0.035ns  ((TSJ^2 + TIJ^2)^1/2 + DJ) / 2 + PE
    Total System Jitter     (TSJ):    0.071ns
    Total Input Jitter      (TIJ):    0.000ns
    Discrete Jitter          (DJ):    0.000ns
    Phase Error              (PE):    0.000ns

    Location             Delay type                Incr(ns)  Path(ns)    Netlist Resource(s)
  -------------------------------------------------------------------    -------------------
                         (clock sys_clk_pin rise edge)
                                                      0.000     0.000 r  
    W5                                                0.000     0.000 r  clk (IN)
                         net (fo=0)                   0.000     0.000    clk
    W5                   IBUF (Prop_ibuf_I_O)         1.458     1.458 r  clk_IBUF_inst/O
                         net (fo=1, routed)           1.967     3.425    clk_IBUF
    BUFGCTRL_X0Y0        BUFG (Prop_bufg_I_O)         0.096     3.521 r  clk_IBUF_BUFG_inst/O
                         net (fo=65, routed)          1.636     5.157    u_uart_controller/u_uart_tx/CLK
    SLICE_X2Y40          FDCE                                         r  u_uart_controller/u_uart_tx/r_baud_cnt_reg[8]/C
  -------------------------------------------------------------------    -------------------
    SLICE_X2Y40          FDCE (Prop_fdce_C_Q)         0.518     5.675 f  u_uart_controller/u_uart_tx/r_baud_cnt_reg[8]/Q
                         net (fo=2, routed)           0.800     6.476    u_uart_controller/u_uart_tx/r_baud_cnt_reg[8]
    SLICE_X1Y40          LUT4 (Prop_lut4_I0_O)        0.124     6.600 r  u_uart_controller/u_uart_tx/r_baud_tick_i_3/O
                         net (fo=1, routed)           0.629     7.229    u_uart_controller/u_uart_tx/r_baud_tick_i_3_n_0
    SLICE_X3Y39          LUT5 (Prop_lut5_I0_O)        0.124     7.353 r  u_uart_controller/u_uart_tx/r_baud_tick_i_2/O
                         net (fo=16, routed)          0.479     7.831    u_uart_controller/u_uart_tx/r_baud_tick_i_2_n_0
    SLICE_X3Y38          LUT6 (Prop_lut6_I4_O)        0.124     7.955 r  u_uart_controller/u_uart_tx/r_baud_cnt[0]_i_2/O
                         net (fo=1, routed)           0.332     8.287    u_uart_controller/u_uart_tx/r_baud_cnt[0]_i_2_n_0
    SLICE_X2Y38          CARRY4 (Prop_carry4_DI[0]_CO[3])
                                                      0.550     8.837 r  u_uart_controller/u_uart_tx/r_baud_cnt_reg[0]_i_1/CO[3]
                         net (fo=1, routed)           0.000     8.837    u_uart_controller/u_uart_tx/r_baud_cnt_reg[0]_i_1_n_0
    SLICE_X2Y39          CARRY4 (Prop_carry4_CI_CO[3])
                                                      0.117     8.954 r  u_uart_controller/u_uart_tx/r_baud_cnt_reg[4]_i_1/CO[3]
                         net (fo=1, routed)           0.000     8.954    u_uart_controller/u_uart_tx/r_baud_cnt_reg[4]_i_1_n_0
    SLICE_X2Y40          CARRY4 (Prop_carry4_CI_CO[3])
                                                      0.117     9.071 r  u_uart_controller/u_uart_tx/r_baud_cnt_reg[8]_i_1/CO[3]
                         net (fo=1, routed)           0.000     9.071    u_uart_controller/u_uart_tx/r_baud_cnt_reg[8]_i_1_n_0
    SLICE_X2Y41          CARRY4 (Prop_carry4_CI_CO[2])
                                                      0.229     9.300 r  u_uart_controller/u_uart_tx/r_baud_cnt_reg[12]_i_1/CO[2]
                         net (fo=1, routed)           0.000     9.300    u_uart_controller/u_uart_tx/r_baud_cnt_reg[12]_i_1_n_1
    SLICE_X2Y41          FDCE                                         r  u_uart_controller/u_uart_tx/r_baud_cnt_reg[14]/D
  -------------------------------------------------------------------    -------------------

                         (clock sys_clk_pin rise edge)
                                                     10.000    10.000 r  
    W5                                                0.000    10.000 r  clk (IN)
                         net (fo=0)                   0.000    10.000    clk
    W5                   IBUF (Prop_ibuf_I_O)         1.388    11.388 r  clk_IBUF_inst/O
                         net (fo=1, routed)           1.862    13.250    clk_IBUF
    BUFGCTRL_X0Y0        BUFG (Prop_bufg_I_O)         0.091    13.341 r  clk_IBUF_BUFG_inst/O
                         net (fo=65, routed)          1.518    14.859    u_uart_controller/u_uart_tx/CLK
    SLICE_X2Y41          FDCE                                         r  u_uart_controller/u_uart_tx/r_baud_cnt_reg[14]/C
                         clock pessimism              0.274    15.133    
                         clock uncertainty           -0.035    15.098    
    SLICE_X2Y41          FDCE (Setup_fdce_C_D)        0.094    15.192    u_uart_controller/u_uart_tx/r_baud_cnt_reg[14]
  -------------------------------------------------------------------
                         required time                         15.192    
                         arrival time                          -9.300    
  -------------------------------------------------------------------
                         slack                                  5.892    

Slack (MET) :             5.917ns  (required time - arrival time)
  Source:                 u_uart_controller/u_uart_tx/r_baud_cnt_reg[8]/C
                            (rising edge-triggered cell FDCE clocked by sys_clk_pin  {rise@0.000ns fall@5.000ns period=10.000ns})
  Destination:            u_uart_controller/u_uart_tx/r_baud_cnt_reg[12]/D
                            (rising edge-triggered cell FDCE clocked by sys_clk_pin  {rise@0.000ns fall@5.000ns period=10.000ns})
  Path Group:             sys_clk_pin
  Path Type:              Setup (Max at Slow Process Corner)
  Requirement:            10.000ns  (sys_clk_pin rise@10.000ns - sys_clk_pin rise@0.000ns)
  Data Path Delay:        4.133ns  (logic 1.893ns (45.805%)  route 2.240ns (54.195%))
  Logic Levels:           7  (CARRY4=4 LUT4=1 LUT5=1 LUT6=1)
  Clock Path Skew:        -0.024ns (DCD - SCD + CPR)
    Destination Clock Delay (DCD):    4.859ns = ( 14.859 - 10.000 ) 
    Source Clock Delay      (SCD):    5.157ns
    Clock Pessimism Removal (CPR):    0.274ns
  Clock Uncertainty:      0.035ns  ((TSJ^2 + TIJ^2)^1/2 + DJ) / 2 + PE
    Total System Jitter     (TSJ):    0.071ns
    Total Input Jitter      (TIJ):    0.000ns
    Discrete Jitter          (DJ):    0.000ns
    Phase Error              (PE):    0.000ns

    Location             Delay type                Incr(ns)  Path(ns)    Netlist Resource(s)
  -------------------------------------------------------------------    -------------------
                         (clock sys_clk_pin rise edge)
                                                      0.000     0.000 r  
    W5                                                0.000     0.000 r  clk (IN)
                         net (fo=0)                   0.000     0.000    clk
    W5                   IBUF (Prop_ibuf_I_O)         1.458     1.458 r  clk_IBUF_inst/O
                         net (fo=1, routed)           1.967     3.425    clk_IBUF
    BUFGCTRL_X0Y0        BUFG (Prop_bufg_I_O)         0.096     3.521 r  clk_IBUF_BUFG_inst/O
                         net (fo=65, routed)          1.636     5.157    u_uart_controller/u_uart_tx/CLK
    SLICE_X2Y40          FDCE                                         r  u_uart_controller/u_uart_tx/r_baud_cnt_reg[8]/C
  -------------------------------------------------------------------    -------------------
    SLICE_X2Y40          FDCE (Prop_fdce_C_Q)         0.518     5.675 f  u_uart_controller/u_uart_tx/r_baud_cnt_reg[8]/Q
                         net (fo=2, routed)           0.800     6.476    u_uart_controller/u_uart_tx/r_baud_cnt_reg[8]
    SLICE_X1Y40          LUT4 (Prop_lut4_I0_O)        0.124     6.600 r  u_uart_controller/u_uart_tx/r_baud_tick_i_3/O
                         net (fo=1, routed)           0.629     7.229    u_uart_controller/u_uart_tx/r_baud_tick_i_3_n_0
    SLICE_X3Y39          LUT5 (Prop_lut5_I0_O)        0.124     7.353 r  u_uart_controller/u_uart_tx/r_baud_tick_i_2/O
                         net (fo=16, routed)          0.479     7.831    u_uart_controller/u_uart_tx/r_baud_tick_i_2_n_0
    SLICE_X3Y38          LUT6 (Prop_lut6_I4_O)        0.124     7.955 r  u_uart_controller/u_uart_tx/r_baud_cnt[0]_i_2/O
                         net (fo=1, routed)           0.332     8.287    u_uart_controller/u_uart_tx/r_baud_cnt[0]_i_2_n_0
    SLICE_X2Y38          CARRY4 (Prop_carry4_DI[0]_CO[3])
                                                      0.550     8.837 r  u_uart_controller/u_uart_tx/r_baud_cnt_reg[0]_i_1/CO[3]
                         net (fo=1, routed)           0.000     8.837    u_uart_controller/u_uart_tx/r_baud_cnt_reg[0]_i_1_n_0
    SLICE_X2Y39          CARRY4 (Prop_carry4_CI_CO[3])
                                                      0.117     8.954 r  u_uart_controller/u_uart_tx/r_baud_cnt_reg[4]_i_1/CO[3]
                         net (fo=1, routed)           0.000     8.954    u_uart_controller/u_uart_tx/r_baud_cnt_reg[4]_i_1_n_0
    SLICE_X2Y40          CARRY4 (Prop_carry4_CI_CO[3])
                                                      0.117     9.071 r  u_uart_controller/u_uart_tx/r_baud_cnt_reg[8]_i_1/CO[3]
                         net (fo=1, routed)           0.000     9.071    u_uart_controller/u_uart_tx/r_baud_cnt_reg[8]_i_1_n_0
    SLICE_X2Y41          CARRY4 (Prop_carry4_CI_O[0])
                                                      0.219     9.290 r  u_uart_controller/u_uart_tx/r_baud_cnt_reg[12]_i_1/O[0]
                         net (fo=1, routed)           0.000     9.290    u_uart_controller/u_uart_tx/r_baud_cnt_reg[12]_i_1_n_7
    SLICE_X2Y41          FDCE                                         r  u_uart_controller/u_uart_tx/r_baud_cnt_reg[12]/D
  -------------------------------------------------------------------    -------------------

                         (clock sys_clk_pin rise edge)
                                                     10.000    10.000 r  
    W5                                                0.000    10.000 r  clk (IN)
                         net (fo=0)                   0.000    10.000    clk
    W5                   IBUF (Prop_ibuf_I_O)         1.388    11.388 r  clk_IBUF_inst/O
                         net (fo=1, routed)           1.862    13.250    clk_IBUF
    BUFGCTRL_X0Y0        BUFG (Prop_bufg_I_O)         0.091    13.341 r  clk_IBUF_BUFG_inst/O
                         net (fo=65, routed)          1.518    14.859    u_uart_controller/u_uart_tx/CLK
    SLICE_X2Y41          FDCE                                         r  u_uart_controller/u_uart_tx/r_baud_cnt_reg[12]/C
                         clock pessimism              0.274    15.133    
                         clock uncertainty           -0.035    15.098    
    SLICE_X2Y41          FDCE (Setup_fdce_C_D)        0.109    15.207    u_uart_controller/u_uart_tx/r_baud_cnt_reg[12]
  -------------------------------------------------------------------
                         required time                         15.207    
                         arrival time                          -9.290    
  -------------------------------------------------------------------
                         slack                                  5.917    

Slack (MET) :             5.954ns  (required time - arrival time)
  Source:                 u_uart_controller/u_uart_tx/r_baud_cnt_reg[8]/C
                            (rising edge-triggered cell FDCE clocked by sys_clk_pin  {rise@0.000ns fall@5.000ns period=10.000ns})
  Destination:            u_uart_controller/u_uart_tx/r_baud_cnt_reg[9]/D
                            (rising edge-triggered cell FDCE clocked by sys_clk_pin  {rise@0.000ns fall@5.000ns period=10.000ns})
  Path Group:             sys_clk_pin
  Path Type:              Setup (Max at Slow Process Corner)
  Requirement:            10.000ns  (sys_clk_pin rise@10.000ns - sys_clk_pin rise@0.000ns)
  Data Path Delay:        4.120ns  (logic 1.880ns (45.634%)  route 2.240ns (54.366%))
  Logic Levels:           6  (CARRY4=3 LUT4=1 LUT5=1 LUT6=1)
  Clock Path Skew:        0.000ns (DCD - SCD + CPR)
    Destination Clock Delay (DCD):    4.858ns = ( 14.858 - 10.000 ) 
    Source Clock Delay      (SCD):    5.157ns
    Clock Pessimism Removal (CPR):    0.299ns
  Clock Uncertainty:      0.035ns  ((TSJ^2 + TIJ^2)^1/2 + DJ) / 2 + PE
    Total System Jitter     (TSJ):    0.071ns
    Total Input Jitter      (TIJ):    0.000ns
    Discrete Jitter          (DJ):    0.000ns
    Phase Error              (PE):    0.000ns

    Location             Delay type                Incr(ns)  Path(ns)    Netlist Resource(s)
  -------------------------------------------------------------------    -------------------
                         (clock sys_clk_pin rise edge)
                                                      0.000     0.000 r  
    W5                                                0.000     0.000 r  clk (IN)
                         net (fo=0)                   0.000     0.000    clk
    W5                   IBUF (Prop_ibuf_I_O)         1.458     1.458 r  clk_IBUF_inst/O
                         net (fo=1, routed)           1.967     3.425    clk_IBUF
    BUFGCTRL_X0Y0        BUFG (Prop_bufg_I_O)         0.096     3.521 r  clk_IBUF_BUFG_inst/O
                         net (fo=65, routed)          1.636     5.157    u_uart_controller/u_uart_tx/CLK
    SLICE_X2Y40          FDCE                                         r  u_uart_controller/u_uart_tx/r_baud_cnt_reg[8]/C
  -------------------------------------------------------------------    -------------------
    SLICE_X2Y40          FDCE (Prop_fdce_C_Q)         0.518     5.675 f  u_uart_controller/u_uart_tx/r_baud_cnt_reg[8]/Q
                         net (fo=2, routed)           0.800     6.476    u_uart_controller/u_uart_tx/r_baud_cnt_reg[8]
    SLICE_X1Y40          LUT4 (Prop_lut4_I0_O)        0.124     6.600 r  u_uart_controller/u_uart_tx/r_baud_tick_i_3/O
                         net (fo=1, routed)           0.629     7.229    u_uart_controller/u_uart_tx/r_baud_tick_i_3_n_0
    SLICE_X3Y39          LUT5 (Prop_lut5_I0_O)        0.124     7.353 r  u_uart_controller/u_uart_tx/r_baud_tick_i_2/O
                         net (fo=16, routed)          0.479     7.831    u_uart_controller/u_uart_tx/r_baud_tick_i_2_n_0
    SLICE_X3Y38          LUT6 (Prop_lut6_I4_O)        0.124     7.955 r  u_uart_controller/u_uart_tx/r_baud_cnt[0]_i_2/O
                         net (fo=1, routed)           0.332     8.287    u_uart_controller/u_uart_tx/r_baud_cnt[0]_i_2_n_0
    SLICE_X2Y38          CARRY4 (Prop_carry4_DI[0]_CO[3])
                                                      0.550     8.837 r  u_uart_controller/u_uart_tx/r_baud_cnt_reg[0]_i_1/CO[3]
                         net (fo=1, routed)           0.000     8.837    u_uart_controller/u_uart_tx/r_baud_cnt_reg[0]_i_1_n_0
    SLICE_X2Y39          CARRY4 (Prop_carry4_CI_CO[3])
                                                      0.117     8.954 r  u_uart_controller/u_uart_tx/r_baud_cnt_reg[4]_i_1/CO[3]
                         net (fo=1, routed)           0.000     8.954    u_uart_controller/u_uart_tx/r_baud_cnt_reg[4]_i_1_n_0
    SLICE_X2Y40          CARRY4 (Prop_carry4_CI_O[1])
                                                      0.323     9.277 r  u_uart_controller/u_uart_tx/r_baud_cnt_reg[8]_i_1/O[1]
                         net (fo=1, routed)           0.000     9.277    u_uart_controller/u_uart_tx/r_baud_cnt_reg[8]_i_1_n_6
    SLICE_X2Y40          FDCE                                         r  u_uart_controller/u_uart_tx/r_baud_cnt_reg[9]/D
  -------------------------------------------------------------------    -------------------

                         (clock sys_clk_pin rise edge)
                                                     10.000    10.000 r  
    W5                                                0.000    10.000 r  clk (IN)
                         net (fo=0)                   0.000    10.000    clk
    W5                   IBUF (Prop_ibuf_I_O)         1.388    11.388 r  clk_IBUF_inst/O
                         net (fo=1, routed)           1.862    13.250    clk_IBUF
    BUFGCTRL_X0Y0        BUFG (Prop_bufg_I_O)         0.091    13.341 r  clk_IBUF_BUFG_inst/O
                         net (fo=65, routed)          1.517    14.858    u_uart_controller/u_uart_tx/CLK
    SLICE_X2Y40          FDCE                                         r  u_uart_controller/u_uart_tx/r_baud_cnt_reg[9]/C
                         clock pessimism              0.299    15.157    
                         clock uncertainty           -0.035    15.122    
    SLICE_X2Y40          FDCE (Setup_fdce_C_D)        0.109    15.231    u_uart_controller/u_uart_tx/r_baud_cnt_reg[9]
  -------------------------------------------------------------------
                         required time                         15.231    
                         arrival time                          -9.277    
  -------------------------------------------------------------------
                         slack                                  5.954    

Slack (MET) :             5.962ns  (required time - arrival time)
  Source:                 u_uart_controller/u_uart_tx/r_baud_cnt_reg[8]/C
                            (rising edge-triggered cell FDCE clocked by sys_clk_pin  {rise@0.000ns fall@5.000ns period=10.000ns})
  Destination:            u_uart_controller/u_uart_tx/r_baud_cnt_reg[11]/D
                            (rising edge-triggered cell FDCE clocked by sys_clk_pin  {rise@0.000ns fall@5.000ns period=10.000ns})
  Path Group:             sys_clk_pin
  Path Type:              Setup (Max at Slow Process Corner)
  Requirement:            10.000ns  (sys_clk_pin rise@10.000ns - sys_clk_pin rise@0.000ns)
  Data Path Delay:        4.112ns  (logic 1.872ns (45.528%)  route 2.240ns (54.472%))
  Logic Levels:           6  (CARRY4=3 LUT4=1 LUT5=1 LUT6=1)
  Clock Path Skew:        0.000ns (DCD - SCD + CPR)
    Destination Clock Delay (DCD):    4.858ns = ( 14.858 - 10.000 ) 
    Source Clock Delay      (SCD):    5.157ns
    Clock Pessimism Removal (CPR):    0.299ns
  Clock Uncertainty:      0.035ns  ((TSJ^2 + TIJ^2)^1/2 + DJ) / 2 + PE
    Total System Jitter     (TSJ):    0.071ns
    Total Input Jitter      (TIJ):    0.000ns
    Discrete Jitter          (DJ):    0.000ns
    Phase Error              (PE):    0.000ns

    Location             Delay type                Incr(ns)  Path(ns)    Netlist Resource(s)
  -------------------------------------------------------------------    -------------------
                         (clock sys_clk_pin rise edge)
                                                      0.000     0.000 r  
    W5                                                0.000     0.000 r  clk (IN)
                         net (fo=0)                   0.000     0.000    clk
    W5                   IBUF (Prop_ibuf_I_O)         1.458     1.458 r  clk_IBUF_inst/O
                         net (fo=1, routed)           1.967     3.425    clk_IBUF
    BUFGCTRL_X0Y0        BUFG (Prop_bufg_I_O)         0.096     3.521 r  clk_IBUF_BUFG_inst/O
                         net (fo=65, routed)          1.636     5.157    u_uart_controller/u_uart_tx/CLK
    SLICE_X2Y40          FDCE                                         r  u_uart_controller/u_uart_tx/r_baud_cnt_reg[8]/C
  -------------------------------------------------------------------    -------------------
    SLICE_X2Y40          FDCE (Prop_fdce_C_Q)         0.518     5.675 f  u_uart_controller/u_uart_tx/r_baud_cnt_reg[8]/Q
                         net (fo=2, routed)           0.800     6.476    u_uart_controller/u_uart_tx/r_baud_cnt_reg[8]
    SLICE_X1Y40          LUT4 (Prop_lut4_I0_O)        0.124     6.600 r  u_uart_controller/u_uart_tx/r_baud_tick_i_3/O
                         net (fo=1, routed)           0.629     7.229    u_uart_controller/u_uart_tx/r_baud_tick_i_3_n_0
    SLICE_X3Y39          LUT5 (Prop_lut5_I0_O)        0.124     7.353 r  u_uart_controller/u_uart_tx/r_baud_tick_i_2/O
                         net (fo=16, routed)          0.479     7.831    u_uart_controller/u_uart_tx/r_baud_tick_i_2_n_0
    SLICE_X3Y38          LUT6 (Prop_lut6_I4_O)        0.124     7.955 r  u_uart_controller/u_uart_tx/r_baud_cnt[0]_i_2/O
                         net (fo=1, routed)           0.332     8.287    u_uart_controller/u_uart_tx/r_baud_cnt[0]_i_2_n_0
    SLICE_X2Y38          CARRY4 (Prop_carry4_DI[0]_CO[3])
                                                      0.550     8.837 r  u_uart_controller/u_uart_tx/r_baud_cnt_reg[0]_i_1/CO[3]
                         net (fo=1, routed)           0.000     8.837    u_uart_controller/u_uart_tx/r_baud_cnt_reg[0]_i_1_n_0
    SLICE_X2Y39          CARRY4 (Prop_carry4_CI_CO[3])
                                                      0.117     8.954 r  u_uart_controller/u_uart_tx/r_baud_cnt_reg[4]_i_1/CO[3]
                         net (fo=1, routed)           0.000     8.954    u_uart_controller/u_uart_tx/r_baud_cnt_reg[4]_i_1_n_0
    SLICE_X2Y40          CARRY4 (Prop_carry4_CI_O[3])
                                                      0.315     9.269 r  u_uart_controller/u_uart_tx/r_baud_cnt_reg[8]_i_1/O[3]
                         net (fo=1, routed)           0.000     9.269    u_uart_controller/u_uart_tx/r_baud_cnt_reg[8]_i_1_n_4
    SLICE_X2Y40          FDCE                                         r  u_uart_controller/u_uart_tx/r_baud_cnt_reg[11]/D
  -------------------------------------------------------------------    -------------------

                         (clock sys_clk_pin rise edge)
                                                     10.000    10.000 r  
    W5                                                0.000    10.000 r  clk (IN)
                         net (fo=0)                   0.000    10.000    clk
    W5                   IBUF (Prop_ibuf_I_O)         1.388    11.388 r  clk_IBUF_inst/O
                         net (fo=1, routed)           1.862    13.250    clk_IBUF
    BUFGCTRL_X0Y0        BUFG (Prop_bufg_I_O)         0.091    13.341 r  clk_IBUF_BUFG_inst/O
                         net (fo=65, routed)          1.517    14.858    u_uart_controller/u_uart_tx/CLK
    SLICE_X2Y40          FDCE                                         r  u_uart_controller/u_uart_tx/r_baud_cnt_reg[11]/C
                         clock pessimism              0.299    15.157    
                         clock uncertainty           -0.035    15.122    
    SLICE_X2Y40          FDCE (Setup_fdce_C_D)        0.109    15.231    u_uart_controller/u_uart_tx/r_baud_cnt_reg[11]
  -------------------------------------------------------------------
                         required time                         15.231    
                         arrival time                          -9.269    
  -------------------------------------------------------------------
                         slack                                  5.962    

Slack (MET) :             6.038ns  (required time - arrival time)
  Source:                 u_uart_controller/u_uart_tx/r_baud_cnt_reg[8]/C
                            (rising edge-triggered cell FDCE clocked by sys_clk_pin  {rise@0.000ns fall@5.000ns period=10.000ns})
  Destination:            u_uart_controller/u_uart_tx/r_baud_cnt_reg[10]/D
                            (rising edge-triggered cell FDCE clocked by sys_clk_pin  {rise@0.000ns fall@5.000ns period=10.000ns})
  Path Group:             sys_clk_pin
  Path Type:              Setup (Max at Slow Process Corner)
  Requirement:            10.000ns  (sys_clk_pin rise@10.000ns - sys_clk_pin rise@0.000ns)
  Data Path Delay:        4.036ns  (logic 1.796ns (44.502%)  route 2.240ns (55.498%))
  Logic Levels:           6  (CARRY4=3 LUT4=1 LUT5=1 LUT6=1)
  Clock Path Skew:        0.000ns (DCD - SCD + CPR)
    Destination Clock Delay (DCD):    4.858ns = ( 14.858 - 10.000 ) 
    Source Clock Delay      (SCD):    5.157ns
    Clock Pessimism Removal (CPR):    0.299ns
  Clock Uncertainty:      0.035ns  ((TSJ^2 + TIJ^2)^1/2 + DJ) / 2 + PE
    Total System Jitter     (TSJ):    0.071ns
    Total Input Jitter      (TIJ):    0.000ns
    Discrete Jitter          (DJ):    0.000ns
    Phase Error              (PE):    0.000ns

    Location             Delay type                Incr(ns)  Path(ns)    Netlist Resource(s)
  -------------------------------------------------------------------    -------------------
                         (clock sys_clk_pin rise edge)
                                                      0.000     0.000 r  
    W5                                                0.000     0.000 r  clk (IN)
                         net (fo=0)                   0.000     0.000    clk
    W5                   IBUF (Prop_ibuf_I_O)         1.458     1.458 r  clk_IBUF_inst/O
                         net (fo=1, routed)           1.967     3.425    clk_IBUF
    BUFGCTRL_X0Y0        BUFG (Prop_bufg_I_O)         0.096     3.521 r  clk_IBUF_BUFG_inst/O
                         net (fo=65, routed)          1.636     5.157    u_uart_controller/u_uart_tx/CLK
    SLICE_X2Y40          FDCE                                         r  u_uart_controller/u_uart_tx/r_baud_cnt_reg[8]/C
  -------------------------------------------------------------------    -------------------
    SLICE_X2Y40          FDCE (Prop_fdce_C_Q)         0.518     5.675 f  u_uart_controller/u_uart_tx/r_baud_cnt_reg[8]/Q
                         net (fo=2, routed)           0.800     6.476    u_uart_controller/u_uart_tx/r_baud_cnt_reg[8]
    SLICE_X1Y40          LUT4 (Prop_lut4_I0_O)        0.124     6.600 r  u_uart_controller/u_uart_tx/r_baud_tick_i_3/O
                         net (fo=1, routed)           0.629     7.229    u_uart_controller/u_uart_tx/r_baud_tick_i_3_n_0
    SLICE_X3Y39          LUT5 (Prop_lut5_I0_O)        0.124     7.353 r  u_uart_controller/u_uart_tx/r_baud_tick_i_2/O
                         net (fo=16, routed)          0.479     7.831    u_uart_controller/u_uart_tx/r_baud_tick_i_2_n_0
    SLICE_X3Y38          LUT6 (Prop_lut6_I4_O)        0.124     7.955 r  u_uart_controller/u_uart_tx/r_baud_cnt[0]_i_2/O
                         net (fo=1, routed)           0.332     8.287    u_uart_controller/u_uart_tx/r_baud_cnt[0]_i_2_n_0
    SLICE_X2Y38          CARRY4 (Prop_carry4_DI[0]_CO[3])
                                                      0.550     8.837 r  u_uart_controller/u_uart_tx/r_baud_cnt_reg[0]_i_1/CO[3]
                         net (fo=1, routed)           0.000     8.837    u_uart_controller/u_uart_tx/r_baud_cnt_reg[0]_i_1_n_0
    SLICE_X2Y39          CARRY4 (Prop_carry4_CI_CO[3])
                                                      0.117     8.954 r  u_uart_controller/u_uart_tx/r_baud_cnt_reg[4]_i_1/CO[3]
                         net (fo=1, routed)           0.000     8.954    u_uart_controller/u_uart_tx/r_baud_cnt_reg[4]_i_1_n_0
    SLICE_X2Y40          CARRY4 (Prop_carry4_CI_O[2])
                                                      0.239     9.193 r  u_uart_controller/u_uart_tx/r_baud_cnt_reg[8]_i_1/O[2]
                         net (fo=1, routed)           0.000     9.193    u_uart_controller/u_uart_tx/r_baud_cnt_reg[8]_i_1_n_5
    SLICE_X2Y40          FDCE                                         r  u_uart_controller/u_uart_tx/r_baud_cnt_reg[10]/D
  -------------------------------------------------------------------    -------------------

                         (clock sys_clk_pin rise edge)
                                                     10.000    10.000 r  
    W5                                                0.000    10.000 r  clk (IN)
                         net (fo=0)                   0.000    10.000    clk
    W5                   IBUF (Prop_ibuf_I_O)         1.388    11.388 r  clk_IBUF_inst/O
                         net (fo=1, routed)           1.862    13.250    clk_IBUF
    BUFGCTRL_X0Y0        BUFG (Prop_bufg_I_O)         0.091    13.341 r  clk_IBUF_BUFG_inst/O
                         net (fo=65, routed)          1.517    14.858    u_uart_controller/u_uart_tx/CLK
    SLICE_X2Y40          FDCE                                         r  u_uart_controller/u_uart_tx/r_baud_cnt_reg[10]/C
                         clock pessimism              0.299    15.157    
                         clock uncertainty           -0.035    15.122    
    SLICE_X2Y40          FDCE (Setup_fdce_C_D)        0.109    15.231    u_uart_controller/u_uart_tx/r_baud_cnt_reg[10]
  -------------------------------------------------------------------
                         required time                         15.231    
                         arrival time                          -9.193    
  -------------------------------------------------------------------
                         slack                                  6.038    

Slack (MET) :             6.046ns  (required time - arrival time)
  Source:                 u_uart_controller/u_uart_tx/r_baud_cnt_reg[8]/C
                            (rising edge-triggered cell FDCE clocked by sys_clk_pin  {rise@0.000ns fall@5.000ns period=10.000ns})
  Destination:            u_uart_controller/u_uart_tx/r_baud_cnt_reg[5]/D
                            (rising edge-triggered cell FDCE clocked by sys_clk_pin  {rise@0.000ns fall@5.000ns period=10.000ns})
  Path Group:             sys_clk_pin
  Path Type:              Setup (Max at Slow Process Corner)
  Requirement:            10.000ns  (sys_clk_pin rise@10.000ns - sys_clk_pin rise@0.000ns)
  Data Path Delay:        4.003ns  (logic 1.763ns (44.045%)  route 2.240ns (55.955%))
  Logic Levels:           5  (CARRY4=2 LUT4=1 LUT5=1 LUT6=1)
  Clock Path Skew:        -0.025ns (DCD - SCD + CPR)
    Destination Clock Delay (DCD):    4.858ns = ( 14.858 - 10.000 ) 
    Source Clock Delay      (SCD):    5.157ns
    Clock Pessimism Removal (CPR):    0.274ns
  Clock Uncertainty:      0.035ns  ((TSJ^2 + TIJ^2)^1/2 + DJ) / 2 + PE
    Total System Jitter     (TSJ):    0.071ns
    Total Input Jitter      (TIJ):    0.000ns
    Discrete Jitter          (DJ):    0.000ns
    Phase Error              (PE):    0.000ns

    Location             Delay type                Incr(ns)  Path(ns)    Netlist Resource(s)
  -------------------------------------------------------------------    -------------------
                         (clock sys_clk_pin rise edge)
                                                      0.000     0.000 r  
    W5                                                0.000     0.000 r  clk (IN)
                         net (fo=0)                   0.000     0.000    clk
    W5                   IBUF (Prop_ibuf_I_O)         1.458     1.458 r  clk_IBUF_inst/O
                         net (fo=1, routed)           1.967     3.425    clk_IBUF
    BUFGCTRL_X0Y0        BUFG (Prop_bufg_I_O)         0.096     3.521 r  clk_IBUF_BUFG_inst/O
                         net (fo=65, routed)          1.636     5.157    u_uart_controller/u_uart_tx/CLK
    SLICE_X2Y40          FDCE                                         r  u_uart_controller/u_uart_tx/r_baud_cnt_reg[8]/C
  -------------------------------------------------------------------    -------------------
    SLICE_X2Y40          FDCE (Prop_fdce_C_Q)         0.518     5.675 f  u_uart_controller/u_uart_tx/r_baud_cnt_reg[8]/Q
                         net (fo=2, routed)           0.800     6.476    u_uart_controller/u_uart_tx/r_baud_cnt_reg[8]
    SLICE_X1Y40          LUT4 (Prop_lut4_I0_O)        0.124     6.600 r  u_uart_controller/u_uart_tx/r_baud_tick_i_3/O
                         net (fo=1, routed)           0.629     7.229    u_uart_controller/u_uart_tx/r_baud_tick_i_3_n_0
    SLICE_X3Y39          LUT5 (Prop_lut5_I0_O)        0.124     7.353 r  u_uart_controller/u_uart_tx/r_baud_tick_i_2/O
                         net (fo=16, routed)          0.479     7.831    u_uart_controller/u_uart_tx/r_baud_tick_i_2_n_0
    SLICE_X3Y38          LUT6 (Prop_lut6_I4_O)        0.124     7.955 r  u_uart_controller/u_uart_tx/r_baud_cnt[0]_i_2/O
                         net (fo=1, routed)           0.332     8.287    u_uart_controller/u_uart_tx/r_baud_cnt[0]_i_2_n_0
    SLICE_X2Y38          CARRY4 (Prop_carry4_DI[0]_CO[3])
                                                      0.550     8.837 r  u_uart_controller/u_uart_tx/r_baud_cnt_reg[0]_i_1/CO[3]
                         net (fo=1, routed)           0.000     8.837    u_uart_controller/u_uart_tx/r_baud_cnt_reg[0]_i_1_n_0
    SLICE_X2Y39          CARRY4 (Prop_carry4_CI_O[1])
                                                      0.323     9.160 r  u_uart_controller/u_uart_tx/r_baud_cnt_reg[4]_i_1/O[1]
                         net (fo=1, routed)           0.000     9.160    u_uart_controller/u_uart_tx/r_baud_cnt_reg[4]_i_1_n_6
    SLICE_X2Y39          FDCE                                         r  u_uart_controller/u_uart_tx/r_baud_cnt_reg[5]/D
  -------------------------------------------------------------------    -------------------

                         (clock sys_clk_pin rise edge)
                                                     10.000    10.000 r  
    W5                                                0.000    10.000 r  clk (IN)
                         net (fo=0)                   0.000    10.000    clk
    W5                   IBUF (Prop_ibuf_I_O)         1.388    11.388 r  clk_IBUF_inst/O
                         net (fo=1, routed)           1.862    13.250    clk_IBUF
    BUFGCTRL_X0Y0        BUFG (Prop_bufg_I_O)         0.091    13.341 r  clk_IBUF_BUFG_inst/O
                         net (fo=65, routed)          1.517    14.858    u_uart_controller/u_uart_tx/CLK
    SLICE_X2Y39          FDCE                                         r  u_uart_controller/u_uart_tx/r_baud_cnt_reg[5]/C
                         clock pessimism              0.274    15.132    
                         clock uncertainty           -0.035    15.097    
    SLICE_X2Y39          FDCE (Setup_fdce_C_D)        0.109    15.206    u_uart_controller/u_uart_tx/r_baud_cnt_reg[5]
  -------------------------------------------------------------------
                         required time                         15.206    
                         arrival time                          -9.160    
  -------------------------------------------------------------------
                         slack                                  6.046    

Slack (MET) :             6.054ns  (required time - arrival time)
  Source:                 u_uart_controller/u_uart_tx/r_baud_cnt_reg[8]/C
                            (rising edge-triggered cell FDCE clocked by sys_clk_pin  {rise@0.000ns fall@5.000ns period=10.000ns})
  Destination:            u_uart_controller/u_uart_tx/r_baud_cnt_reg[7]/D
                            (rising edge-triggered cell FDCE clocked by sys_clk_pin  {rise@0.000ns fall@5.000ns period=10.000ns})
  Path Group:             sys_clk_pin
  Path Type:              Setup (Max at Slow Process Corner)
  Requirement:            10.000ns  (sys_clk_pin rise@10.000ns - sys_clk_pin rise@0.000ns)
  Data Path Delay:        3.995ns  (logic 1.755ns (43.933%)  route 2.240ns (56.067%))
  Logic Levels:           5  (CARRY4=2 LUT4=1 LUT5=1 LUT6=1)
  Clock Path Skew:        -0.025ns (DCD - SCD + CPR)
    Destination Clock Delay (DCD):    4.858ns = ( 14.858 - 10.000 ) 
    Source Clock Delay      (SCD):    5.157ns
    Clock Pessimism Removal (CPR):    0.274ns
  Clock Uncertainty:      0.035ns  ((TSJ^2 + TIJ^2)^1/2 + DJ) / 2 + PE
    Total System Jitter     (TSJ):    0.071ns
    Total Input Jitter      (TIJ):    0.000ns
    Discrete Jitter          (DJ):    0.000ns
    Phase Error              (PE):    0.000ns

    Location             Delay type                Incr(ns)  Path(ns)    Netlist Resource(s)
  -------------------------------------------------------------------    -------------------
                         (clock sys_clk_pin rise edge)
                                                      0.000     0.000 r  
    W5                                                0.000     0.000 r  clk (IN)
                         net (fo=0)                   0.000     0.000    clk
    W5                   IBUF (Prop_ibuf_I_O)         1.458     1.458 r  clk_IBUF_inst/O
                         net (fo=1, routed)           1.967     3.425    clk_IBUF
    BUFGCTRL_X0Y0        BUFG (Prop_bufg_I_O)         0.096     3.521 r  clk_IBUF_BUFG_inst/O
                         net (fo=65, routed)          1.636     5.157    u_uart_controller/u_uart_tx/CLK
    SLICE_X2Y40          FDCE                                         r  u_uart_controller/u_uart_tx/r_baud_cnt_reg[8]/C
  -------------------------------------------------------------------    -------------------
    SLICE_X2Y40          FDCE (Prop_fdce_C_Q)         0.518     5.675 f  u_uart_controller/u_uart_tx/r_baud_cnt_reg[8]/Q
                         net (fo=2, routed)           0.800     6.476    u_uart_controller/u_uart_tx/r_baud_cnt_reg[8]
    SLICE_X1Y40          LUT4 (Prop_lut4_I0_O)        0.124     6.600 r  u_uart_controller/u_uart_tx/r_baud_tick_i_3/O
                         net (fo=1, routed)           0.629     7.229    u_uart_controller/u_uart_tx/r_baud_tick_i_3_n_0
    SLICE_X3Y39          LUT5 (Prop_lut5_I0_O)        0.124     7.353 r  u_uart_controller/u_uart_tx/r_baud_tick_i_2/O
                         net (fo=16, routed)          0.479     7.831    u_uart_controller/u_uart_tx/r_baud_tick_i_2_n_0
    SLICE_X3Y38          LUT6 (Prop_lut6_I4_O)        0.124     7.955 r  u_uart_controller/u_uart_tx/r_baud_cnt[0]_i_2/O
                         net (fo=1, routed)           0.332     8.287    u_uart_controller/u_uart_tx/r_baud_cnt[0]_i_2_n_0
    SLICE_X2Y38          CARRY4 (Prop_carry4_DI[0]_CO[3])
                                                      0.550     8.837 r  u_uart_controller/u_uart_tx/r_baud_cnt_reg[0]_i_1/CO[3]
                         net (fo=1, routed)           0.000     8.837    u_uart_controller/u_uart_tx/r_baud_cnt_reg[0]_i_1_n_0
    SLICE_X2Y39          CARRY4 (Prop_carry4_CI_O[3])
                                                      0.315     9.152 r  u_uart_controller/u_uart_tx/r_baud_cnt_reg[4]_i_1/O[3]
                         net (fo=1, routed)           0.000     9.152    u_uart_controller/u_uart_tx/r_baud_cnt_reg[4]_i_1_n_4
    SLICE_X2Y39          FDCE                                         r  u_uart_controller/u_uart_tx/r_baud_cnt_reg[7]/D
  -------------------------------------------------------------------    -------------------

                         (clock sys_clk_pin rise edge)
                                                     10.000    10.000 r  
    W5                                                0.000    10.000 r  clk (IN)
                         net (fo=0)                   0.000    10.000    clk
    W5                   IBUF (Prop_ibuf_I_O)         1.388    11.388 r  clk_IBUF_inst/O
                         net (fo=1, routed)           1.862    13.250    clk_IBUF
    BUFGCTRL_X0Y0        BUFG (Prop_bufg_I_O)         0.091    13.341 r  clk_IBUF_BUFG_inst/O
                         net (fo=65, routed)          1.517    14.858    u_uart_controller/u_uart_tx/CLK
    SLICE_X2Y39          FDCE                                         r  u_uart_controller/u_uart_tx/r_baud_cnt_reg[7]/C
                         clock pessimism              0.274    15.132    
                         clock uncertainty           -0.035    15.097    
    SLICE_X2Y39          FDCE (Setup_fdce_C_D)        0.109    15.206    u_uart_controller/u_uart_tx/r_baud_cnt_reg[7]
  -------------------------------------------------------------------
                         required time                         15.206    
                         arrival time                          -9.152    
  -------------------------------------------------------------------
                         slack                                  6.054    

Slack (MET) :             6.058ns  (required time - arrival time)
  Source:                 u_uart_controller/u_uart_tx/r_baud_cnt_reg[8]/C
                            (rising edge-triggered cell FDCE clocked by sys_clk_pin  {rise@0.000ns fall@5.000ns period=10.000ns})
  Destination:            u_uart_controller/u_uart_tx/r_baud_cnt_reg[8]/D
                            (rising edge-triggered cell FDCE clocked by sys_clk_pin  {rise@0.000ns fall@5.000ns period=10.000ns})
  Path Group:             sys_clk_pin
  Path Type:              Setup (Max at Slow Process Corner)
  Requirement:            10.000ns  (sys_clk_pin rise@10.000ns - sys_clk_pin rise@0.000ns)
  Data Path Delay:        4.016ns  (logic 1.776ns (44.226%)  route 2.240ns (55.774%))
  Logic Levels:           6  (CARRY4=3 LUT4=1 LUT5=1 LUT6=1)
  Clock Path Skew:        0.000ns (DCD - SCD + CPR)
    Destination Clock Delay (DCD):    4.858ns = ( 14.858 - 10.000 ) 
    Source Clock Delay      (SCD):    5.157ns
    Clock Pessimism Removal (CPR):    0.299ns
  Clock Uncertainty:      0.035ns  ((TSJ^2 + TIJ^2)^1/2 + DJ) / 2 + PE
    Total System Jitter     (TSJ):    0.071ns
    Total Input Jitter      (TIJ):    0.000ns
    Discrete Jitter          (DJ):    0.000ns
    Phase Error              (PE):    0.000ns

    Location             Delay type                Incr(ns)  Path(ns)    Netlist Resource(s)
  -------------------------------------------------------------------    -------------------
                         (clock sys_clk_pin rise edge)
                                                      0.000     0.000 r  
    W5                                                0.000     0.000 r  clk (IN)
                         net (fo=0)                   0.000     0.000    clk
    W5                   IBUF (Prop_ibuf_I_O)         1.458     1.458 r  clk_IBUF_inst/O
                         net (fo=1, routed)           1.967     3.425    clk_IBUF
    BUFGCTRL_X0Y0        BUFG (Prop_bufg_I_O)         0.096     3.521 r  clk_IBUF_BUFG_inst/O
                         net (fo=65, routed)          1.636     5.157    u_uart_controller/u_uart_tx/CLK
    SLICE_X2Y40          FDCE                                         r  u_uart_controller/u_uart_tx/r_baud_cnt_reg[8]/C
  -------------------------------------------------------------------    -------------------
    SLICE_X2Y40          FDCE (Prop_fdce_C_Q)         0.518     5.675 f  u_uart_controller/u_uart_tx/r_baud_cnt_reg[8]/Q
                         net (fo=2, routed)           0.800     6.476    u_uart_controller/u_uart_tx/r_baud_cnt_reg[8]
    SLICE_X1Y40          LUT4 (Prop_lut4_I0_O)        0.124     6.600 r  u_uart_controller/u_uart_tx/r_baud_tick_i_3/O
                         net (fo=1, routed)           0.629     7.229    u_uart_controller/u_uart_tx/r_baud_tick_i_3_n_0
    SLICE_X3Y39          LUT5 (Prop_lut5_I0_O)        0.124     7.353 r  u_uart_controller/u_uart_tx/r_baud_tick_i_2/O
                         net (fo=16, routed)          0.479     7.831    u_uart_controller/u_uart_tx/r_baud_tick_i_2_n_0
    SLICE_X3Y38          LUT6 (Prop_lut6_I4_O)        0.124     7.955 r  u_uart_controller/u_uart_tx/r_baud_cnt[0]_i_2/O
                         net (fo=1, routed)           0.332     8.287    u_uart_controller/u_uart_tx/r_baud_cnt[0]_i_2_n_0
    SLICE_X2Y38          CARRY4 (Prop_carry4_DI[0]_CO[3])
                                                      0.550     8.837 r  u_uart_controller/u_uart_tx/r_baud_cnt_reg[0]_i_1/CO[3]
                         net (fo=1, routed)           0.000     8.837    u_uart_controller/u_uart_tx/r_baud_cnt_reg[0]_i_1_n_0
    SLICE_X2Y39          CARRY4 (Prop_carry4_CI_CO[3])
                                                      0.117     8.954 r  u_uart_controller/u_uart_tx/r_baud_cnt_reg[4]_i_1/CO[3]
                         net (fo=1, routed)           0.000     8.954    u_uart_controller/u_uart_tx/r_baud_cnt_reg[4]_i_1_n_0
    SLICE_X2Y40          CARRY4 (Prop_carry4_CI_O[0])
                                                      0.219     9.173 r  u_uart_controller/u_uart_tx/r_baud_cnt_reg[8]_i_1/O[0]
                         net (fo=1, routed)           0.000     9.173    u_uart_controller/u_uart_tx/r_baud_cnt_reg[8]_i_1_n_7
    SLICE_X2Y40          FDCE                                         r  u_uart_controller/u_uart_tx/r_baud_cnt_reg[8]/D
  -------------------------------------------------------------------    -------------------

                         (clock sys_clk_pin rise edge)
                                                     10.000    10.000 r  
    W5                                                0.000    10.000 r  clk (IN)
                         net (fo=0)                   0.000    10.000    clk
    W5                   IBUF (Prop_ibuf_I_O)         1.388    11.388 r  clk_IBUF_inst/O
                         net (fo=1, routed)           1.862    13.250    clk_IBUF
    BUFGCTRL_X0Y0        BUFG (Prop_bufg_I_O)         0.091    13.341 r  clk_IBUF_BUFG_inst/O
                         net (fo=65, routed)          1.517    14.858    u_uart_controller/u_uart_tx/CLK
    SLICE_X2Y40          FDCE                                         r  u_uart_controller/u_uart_tx/r_baud_cnt_reg[8]/C
                         clock pessimism              0.299    15.157    
                         clock uncertainty           -0.035    15.122    
    SLICE_X2Y40          FDCE (Setup_fdce_C_D)        0.109    15.231    u_uart_controller/u_uart_tx/r_baud_cnt_reg[8]
  -------------------------------------------------------------------
                         required time                         15.231    
                         arrival time                          -9.173    
  -------------------------------------------------------------------
                         slack                                  6.058    

Slack (MET) :             6.130ns  (required time - arrival time)
  Source:                 u_uart_controller/u_uart_tx/r_baud_cnt_reg[8]/C
                            (rising edge-triggered cell FDCE clocked by sys_clk_pin  {rise@0.000ns fall@5.000ns period=10.000ns})
  Destination:            u_uart_controller/u_uart_tx/r_baud_cnt_reg[6]/D
                            (rising edge-triggered cell FDCE clocked by sys_clk_pin  {rise@0.000ns fall@5.000ns period=10.000ns})
  Path Group:             sys_clk_pin
  Path Type:              Setup (Max at Slow Process Corner)
  Requirement:            10.000ns  (sys_clk_pin rise@10.000ns - sys_clk_pin rise@0.000ns)
  Data Path Delay:        3.919ns  (logic 1.679ns (42.845%)  route 2.240ns (57.155%))
  Logic Levels:           5  (CARRY4=2 LUT4=1 LUT5=1 LUT6=1)
  Clock Path Skew:        -0.025ns (DCD - SCD + CPR)
    Destination Clock Delay (DCD):    4.858ns = ( 14.858 - 10.000 ) 
    Source Clock Delay      (SCD):    5.157ns
    Clock Pessimism Removal (CPR):    0.274ns
  Clock Uncertainty:      0.035ns  ((TSJ^2 + TIJ^2)^1/2 + DJ) / 2 + PE
    Total System Jitter     (TSJ):    0.071ns
    Total Input Jitter      (TIJ):    0.000ns
    Discrete Jitter          (DJ):    0.000ns
    Phase Error              (PE):    0.000ns

    Location             Delay type                Incr(ns)  Path(ns)    Netlist Resource(s)
  -------------------------------------------------------------------    -------------------
                         (clock sys_clk_pin rise edge)
                                                      0.000     0.000 r  
    W5                                                0.000     0.000 r  clk (IN)
                         net (fo=0)                   0.000     0.000    clk
    W5                   IBUF (Prop_ibuf_I_O)         1.458     1.458 r  clk_IBUF_inst/O
                         net (fo=1, routed)           1.967     3.425    clk_IBUF
    BUFGCTRL_X0Y0        BUFG (Prop_bufg_I_O)         0.096     3.521 r  clk_IBUF_BUFG_inst/O
                         net (fo=65, routed)          1.636     5.157    u_uart_controller/u_uart_tx/CLK
    SLICE_X2Y40          FDCE                                         r  u_uart_controller/u_uart_tx/r_baud_cnt_reg[8]/C
  -------------------------------------------------------------------    -------------------
    SLICE_X2Y40          FDCE (Prop_fdce_C_Q)         0.518     5.675 f  u_uart_controller/u_uart_tx/r_baud_cnt_reg[8]/Q
                         net (fo=2, routed)           0.800     6.476    u_uart_controller/u_uart_tx/r_baud_cnt_reg[8]
    SLICE_X1Y40          LUT4 (Prop_lut4_I0_O)        0.124     6.600 r  u_uart_controller/u_uart_tx/r_baud_tick_i_3/O
                         net (fo=1, routed)           0.629     7.229    u_uart_controller/u_uart_tx/r_baud_tick_i_3_n_0
    SLICE_X3Y39          LUT5 (Prop_lut5_I0_O)        0.124     7.353 r  u_uart_controller/u_uart_tx/r_baud_tick_i_2/O
                         net (fo=16, routed)          0.479     7.831    u_uart_controller/u_uart_tx/r_baud_tick_i_2_n_0
    SLICE_X3Y38          LUT6 (Prop_lut6_I4_O)        0.124     7.955 r  u_uart_controller/u_uart_tx/r_baud_cnt[0]_i_2/O
                         net (fo=1, routed)           0.332     8.287    u_uart_controller/u_uart_tx/r_baud_cnt[0]_i_2_n_0
    SLICE_X2Y38          CARRY4 (Prop_carry4_DI[0]_CO[3])
                                                      0.550     8.837 r  u_uart_controller/u_uart_tx/r_baud_cnt_reg[0]_i_1/CO[3]
                         net (fo=1, routed)           0.000     8.837    u_uart_controller/u_uart_tx/r_baud_cnt_reg[0]_i_1_n_0
    SLICE_X2Y39          CARRY4 (Prop_carry4_CI_O[2])
                                                      0.239     9.076 r  u_uart_controller/u_uart_tx/r_baud_cnt_reg[4]_i_1/O[2]
                         net (fo=1, routed)           0.000     9.076    u_uart_controller/u_uart_tx/r_baud_cnt_reg[4]_i_1_n_5
    SLICE_X2Y39          FDCE                                         r  u_uart_controller/u_uart_tx/r_baud_cnt_reg[6]/D
  -------------------------------------------------------------------    -------------------

                         (clock sys_clk_pin rise edge)
                                                     10.000    10.000 r  
    W5                                                0.000    10.000 r  clk (IN)
                         net (fo=0)                   0.000    10.000    clk
    W5                   IBUF (Prop_ibuf_I_O)         1.388    11.388 r  clk_IBUF_inst/O
                         net (fo=1, routed)           1.862    13.250    clk_IBUF
    BUFGCTRL_X0Y0        BUFG (Prop_bufg_I_O)         0.091    13.341 r  clk_IBUF_BUFG_inst/O
                         net (fo=65, routed)          1.517    14.858    u_uart_controller/u_uart_tx/CLK
    SLICE_X2Y39          FDCE                                         r  u_uart_controller/u_uart_tx/r_baud_cnt_reg[6]/C
                         clock pessimism              0.274    15.132    
                         clock uncertainty           -0.035    15.097    
    SLICE_X2Y39          FDCE (Setup_fdce_C_D)        0.109    15.206    u_uart_controller/u_uart_tx/r_baud_cnt_reg[6]
  -------------------------------------------------------------------
                         required time                         15.206    
                         arrival time                          -9.076    
  -------------------------------------------------------------------
                         slack                                  6.130    





Min Delay Paths
--------------------------------------------------------------------------------------
Slack (MET) :             0.159ns  (arrival time - required time)
  Source:                 u_uart_controller/u_start_gen/ff1_reg/C
                            (rising edge-triggered cell FDCE clocked by sys_clk_pin  {rise@0.000ns fall@5.000ns period=10.000ns})
  Destination:            u_uart_controller/u_start_gen/ff2_reg/D
                            (rising edge-triggered cell FDCE clocked by sys_clk_pin  {rise@0.000ns fall@5.000ns period=10.000ns})
  Path Group:             sys_clk_pin
  Path Type:              Hold (Min at Fast Process Corner)
  Requirement:            0.000ns  (sys_clk_pin rise@0.000ns - sys_clk_pin rise@0.000ns)
  Data Path Delay:        0.250ns  (logic 0.141ns (56.390%)  route 0.109ns (43.610%))
  Logic Levels:           0  
  Clock Path Skew:        0.016ns (DCD - SCD - CPR)
    Destination Clock Delay (DCD):    1.992ns
    Source Clock Delay      (SCD):    1.477ns
    Clock Pessimism Removal (CPR):    0.499ns

    Location             Delay type                Incr(ns)  Path(ns)    Netlist Resource(s)
  -------------------------------------------------------------------    -------------------
                         (clock sys_clk_pin rise edge)
                                                      0.000     0.000 r  
    W5                                                0.000     0.000 r  clk (IN)
                         net (fo=0)                   0.000     0.000    clk
    W5                   IBUF (Prop_ibuf_I_O)         0.226     0.226 r  clk_IBUF_inst/O
                         net (fo=1, routed)           0.631     0.858    clk_IBUF
    BUFGCTRL_X0Y0        BUFG (Prop_bufg_I_O)         0.026     0.884 r  clk_IBUF_BUFG_inst/O
                         net (fo=65, routed)          0.594     1.477    u_uart_controller/u_start_gen/CLK
    SLICE_X3Y40          FDCE                                         r  u_uart_controller/u_start_gen/ff1_reg/C
  -------------------------------------------------------------------    -------------------
    SLICE_X3Y40          FDCE (Prop_fdce_C_Q)         0.141     1.618 r  u_uart_controller/u_start_gen/ff1_reg/Q
                         net (fo=2, routed)           0.109     1.727    u_uart_controller/u_start_gen/ff1
    SLICE_X1Y40          FDCE                                         r  u_uart_controller/u_start_gen/ff2_reg/D
  -------------------------------------------------------------------    -------------------

                         (clock sys_clk_pin rise edge)
                                                      0.000     0.000 r  
    W5                                                0.000     0.000 r  clk (IN)
                         net (fo=0)                   0.000     0.000    clk
    W5                   IBUF (Prop_ibuf_I_O)         0.414     0.414 r  clk_IBUF_inst/O
                         net (fo=1, routed)           0.685     1.099    clk_IBUF
    BUFGCTRL_X0Y0        BUFG (Prop_bufg_I_O)         0.029     1.128 r  clk_IBUF_BUFG_inst/O
                         net (fo=65, routed)          0.865     1.992    u_uart_controller/u_start_gen/CLK
    SLICE_X1Y40          FDCE                                         r  u_uart_controller/u_start_gen/ff2_reg/C
                         clock pessimism             -0.499     1.493    
    SLICE_X1Y40          FDCE (Hold_fdce_C_D)         0.075     1.568    u_uart_controller/u_start_gen/ff2_reg
  -------------------------------------------------------------------
                         required time                         -1.568    
                         arrival time                           1.727    
  -------------------------------------------------------------------
                         slack                                  0.159    

Slack (MET) :             0.173ns  (arrival time - required time)
  Source:                 u_uart_controller/u_data_sender/tx_data_reg[3]/C
                            (rising edge-triggered cell FDRE clocked by sys_clk_pin  {rise@0.000ns fall@5.000ns period=10.000ns})
  Destination:            u_uart_controller/u_uart_tx/r_data_reg[3]/D
                            (rising edge-triggered cell FDCE clocked by sys_clk_pin  {rise@0.000ns fall@5.000ns period=10.000ns})
  Path Group:             sys_clk_pin
  Path Type:              Hold (Min at Fast Process Corner)
  Requirement:            0.000ns  (sys_clk_pin rise@0.000ns - sys_clk_pin rise@0.000ns)
  Data Path Delay:        0.254ns  (logic 0.141ns (55.549%)  route 0.113ns (44.451%))
  Logic Levels:           0  
  Clock Path Skew:        0.015ns (DCD - SCD - CPR)
    Destination Clock Delay (DCD):    1.988ns
    Source Clock Delay      (SCD):    1.474ns
    Clock Pessimism Removal (CPR):    0.499ns

    Location             Delay type                Incr(ns)  Path(ns)    Netlist Resource(s)
  -------------------------------------------------------------------    -------------------
                         (clock sys_clk_pin rise edge)
                                                      0.000     0.000 r  
    W5                                                0.000     0.000 r  clk (IN)
                         net (fo=0)                   0.000     0.000    clk
    W5                   IBUF (Prop_ibuf_I_O)         0.226     0.226 r  clk_IBUF_inst/O
                         net (fo=1, routed)           0.631     0.858    clk_IBUF
    BUFGCTRL_X0Y0        BUFG (Prop_bufg_I_O)         0.026     0.884 r  clk_IBUF_BUFG_inst/O
                         net (fo=65, routed)          0.591     1.474    u_uart_controller/u_data_sender/CLK
    SLICE_X0Y35          FDRE                                         r  u_uart_controller/u_data_sender/tx_data_reg[3]/C
  -------------------------------------------------------------------    -------------------
    SLICE_X0Y35          FDRE (Prop_fdre_C_Q)         0.141     1.615 r  u_uart_controller/u_data_sender/tx_data_reg[3]/Q
                         net (fo=1, routed)           0.113     1.728    u_uart_controller/u_uart_tx/D[3]
    SLICE_X1Y36          FDCE                                         r  u_uart_controller/u_uart_tx/r_data_reg[3]/D
  -------------------------------------------------------------------    -------------------

                         (clock sys_clk_pin rise edge)
                                                      0.000     0.000 r  
    W5                                                0.000     0.000 r  clk (IN)
                         net (fo=0)                   0.000     0.000    clk
    W5                   IBUF (Prop_ibuf_I_O)         0.414     0.414 r  clk_IBUF_inst/O
                         net (fo=1, routed)           0.685     1.099    clk_IBUF
    BUFGCTRL_X0Y0        BUFG (Prop_bufg_I_O)         0.029     1.128 r  clk_IBUF_BUFG_inst/O
                         net (fo=65, routed)          0.861     1.988    u_uart_controller/u_uart_tx/CLK
    SLICE_X1Y36          FDCE                                         r  u_uart_controller/u_uart_tx/r_data_reg[3]/C
                         clock pessimism             -0.499     1.489    
    SLICE_X1Y36          FDCE (Hold_fdce_C_D)         0.066     1.555    u_uart_controller/u_uart_tx/r_data_reg[3]
  -------------------------------------------------------------------
                         required time                         -1.555    
                         arrival time                           1.728    
  -------------------------------------------------------------------
                         slack                                  0.173    

Slack (MET) :             0.177ns  (arrival time - required time)
  Source:                 u_uart_controller/u_uart_tx/FSM_sequential_r_state_reg[0]/C
                            (rising edge-triggered cell FDCE clocked by sys_clk_pin  {rise@0.000ns fall@5.000ns period=10.000ns})
  Destination:            u_uart_controller/u_uart_tx/tx_busy_reg/D
                            (rising edge-triggered cell FDCE clocked by sys_clk_pin  {rise@0.000ns fall@5.000ns period=10.000ns})
  Path Group:             sys_clk_pin
  Path Type:              Hold (Min at Fast Process Corner)
  Requirement:            0.000ns  (sys_clk_pin rise@0.000ns - sys_clk_pin rise@0.000ns)
  Data Path Delay:        0.311ns  (logic 0.186ns (59.721%)  route 0.125ns (40.279%))
  Logic Levels:           1  (LUT5=1)
  Clock Path Skew:        0.013ns (DCD - SCD - CPR)
    Destination Clock Delay (DCD):    1.989ns
    Source Clock Delay      (SCD):    1.475ns
    Clock Pessimism Removal (CPR):    0.501ns

    Location             Delay type                Incr(ns)  Path(ns)    Netlist Resource(s)
  -------------------------------------------------------------------    -------------------
                         (clock sys_clk_pin rise edge)
                                                      0.000     0.000 r  
    W5                                                0.000     0.000 r  clk (IN)
                         net (fo=0)                   0.000     0.000    clk
    W5                   IBUF (Prop_ibuf_I_O)         0.226     0.226 r  clk_IBUF_inst/O
                         net (fo=1, routed)           0.631     0.858    clk_IBUF
    BUFGCTRL_X0Y0        BUFG (Prop_bufg_I_O)         0.026     0.884 r  clk_IBUF_BUFG_inst/O
                         net (fo=65, routed)          0.592     1.475    u_uart_controller/u_uart_tx/CLK
    SLICE_X3Y37          FDCE                                         r  u_uart_controller/u_uart_tx/FSM_sequential_r_state_reg[0]/C
  -------------------------------------------------------------------    -------------------
    SLICE_X3Y37          FDCE (Prop_fdce_C_Q)         0.141     1.616 f  u_uart_controller/u_uart_tx/FSM_sequential_r_state_reg[0]/Q
                         net (fo=7, routed)           0.125     1.742    u_uart_controller/u_uart_tx/r_state__0[0]
    SLICE_X2Y37          LUT5 (Prop_lut5_I1_O)        0.045     1.787 r  u_uart_controller/u_uart_tx/tx_busy_i_1/O
                         net (fo=1, routed)           0.000     1.787    u_uart_controller/u_uart_tx/tx_busy_i_1_n_0
    SLICE_X2Y37          FDCE                                         r  u_uart_controller/u_uart_tx/tx_busy_reg/D
  -------------------------------------------------------------------    -------------------

                         (clock sys_clk_pin rise edge)
                                                      0.000     0.000 r  
    W5                                                0.000     0.000 r  clk (IN)
                         net (fo=0)                   0.000     0.000    clk
    W5                   IBUF (Prop_ibuf_I_O)         0.414     0.414 r  clk_IBUF_inst/O
                         net (fo=1, routed)           0.685     1.099    clk_IBUF
    BUFGCTRL_X0Y0        BUFG (Prop_bufg_I_O)         0.029     1.128 r  clk_IBUF_BUFG_inst/O
                         net (fo=65, routed)          0.862     1.989    u_uart_controller/u_uart_tx/CLK
    SLICE_X2Y37          FDCE                                         r  u_uart_controller/u_uart_tx/tx_busy_reg/C
                         clock pessimism             -0.501     1.488    
    SLICE_X2Y37          FDCE (Hold_fdce_C_D)         0.121     1.609    u_uart_controller/u_uart_tx/tx_busy_reg
  -------------------------------------------------------------------
                         required time                         -1.609    
                         arrival time                           1.787    
  -------------------------------------------------------------------
                         slack                                  0.177    

Slack (MET) :             0.190ns  (arrival time - required time)
  Source:                 u_uart_controller/u_start_gen/ff2_reg/C
                            (rising edge-triggered cell FDCE clocked by sys_clk_pin  {rise@0.000ns fall@5.000ns period=10.000ns})
  Destination:            u_uart_controller/u_start_gen/start_trigger_reg/D
                            (rising edge-triggered cell FDCE clocked by sys_clk_pin  {rise@0.000ns fall@5.000ns period=10.000ns})
  Path Group:             sys_clk_pin
  Path Type:              Hold (Min at Fast Process Corner)
  Requirement:            0.000ns  (sys_clk_pin rise@0.000ns - sys_clk_pin rise@0.000ns)
  Data Path Delay:        0.281ns  (logic 0.227ns (80.665%)  route 0.054ns (19.335%))
  Logic Levels:           1  (LUT2=1)
  Clock Path Skew:        0.000ns (DCD - SCD - CPR)
    Destination Clock Delay (DCD):    1.992ns
    Source Clock Delay      (SCD):    1.477ns
    Clock Pessimism Removal (CPR):    0.515ns

    Location             Delay type                Incr(ns)  Path(ns)    Netlist Resource(s)
  -------------------------------------------------------------------    -------------------
                         (clock sys_clk_pin rise edge)
                                                      0.000     0.000 r  
    W5                                                0.000     0.000 r  clk (IN)
                         net (fo=0)                   0.000     0.000    clk
    W5                   IBUF (Prop_ibuf_I_O)         0.226     0.226 r  clk_IBUF_inst/O
                         net (fo=1, routed)           0.631     0.858    clk_IBUF
    BUFGCTRL_X0Y0        BUFG (Prop_bufg_I_O)         0.026     0.884 r  clk_IBUF_BUFG_inst/O
                         net (fo=65, routed)          0.594     1.477    u_uart_controller/u_start_gen/CLK
    SLICE_X1Y40          FDCE                                         r  u_uart_controller/u_start_gen/ff2_reg/C
  -------------------------------------------------------------------    -------------------
    SLICE_X1Y40          FDCE (Prop_fdce_C_Q)         0.128     1.605 f  u_uart_controller/u_start_gen/ff2_reg/Q
                         net (fo=1, routed)           0.054     1.660    u_uart_controller/u_start_gen/ff2
    SLICE_X1Y40          LUT2 (Prop_lut2_I1_O)        0.099     1.759 r  u_uart_controller/u_start_gen/start_trigger_i_1/O
                         net (fo=1, routed)           0.000     1.759    u_uart_controller/u_start_gen/start_trigger_i_1_n_0
    SLICE_X1Y40          FDCE                                         r  u_uart_controller/u_start_gen/start_trigger_reg/D
  -------------------------------------------------------------------    -------------------

                         (clock sys_clk_pin rise edge)
                                                      0.000     0.000 r  
    W5                                                0.000     0.000 r  clk (IN)
                         net (fo=0)                   0.000     0.000    clk
    W5                   IBUF (Prop_ibuf_I_O)         0.414     0.414 r  clk_IBUF_inst/O
                         net (fo=1, routed)           0.685     1.099    clk_IBUF
    BUFGCTRL_X0Y0        BUFG (Prop_bufg_I_O)         0.029     1.128 r  clk_IBUF_BUFG_inst/O
                         net (fo=65, routed)          0.865     1.992    u_uart_controller/u_start_gen/CLK
    SLICE_X1Y40          FDCE                                         r  u_uart_controller/u_start_gen/start_trigger_reg/C
                         clock pessimism             -0.515     1.477    
    SLICE_X1Y40          FDCE (Hold_fdce_C_D)         0.091     1.568    u_uart_controller/u_start_gen/start_trigger_reg
  -------------------------------------------------------------------
                         required time                         -1.568    
                         arrival time                           1.759    
  -------------------------------------------------------------------
                         slack                                  0.190    

Slack (MET) :             0.213ns  (arrival time - required time)
  Source:                 u_uart_controller/u_data_sender/tx_data_reg[0]/C
                            (rising edge-triggered cell FDRE clocked by sys_clk_pin  {rise@0.000ns fall@5.000ns period=10.000ns})
  Destination:            u_uart_controller/u_uart_tx/r_data_reg[0]/D
                            (rising edge-triggered cell FDCE clocked by sys_clk_pin  {rise@0.000ns fall@5.000ns period=10.000ns})
  Path Group:             sys_clk_pin
  Path Type:              Hold (Min at Fast Process Corner)
  Requirement:            0.000ns  (sys_clk_pin rise@0.000ns - sys_clk_pin rise@0.000ns)
  Data Path Delay:        0.298ns  (logic 0.141ns (47.361%)  route 0.157ns (52.639%))
  Logic Levels:           0  
  Clock Path Skew:        0.015ns (DCD - SCD - CPR)
    Destination Clock Delay (DCD):    1.988ns
    Source Clock Delay      (SCD):    1.474ns
    Clock Pessimism Removal (CPR):    0.499ns

    Location             Delay type                Incr(ns)  Path(ns)    Netlist Resource(s)
  -------------------------------------------------------------------    -------------------
                         (clock sys_clk_pin rise edge)
                                                      0.000     0.000 r  
    W5                                                0.000     0.000 r  clk (IN)
                         net (fo=0)                   0.000     0.000    clk
    W5                   IBUF (Prop_ibuf_I_O)         0.226     0.226 r  clk_IBUF_inst/O
                         net (fo=1, routed)           0.631     0.858    clk_IBUF
    BUFGCTRL_X0Y0        BUFG (Prop_bufg_I_O)         0.026     0.884 r  clk_IBUF_BUFG_inst/O
                         net (fo=65, routed)          0.591     1.474    u_uart_controller/u_data_sender/CLK
    SLICE_X0Y35          FDRE                                         r  u_uart_controller/u_data_sender/tx_data_reg[0]/C
  -------------------------------------------------------------------    -------------------
    SLICE_X0Y35          FDRE (Prop_fdre_C_Q)         0.141     1.615 r  u_uart_controller/u_data_sender/tx_data_reg[0]/Q
                         net (fo=1, routed)           0.157     1.772    u_uart_controller/u_uart_tx/D[0]
    SLICE_X3Y35          FDCE                                         r  u_uart_controller/u_uart_tx/r_data_reg[0]/D
  -------------------------------------------------------------------    -------------------

                         (clock sys_clk_pin rise edge)
                                                      0.000     0.000 r  
    W5                                                0.000     0.000 r  clk (IN)
                         net (fo=0)                   0.000     0.000    clk
    W5                   IBUF (Prop_ibuf_I_O)         0.414     0.414 r  clk_IBUF_inst/O
                         net (fo=1, routed)           0.685     1.099    clk_IBUF
    BUFGCTRL_X0Y0        BUFG (Prop_bufg_I_O)         0.029     1.128 r  clk_IBUF_BUFG_inst/O
                         net (fo=65, routed)          0.861     1.988    u_uart_controller/u_uart_tx/CLK
    SLICE_X3Y35          FDCE                                         r  u_uart_controller/u_uart_tx/r_data_reg[0]/C
                         clock pessimism             -0.499     1.489    
    SLICE_X3Y35          FDCE (Hold_fdce_C_D)         0.070     1.559    u_uart_controller/u_uart_tx/r_data_reg[0]
  -------------------------------------------------------------------
                         required time                         -1.559    
                         arrival time                           1.772    
  -------------------------------------------------------------------
                         slack                                  0.213    

Slack (MET) :             0.217ns  (arrival time - required time)
  Source:                 u_uart_controller/u_data_sender/tx_data_reg[7]/C
                            (rising edge-triggered cell FDRE clocked by sys_clk_pin  {rise@0.000ns fall@5.000ns period=10.000ns})
  Destination:            u_uart_controller/u_uart_tx/r_data_reg[7]/D
                            (rising edge-triggered cell FDCE clocked by sys_clk_pin  {rise@0.000ns fall@5.000ns period=10.000ns})
  Path Group:             sys_clk_pin
  Path Type:              Hold (Min at Fast Process Corner)
  Requirement:            0.000ns  (sys_clk_pin rise@0.000ns - sys_clk_pin rise@0.000ns)
  Data Path Delay:        0.295ns  (logic 0.141ns (47.774%)  route 0.154ns (52.226%))
  Logic Levels:           0  
  Clock Path Skew:        0.015ns (DCD - SCD - CPR)
    Destination Clock Delay (DCD):    1.988ns
    Source Clock Delay      (SCD):    1.474ns
    Clock Pessimism Removal (CPR):    0.499ns

    Location             Delay type                Incr(ns)  Path(ns)    Netlist Resource(s)
  -------------------------------------------------------------------    -------------------
                         (clock sys_clk_pin rise edge)
                                                      0.000     0.000 r  
    W5                                                0.000     0.000 r  clk (IN)
                         net (fo=0)                   0.000     0.000    clk
    W5                   IBUF (Prop_ibuf_I_O)         0.226     0.226 r  clk_IBUF_inst/O
                         net (fo=1, routed)           0.631     0.858    clk_IBUF
    BUFGCTRL_X0Y0        BUFG (Prop_bufg_I_O)         0.026     0.884 r  clk_IBUF_BUFG_inst/O
                         net (fo=65, routed)          0.591     1.474    u_uart_controller/u_data_sender/CLK
    SLICE_X1Y35          FDRE                                         r  u_uart_controller/u_data_sender/tx_data_reg[7]/C
  -------------------------------------------------------------------    -------------------
    SLICE_X1Y35          FDRE (Prop_fdre_C_Q)         0.141     1.615 r  u_uart_controller/u_data_sender/tx_data_reg[7]/Q
                         net (fo=1, routed)           0.154     1.769    u_uart_controller/u_uart_tx/D[7]
    SLICE_X2Y35          FDCE                                         r  u_uart_controller/u_uart_tx/r_data_reg[7]/D
  -------------------------------------------------------------------    -------------------

                         (clock sys_clk_pin rise edge)
                                                      0.000     0.000 r  
    W5                                                0.000     0.000 r  clk (IN)
                         net (fo=0)                   0.000     0.000    clk
    W5                   IBUF (Prop_ibuf_I_O)         0.414     0.414 r  clk_IBUF_inst/O
                         net (fo=1, routed)           0.685     1.099    clk_IBUF
    BUFGCTRL_X0Y0        BUFG (Prop_bufg_I_O)         0.029     1.128 r  clk_IBUF_BUFG_inst/O
                         net (fo=65, routed)          0.861     1.988    u_uart_controller/u_uart_tx/CLK
    SLICE_X2Y35          FDCE                                         r  u_uart_controller/u_uart_tx/r_data_reg[7]/C
                         clock pessimism             -0.499     1.489    
    SLICE_X2Y35          FDCE (Hold_fdce_C_D)         0.063     1.552    u_uart_controller/u_uart_tx/r_data_reg[7]
  -------------------------------------------------------------------
                         required time                         -1.552    
                         arrival time                           1.769    
  -------------------------------------------------------------------
                         slack                                  0.217    

Slack (MET) :             0.227ns  (arrival time - required time)
  Source:                 u_uart_controller/u_data_sender/tx_data_reg[5]/C
                            (rising edge-triggered cell FDRE clocked by sys_clk_pin  {rise@0.000ns fall@5.000ns period=10.000ns})
  Destination:            u_uart_controller/u_uart_tx/r_data_reg[5]/D
                            (rising edge-triggered cell FDCE clocked by sys_clk_pin  {rise@0.000ns fall@5.000ns period=10.000ns})
  Path Group:             sys_clk_pin
  Path Type:              Hold (Min at Fast Process Corner)
  Requirement:            0.000ns  (sys_clk_pin rise@0.000ns - sys_clk_pin rise@0.000ns)
  Data Path Delay:        0.294ns  (logic 0.141ns (47.936%)  route 0.153ns (52.064%))
  Logic Levels:           0  
  Clock Path Skew:        0.015ns (DCD - SCD - CPR)
    Destination Clock Delay (DCD):    1.988ns
    Source Clock Delay      (SCD):    1.474ns
    Clock Pessimism Removal (CPR):    0.499ns

    Location             Delay type                Incr(ns)  Path(ns)    Netlist Resource(s)
  -------------------------------------------------------------------    -------------------
                         (clock sys_clk_pin rise edge)
                                                      0.000     0.000 r  
    W5                                                0.000     0.000 r  clk (IN)
                         net (fo=0)                   0.000     0.000    clk
    W5                   IBUF (Prop_ibuf_I_O)         0.226     0.226 r  clk_IBUF_inst/O
                         net (fo=1, routed)           0.631     0.858    clk_IBUF
    BUFGCTRL_X0Y0        BUFG (Prop_bufg_I_O)         0.026     0.884 r  clk_IBUF_BUFG_inst/O
                         net (fo=65, routed)          0.591     1.474    u_uart_controller/u_data_sender/CLK
    SLICE_X1Y35          FDRE                                         r  u_uart_controller/u_data_sender/tx_data_reg[5]/C
  -------------------------------------------------------------------    -------------------
    SLICE_X1Y35          FDRE (Prop_fdre_C_Q)         0.141     1.615 r  u_uart_controller/u_data_sender/tx_data_reg[5]/Q
                         net (fo=1, routed)           0.153     1.768    u_uart_controller/u_uart_tx/D[5]
    SLICE_X2Y35          FDCE                                         r  u_uart_controller/u_uart_tx/r_data_reg[5]/D
  -------------------------------------------------------------------    -------------------

                         (clock sys_clk_pin rise edge)
                                                      0.000     0.000 r  
    W5                                                0.000     0.000 r  clk (IN)
                         net (fo=0)                   0.000     0.000    clk
    W5                   IBUF (Prop_ibuf_I_O)         0.414     0.414 r  clk_IBUF_inst/O
                         net (fo=1, routed)           0.685     1.099    clk_IBUF
    BUFGCTRL_X0Y0        BUFG (Prop_bufg_I_O)         0.029     1.128 r  clk_IBUF_BUFG_inst/O
                         net (fo=65, routed)          0.861     1.988    u_uart_controller/u_uart_tx/CLK
    SLICE_X2Y35          FDCE                                         r  u_uart_controller/u_uart_tx/r_data_reg[5]/C
                         clock pessimism             -0.499     1.489    
    SLICE_X2Y35          FDCE (Hold_fdce_C_D)         0.052     1.541    u_uart_controller/u_uart_tx/r_data_reg[5]
  -------------------------------------------------------------------
                         required time                         -1.541    
                         arrival time                           1.768    
  -------------------------------------------------------------------
                         slack                                  0.227    

Slack (MET) :             0.229ns  (arrival time - required time)
  Source:                 u_uart_controller/u_data_sender/tx_data_reg[2]/C
                            (rising edge-triggered cell FDRE clocked by sys_clk_pin  {rise@0.000ns fall@5.000ns period=10.000ns})
  Destination:            u_uart_controller/u_uart_tx/r_data_reg[2]/D
                            (rising edge-triggered cell FDCE clocked by sys_clk_pin  {rise@0.000ns fall@5.000ns period=10.000ns})
  Path Group:             sys_clk_pin
  Path Type:              Hold (Min at Fast Process Corner)
  Requirement:            0.000ns  (sys_clk_pin rise@0.000ns - sys_clk_pin rise@0.000ns)
  Data Path Delay:        0.314ns  (logic 0.141ns (44.887%)  route 0.173ns (55.113%))
  Logic Levels:           0  
  Clock Path Skew:        0.015ns (DCD - SCD - CPR)
    Destination Clock Delay (DCD):    1.988ns
    Source Clock Delay      (SCD):    1.474ns
    Clock Pessimism Removal (CPR):    0.499ns

    Location             Delay type                Incr(ns)  Path(ns)    Netlist Resource(s)
  -------------------------------------------------------------------    -------------------
                         (clock sys_clk_pin rise edge)
                                                      0.000     0.000 r  
    W5                                                0.000     0.000 r  clk (IN)
                         net (fo=0)                   0.000     0.000    clk
    W5                   IBUF (Prop_ibuf_I_O)         0.226     0.226 r  clk_IBUF_inst/O
                         net (fo=1, routed)           0.631     0.858    clk_IBUF
    BUFGCTRL_X0Y0        BUFG (Prop_bufg_I_O)         0.026     0.884 r  clk_IBUF_BUFG_inst/O
                         net (fo=65, routed)          0.591     1.474    u_uart_controller/u_data_sender/CLK
    SLICE_X0Y35          FDRE                                         r  u_uart_controller/u_data_sender/tx_data_reg[2]/C
  -------------------------------------------------------------------    -------------------
    SLICE_X0Y35          FDRE (Prop_fdre_C_Q)         0.141     1.615 r  u_uart_controller/u_data_sender/tx_data_reg[2]/Q
                         net (fo=1, routed)           0.173     1.788    u_uart_controller/u_uart_tx/D[2]
    SLICE_X1Y36          FDCE                                         r  u_uart_controller/u_uart_tx/r_data_reg[2]/D
  -------------------------------------------------------------------    -------------------

                         (clock sys_clk_pin rise edge)
                                                      0.000     0.000 r  
    W5                                                0.000     0.000 r  clk (IN)
                         net (fo=0)                   0.000     0.000    clk
    W5                   IBUF (Prop_ibuf_I_O)         0.414     0.414 r  clk_IBUF_inst/O
                         net (fo=1, routed)           0.685     1.099    clk_IBUF
    BUFGCTRL_X0Y0        BUFG (Prop_bufg_I_O)         0.029     1.128 r  clk_IBUF_BUFG_inst/O
                         net (fo=65, routed)          0.861     1.988    u_uart_controller/u_uart_tx/CLK
    SLICE_X1Y36          FDCE                                         r  u_uart_controller/u_uart_tx/r_data_reg[2]/C
                         clock pessimism             -0.499     1.489    
    SLICE_X1Y36          FDCE (Hold_fdce_C_D)         0.070     1.559    u_uart_controller/u_uart_tx/r_data_reg[2]
  -------------------------------------------------------------------
                         required time                         -1.559    
                         arrival time                           1.788    
  -------------------------------------------------------------------
                         slack                                  0.229    

Slack (MET) :             0.238ns  (arrival time - required time)
  Source:                 u_uart_controller/u_data_sender/tx_data_reg[1]/C
                            (rising edge-triggered cell FDRE clocked by sys_clk_pin  {rise@0.000ns fall@5.000ns period=10.000ns})
  Destination:            u_uart_controller/u_uart_tx/r_data_reg[1]/D
                            (rising edge-triggered cell FDCE clocked by sys_clk_pin  {rise@0.000ns fall@5.000ns period=10.000ns})
  Path Group:             sys_clk_pin
  Path Type:              Hold (Min at Fast Process Corner)
  Requirement:            0.000ns  (sys_clk_pin rise@0.000ns - sys_clk_pin rise@0.000ns)
  Data Path Delay:        0.319ns  (logic 0.141ns (44.155%)  route 0.178ns (55.845%))
  Logic Levels:           0  
  Clock Path Skew:        0.015ns (DCD - SCD - CPR)
    Destination Clock Delay (DCD):    1.988ns
    Source Clock Delay      (SCD):    1.474ns
    Clock Pessimism Removal (CPR):    0.499ns

    Location             Delay type                Incr(ns)  Path(ns)    Netlist Resource(s)
  -------------------------------------------------------------------    -------------------
                         (clock sys_clk_pin rise edge)
                                                      0.000     0.000 r  
    W5                                                0.000     0.000 r  clk (IN)
                         net (fo=0)                   0.000     0.000    clk
    W5                   IBUF (Prop_ibuf_I_O)         0.226     0.226 r  clk_IBUF_inst/O
                         net (fo=1, routed)           0.631     0.858    clk_IBUF
    BUFGCTRL_X0Y0        BUFG (Prop_bufg_I_O)         0.026     0.884 r  clk_IBUF_BUFG_inst/O
                         net (fo=65, routed)          0.591     1.474    u_uart_controller/u_data_sender/CLK
    SLICE_X0Y35          FDRE                                         r  u_uart_controller/u_data_sender/tx_data_reg[1]/C
  -------------------------------------------------------------------    -------------------
    SLICE_X0Y35          FDRE (Prop_fdre_C_Q)         0.141     1.615 r  u_uart_controller/u_data_sender/tx_data_reg[1]/Q
                         net (fo=1, routed)           0.178     1.793    u_uart_controller/u_uart_tx/D[1]
    SLICE_X3Y35          FDCE                                         r  u_uart_controller/u_uart_tx/r_data_reg[1]/D
  -------------------------------------------------------------------    -------------------

                         (clock sys_clk_pin rise edge)
                                                      0.000     0.000 r  
    W5                                                0.000     0.000 r  clk (IN)
                         net (fo=0)                   0.000     0.000    clk
    W5                   IBUF (Prop_ibuf_I_O)         0.414     0.414 r  clk_IBUF_inst/O
                         net (fo=1, routed)           0.685     1.099    clk_IBUF
    BUFGCTRL_X0Y0        BUFG (Prop_bufg_I_O)         0.029     1.128 r  clk_IBUF_BUFG_inst/O
                         net (fo=65, routed)          0.861     1.988    u_uart_controller/u_uart_tx/CLK
    SLICE_X3Y35          FDCE                                         r  u_uart_controller/u_uart_tx/r_data_reg[1]/C
                         clock pessimism             -0.499     1.489    
    SLICE_X3Y35          FDCE (Hold_fdce_C_D)         0.066     1.555    u_uart_controller/u_uart_tx/r_data_reg[1]
  -------------------------------------------------------------------
                         required time                         -1.555    
                         arrival time                           1.793    
  -------------------------------------------------------------------
                         slack                                  0.238    

Slack (MET) :             0.239ns  (arrival time - required time)
  Source:                 u_debouncer/count_reg[14]/C
                            (rising edge-triggered cell FDCE clocked by sys_clk_pin  {rise@0.000ns fall@5.000ns period=10.000ns})
  Destination:            u_debouncer/count_reg[19]/D
                            (rising edge-triggered cell FDCE clocked by sys_clk_pin  {rise@0.000ns fall@5.000ns period=10.000ns})
  Path Group:             sys_clk_pin
  Path Type:              Hold (Min at Fast Process Corner)
  Requirement:            0.000ns  (sys_clk_pin rise@0.000ns - sys_clk_pin rise@0.000ns)
  Data Path Delay:        0.376ns  (logic 0.209ns (55.617%)  route 0.167ns (44.383%))
  Logic Levels:           1  (LUT6=1)
  Clock Path Skew:        0.016ns (DCD - SCD - CPR)
    Destination Clock Delay (DCD):    1.993ns
    Source Clock Delay      (SCD):    1.478ns
    Clock Pessimism Removal (CPR):    0.499ns

    Location             Delay type                Incr(ns)  Path(ns)    Netlist Resource(s)
  -------------------------------------------------------------------    -------------------
                         (clock sys_clk_pin rise edge)
                                                      0.000     0.000 r  
    W5                                                0.000     0.000 r  clk (IN)
                         net (fo=0)                   0.000     0.000    clk
    W5                   IBUF (Prop_ibuf_I_O)         0.226     0.226 r  clk_IBUF_inst/O
                         net (fo=1, routed)           0.631     0.858    clk_IBUF
    BUFGCTRL_X0Y0        BUFG (Prop_bufg_I_O)         0.026     0.884 r  clk_IBUF_BUFG_inst/O
                         net (fo=65, routed)          0.595     1.478    u_debouncer/CLK
    SLICE_X2Y43          FDCE                                         r  u_debouncer/count_reg[14]/C
  -------------------------------------------------------------------    -------------------
    SLICE_X2Y43          FDCE (Prop_fdce_C_Q)         0.164     1.642 f  u_debouncer/count_reg[14]/Q
                         net (fo=22, routed)          0.167     1.809    u_debouncer/count[14]
    SLICE_X2Y44          LUT6 (Prop_lut6_I3_O)        0.045     1.854 r  u_debouncer/count[19]_i_1/O
                         net (fo=1, routed)           0.000     1.854    u_debouncer/p_0_in[19]
    SLICE_X2Y44          FDCE                                         r  u_debouncer/count_reg[19]/D
  -------------------------------------------------------------------    -------------------

                         (clock sys_clk_pin rise edge)
                                                      0.000     0.000 r  
    W5                                                0.000     0.000 r  clk (IN)
                         net (fo=0)                   0.000     0.000    clk
    W5                   IBUF (Prop_ibuf_I_O)         0.414     0.414 r  clk_IBUF_inst/O
                         net (fo=1, routed)           0.685     1.099    clk_IBUF
    BUFGCTRL_X0Y0        BUFG (Prop_bufg_I_O)         0.029     1.128 r  clk_IBUF_BUFG_inst/O
                         net (fo=65, routed)          0.866     1.993    u_debouncer/CLK
    SLICE_X2Y44          FDCE                                         r  u_debouncer/count_reg[19]/C
                         clock pessimism             -0.499     1.494    
    SLICE_X2Y44          FDCE (Hold_fdce_C_D)         0.121     1.615    u_debouncer/count_reg[19]
  -------------------------------------------------------------------
                         required time                         -1.615    
                         arrival time                           1.854    
  -------------------------------------------------------------------
                         slack                                  0.239    





Pulse Width Checks
--------------------------------------------------------------------------------------
Clock Name:         sys_clk_pin
Waveform(ns):       { 0.000 5.000 }
Period(ns):         10.000
Sources:            { clk }

Check Type        Corner  Lib Pin  Reference Pin  Required(ns)  Actual(ns)  Slack(ns)  Location       Pin
Min Period        n/a     BUFG/I   n/a            2.155         10.000      7.845      BUFGCTRL_X0Y0  clk_IBUF_BUFG_inst/I
Min Period        n/a     FDCE/C   n/a            1.000         10.000      9.000      SLICE_X5Y39    u_debouncer/btn_state_reg/C
Min Period        n/a     FDCE/C   n/a            1.000         10.000      9.000      SLICE_X4Y39    u_debouncer/count_reg[0]/C
Min Period        n/a     FDCE/C   n/a            1.000         10.000      9.000      SLICE_X2Y42    u_debouncer/count_reg[10]/C
Min Period        n/a     FDCE/C   n/a            1.000         10.000      9.000      SLICE_X2Y42    u_debouncer/count_reg[11]/C
Min Period        n/a     FDCE/C   n/a            1.000         10.000      9.000      SLICE_X2Y42    u_debouncer/count_reg[12]/C
Min Period        n/a     FDCE/C   n/a            1.000         10.000      9.000      SLICE_X2Y43    u_debouncer/count_reg[13]/C
Min Period        n/a     FDCE/C   n/a            1.000         10.000      9.000      SLICE_X2Y43    u_debouncer/count_reg[14]/C
Min Period        n/a     FDCE/C   n/a            1.000         10.000      9.000      SLICE_X2Y43    u_debouncer/count_reg[15]/C
Min Period        n/a     FDCE/C   n/a            1.000         10.000      9.000      SLICE_X2Y43    u_debouncer/count_reg[16]/C
Low Pulse Width   Slow    FDCE/C   n/a            0.500         5.000       4.500      SLICE_X5Y39    u_debouncer/btn_state_reg/C
Low Pulse Width   Fast    FDCE/C   n/a            0.500         5.000       4.500      SLICE_X5Y39    u_debouncer/btn_state_reg/C
Low Pulse Width   Slow    FDCE/C   n/a            0.500         5.000       4.500      SLICE_X4Y39    u_debouncer/count_reg[0]/C
Low Pulse Width   Fast    FDCE/C   n/a            0.500         5.000       4.500      SLICE_X4Y39    u_debouncer/count_reg[0]/C
Low Pulse Width   Slow    FDCE/C   n/a            0.500         5.000       4.500      SLICE_X2Y42    u_debouncer/count_reg[10]/C
Low Pulse Width   Fast    FDCE/C   n/a            0.500         5.000       4.500      SLICE_X2Y42    u_debouncer/count_reg[10]/C
Low Pulse Width   Slow    FDCE/C   n/a            0.500         5.000       4.500      SLICE_X2Y42    u_debouncer/count_reg[11]/C
Low Pulse Width   Fast    FDCE/C   n/a            0.500         5.000       4.500      SLICE_X2Y42    u_debouncer/count_reg[11]/C
Low Pulse Width   Slow    FDCE/C   n/a            0.500         5.000       4.500      SLICE_X2Y42    u_debouncer/count_reg[12]/C
Low Pulse Width   Fast    FDCE/C   n/a            0.500         5.000       4.500      SLICE_X2Y42    u_debouncer/count_reg[12]/C
High Pulse Width  Slow    FDCE/C   n/a            0.500         5.000       4.500      SLICE_X5Y39    u_debouncer/btn_state_reg/C
High Pulse Width  Fast    FDCE/C   n/a            0.500         5.000       4.500      SLICE_X5Y39    u_debouncer/btn_state_reg/C
High Pulse Width  Slow    FDCE/C   n/a            0.500         5.000       4.500      SLICE_X4Y39    u_debouncer/count_reg[0]/C
High Pulse Width  Fast    FDCE/C   n/a            0.500         5.000       4.500      SLICE_X4Y39    u_debouncer/count_reg[0]/C
High Pulse Width  Slow    FDCE/C   n/a            0.500         5.000       4.500      SLICE_X2Y42    u_debouncer/count_reg[10]/C
High Pulse Width  Fast    FDCE/C   n/a            0.500         5.000       4.500      SLICE_X2Y42    u_debouncer/count_reg[10]/C
High Pulse Width  Slow    FDCE/C   n/a            0.500         5.000       4.500      SLICE_X2Y42    u_debouncer/count_reg[11]/C
High Pulse Width  Fast    FDCE/C   n/a            0.500         5.000       4.500      SLICE_X2Y42    u_debouncer/count_reg[11]/C
High Pulse Width  Slow    FDCE/C   n/a            0.500         5.000       4.500      SLICE_X2Y42    u_debouncer/count_reg[12]/C
High Pulse Width  Fast    FDCE/C   n/a            0.500         5.000       4.500      SLICE_X2Y42    u_debouncer/count_reg[12]/C



