Copyright 1986-2021 Xilinx, Inc. All Rights Reserved.
--------------------------------------------------------------------------------------------------------------------------------------------------------------------------------
| Tool Version : Vivado v.2021.1 (win64) Build 3247384 Thu Jun 10 19:36:33 MDT 2021
| Date         : Thu Feb 19 16:27:08 2026
| Host         : DESKTOP-0G8LKRK running 64-bit major release  (build 9200)
| Command      : report_timing_summary -max_paths 10 -file top_timing_summary_routed.rpt -pb top_timing_summary_routed.pb -rpx top_timing_summary_routed.rpx -warn_on_violation
| Design       : top
| Device       : 7a35t-cpg236
| Speed File   : -1  PRODUCTION 1.23 2018-06-13
--------------------------------------------------------------------------------------------------------------------------------------------------------------------------------

Timing Summary Report

------------------------------------------------------------------------------------------------
| Timer Settings
| --------------
------------------------------------------------------------------------------------------------

  Enable Multi Corner Analysis               :  Yes
  Enable Pessimism Removal                   :  Yes
  Pessimism Removal Resolution               :  Nearest Common Node
  Enable Input Delay Default Clock           :  No
  Enable Preset / Clear Arcs                 :  No
  Disable Flight Delays                      :  No
  Ignore I/O Paths                           :  No
  Timing Early Launch at Borrowing Latches   :  No
  Borrow Time for Max Delay Exceptions       :  Yes
  Merge Timing Exceptions                    :  Yes

  Corner  Analyze    Analyze    
  Name    Max Paths  Min Paths  
  ------  ---------  ---------  
  Slow    Yes        Yes        
  Fast    Yes        Yes        


------------------------------------------------------------------------------------------------
| Report Methodology
| ------------------
------------------------------------------------------------------------------------------------

Rule       Severity          Description                    Violations  
---------  ----------------  -----------------------------  ----------  
TIMING-17  Critical Warning  Non-clocked sequential cell    2           
TIMING-18  Warning           Missing input or output delay  28          

Note: This report is based on the most recent report_methodology run and may not be up-to-date. Run report_methodology on the current design for the latest report.



check_timing report

Table of Contents
-----------------
1. checking no_clock (2)
2. checking constant_clock (0)
3. checking pulse_width_clock (0)
4. checking unconstrained_internal_endpoints (4)
5. checking no_input_delay (2)
6. checking no_output_delay (13)
7. checking multiple_clock (0)
8. checking generated_clocks (0)
9. checking loops (0)
10. checking partial_input_delay (0)
11. checking partial_output_delay (0)
12. checking latch_loops (0)

1. checking no_clock (2)
------------------------
 There are 2 register/latch pins with no clock driven by root clock pin: u_tick_gen/tick_led_reg/Q (HIGH)


2. checking constant_clock (0)
------------------------------
 There are 0 register/latch pins with constant_clock.


3. checking pulse_width_clock (0)
---------------------------------
 There are 0 register/latch pins which need pulse_width check


4. checking unconstrained_internal_endpoints (4)
------------------------------------------------
 There are 4 pins that are not constrained for maximum delay. (HIGH)

 There are 0 pins that are not constrained for maximum delay due to constant clock.


5. checking no_input_delay (2)
------------------------------
 There are 2 input ports with no input delay specified. (HIGH)

 There are 0 input ports with no input delay but user has a false path constraint.


6. checking no_output_delay (13)
--------------------------------
 There are 13 ports with no output delay specified. (HIGH)

 There are 0 ports with no output delay but user has a false path constraint

 There are 0 ports with no output delay but with a timing clock defined on it or propagating through it


7. checking multiple_clock (0)
------------------------------
 There are 0 register/latch pins with multiple clocks.


8. checking generated_clocks (0)
--------------------------------
 There are 0 generated clocks that are not connected to a clock source.


9. checking loops (0)
---------------------
 There are 0 combinational loops in the design.


10. checking partial_input_delay (0)
------------------------------------
 There are 0 input ports with partial input delay specified.


11. checking partial_output_delay (0)
-------------------------------------
 There are 0 ports with partial output delay specified.


12. checking latch_loops (0)
----------------------------
 There are 0 combinational latch loops in the design through latch input



------------------------------------------------------------------------------------------------
| Design Timing Summary
| ---------------------
------------------------------------------------------------------------------------------------

    WNS(ns)      TNS(ns)  TNS Failing Endpoints  TNS Total Endpoints      WHS(ns)      THS(ns)  THS Failing Endpoints  THS Total Endpoints     WPWS(ns)     TPWS(ns)  TPWS Failing Endpoints  TPWS Total Endpoints  
    -------      -------  ---------------------  -------------------      -------      -------  ---------------------  -------------------     --------     --------  ----------------------  --------------------  
      5.466        0.000                      0                   90        0.188        0.000                      0                   90        4.500        0.000                       0                    77  


All user specified timing constraints are met.


------------------------------------------------------------------------------------------------
| Clock Summary
| -------------
------------------------------------------------------------------------------------------------

Clock        Waveform(ns)       Period(ns)      Frequency(MHz)
-----        ------------       ----------      --------------
sys_clk_pin  {0.000 5.000}      10.000          100.000         


------------------------------------------------------------------------------------------------
| Intra Clock Table
| -----------------
------------------------------------------------------------------------------------------------

Clock             WNS(ns)      TNS(ns)  TNS Failing Endpoints  TNS Total Endpoints      WHS(ns)      THS(ns)  THS Failing Endpoints  THS Total Endpoints     WPWS(ns)     TPWS(ns)  TPWS Failing Endpoints  TPWS Total Endpoints  
-----             -------      -------  ---------------------  -------------------      -------      -------  ---------------------  -------------------     --------     --------  ----------------------  --------------------  
sys_clk_pin         5.466        0.000                      0                   90        0.188        0.000                      0                   90        4.500        0.000                       0                    77  


------------------------------------------------------------------------------------------------
| Inter Clock Table
| -----------------
------------------------------------------------------------------------------------------------

From Clock    To Clock          WNS(ns)      TNS(ns)  TNS Failing Endpoints  TNS Total Endpoints      WHS(ns)      THS(ns)  THS Failing Endpoints  THS Total Endpoints  
----------    --------          -------      -------  ---------------------  -------------------      -------      -------  ---------------------  -------------------  


------------------------------------------------------------------------------------------------
| Other Path Groups Table
| -----------------------
------------------------------------------------------------------------------------------------

Path Group    From Clock    To Clock          WNS(ns)      TNS(ns)  TNS Failing Endpoints  TNS Total Endpoints      WHS(ns)      THS(ns)  THS Failing Endpoints  THS Total Endpoints  
----------    ----------    --------          -------      -------  ---------------------  -------------------      -------      -------  ---------------------  -------------------  


------------------------------------------------------------------------------------------------
| Timing Details
| --------------
------------------------------------------------------------------------------------------------


---------------------------------------------------------------------------------------------------
From Clock:  sys_clk_pin
  To Clock:  sys_clk_pin

Setup :            0  Failing Endpoints,  Worst Slack        5.466ns,  Total Violation        0.000ns
Hold  :            0  Failing Endpoints,  Worst Slack        0.188ns,  Total Violation        0.000ns
PW    :            0  Failing Endpoints,  Worst Slack        4.500ns,  Total Violation        0.000ns
---------------------------------------------------------------------------------------------------


Max Delay Paths
--------------------------------------------------------------------------------------
Slack (MET) :             5.466ns  (required time - arrival time)
  Source:                 u_control_tower/r_mode_reg[1]/C
                            (rising edge-triggered cell FDCE clocked by sys_clk_pin  {rise@0.000ns fall@5.000ns period=10.000ns})
  Destination:            u_control_tower/r_mode_reg[1]/D
                            (rising edge-triggered cell FDCE clocked by sys_clk_pin  {rise@0.000ns fall@5.000ns period=10.000ns})
  Path Group:             sys_clk_pin
  Path Type:              Setup (Max at Slow Process Corner)
  Requirement:            10.000ns  (sys_clk_pin rise@10.000ns - sys_clk_pin rise@0.000ns)
  Data Path Delay:        4.471ns  (logic 0.642ns (14.360%)  route 3.829ns (85.640%))
  Logic Levels:           1  (LUT5=1)
  Clock Path Skew:        0.000ns (DCD - SCD + CPR)
    Destination Clock Delay (DCD):    4.795ns = ( 14.795 - 10.000 ) 
    Source Clock Delay      (SCD):    5.093ns
    Clock Pessimism Removal (CPR):    0.298ns
  Clock Uncertainty:      0.035ns  ((TSJ^2 + TIJ^2)^1/2 + DJ) / 2 + PE
    Total System Jitter     (TSJ):    0.071ns
    Total Input Jitter      (TIJ):    0.000ns
    Discrete Jitter          (DJ):    0.000ns
    Phase Error              (PE):    0.000ns

    Location             Delay type                Incr(ns)  Path(ns)    Netlist Resource(s)
  -------------------------------------------------------------------    -------------------
                         (clock sys_clk_pin rise edge)
                                                      0.000     0.000 r  
    W5                                                0.000     0.000 r  clk (IN)
                         net (fo=0)                   0.000     0.000    clk
    W5                   IBUF (Prop_ibuf_I_O)         1.458     1.458 r  clk_IBUF_inst/O
                         net (fo=1, routed)           1.967     3.425    clk_IBUF
    BUFGCTRL_X0Y0        BUFG (Prop_bufg_I_O)         0.096     3.521 r  clk_IBUF_BUFG_inst/O
                         net (fo=76, routed)          1.572     5.093    u_control_tower/CLK
    SLICE_X56Y47         FDCE                                         r  u_control_tower/r_mode_reg[1]/C
  -------------------------------------------------------------------    -------------------
    SLICE_X56Y47         FDCE (Prop_fdce_C_Q)         0.518     5.611 r  u_control_tower/r_mode_reg[1]/Q
                         net (fo=128, routed)         3.289     8.901    u_control_tower/led_OBUF[1]
    SLICE_X56Y47         LUT5 (Prop_lut5_I4_O)        0.124     9.025 r  u_control_tower/r_mode[1]_i_1/O
                         net (fo=1, routed)           0.539     9.564    u_control_tower/r_mode[1]_i_1_n_0
    SLICE_X56Y47         FDCE                                         r  u_control_tower/r_mode_reg[1]/D
  -------------------------------------------------------------------    -------------------

                         (clock sys_clk_pin rise edge)
                                                     10.000    10.000 r  
    W5                                                0.000    10.000 r  clk (IN)
                         net (fo=0)                   0.000    10.000    clk
    W5                   IBUF (Prop_ibuf_I_O)         1.388    11.388 r  clk_IBUF_inst/O
                         net (fo=1, routed)           1.862    13.250    clk_IBUF
    BUFGCTRL_X0Y0        BUFG (Prop_bufg_I_O)         0.091    13.341 r  clk_IBUF_BUFG_inst/O
                         net (fo=76, routed)          1.454    14.795    u_control_tower/CLK
    SLICE_X56Y47         FDCE                                         r  u_control_tower/r_mode_reg[1]/C
                         clock pessimism              0.298    15.093    
                         clock uncertainty           -0.035    15.058    
    SLICE_X56Y47         FDCE (Setup_fdce_C_D)       -0.028    15.030    u_control_tower/r_mode_reg[1]
  -------------------------------------------------------------------
                         required time                         15.030    
                         arrival time                          -9.564    
  -------------------------------------------------------------------
                         slack                                  5.466    

Slack (MET) :             5.547ns  (required time - arrival time)
  Source:                 u_btn_debouncer/U_debouncer_btnL/count_reg[4]/C
                            (rising edge-triggered cell FDCE clocked by sys_clk_pin  {rise@0.000ns fall@5.000ns period=10.000ns})
  Destination:            u_btn_debouncer/U_debouncer_btnL/btn_state_reg/CE
                            (rising edge-triggered cell FDCE clocked by sys_clk_pin  {rise@0.000ns fall@5.000ns period=10.000ns})
  Path Group:             sys_clk_pin
  Path Type:              Setup (Max at Slow Process Corner)
  Requirement:            10.000ns  (sys_clk_pin rise@10.000ns - sys_clk_pin rise@0.000ns)
  Data Path Delay:        4.211ns  (logic 1.211ns (28.759%)  route 3.000ns (71.241%))
  Logic Levels:           5  (LUT3=1 LUT5=1 LUT6=3)
  Clock Path Skew:        -0.038ns (DCD - SCD + CPR)
    Destination Clock Delay (DCD):    4.794ns = ( 14.794 - 10.000 ) 
    Source Clock Delay      (SCD):    5.092ns
    Clock Pessimism Removal (CPR):    0.260ns
  Clock Uncertainty:      0.035ns  ((TSJ^2 + TIJ^2)^1/2 + DJ) / 2 + PE
    Total System Jitter     (TSJ):    0.071ns
    Total Input Jitter      (TIJ):    0.000ns
    Discrete Jitter          (DJ):    0.000ns
    Phase Error              (PE):    0.000ns

    Location             Delay type                Incr(ns)  Path(ns)    Netlist Resource(s)
  -------------------------------------------------------------------    -------------------
                         (clock sys_clk_pin rise edge)
                                                      0.000     0.000 r  
    W5                                                0.000     0.000 r  clk (IN)
                         net (fo=0)                   0.000     0.000    clk
    W5                   IBUF (Prop_ibuf_I_O)         1.458     1.458 r  clk_IBUF_inst/O
                         net (fo=1, routed)           1.967     3.425    clk_IBUF
    BUFGCTRL_X0Y0        BUFG (Prop_bufg_I_O)         0.096     3.521 r  clk_IBUF_BUFG_inst/O
                         net (fo=76, routed)          1.571     5.092    u_btn_debouncer/U_debouncer_btnL/CLK
    SLICE_X55Y46         FDCE                                         r  u_btn_debouncer/U_debouncer_btnL/count_reg[4]/C
  -------------------------------------------------------------------    -------------------
    SLICE_X55Y46         FDCE (Prop_fdce_C_Q)         0.419     5.511 r  u_btn_debouncer/U_debouncer_btnL/count_reg[4]/Q
                         net (fo=2, routed)           1.059     6.571    u_btn_debouncer/U_debouncer_btnL/count[4]
    SLICE_X55Y46         LUT6 (Prop_lut6_I3_O)        0.296     6.867 f  u_btn_debouncer/U_debouncer_btnL/btn_state_i_5/O
                         net (fo=1, routed)           0.294     7.161    u_btn_debouncer/U_debouncer_btnL/btn_state_i_5_n_0
    SLICE_X55Y47         LUT5 (Prop_lut5_I3_O)        0.124     7.285 f  u_btn_debouncer/U_debouncer_btnL/btn_state_i_4/O
                         net (fo=1, routed)           0.404     7.689    u_btn_debouncer/U_debouncer_btnL/btn_state_i_4_n_0
    SLICE_X55Y48         LUT6 (Prop_lut6_I4_O)        0.124     7.813 f  u_btn_debouncer/U_debouncer_btnL/btn_state_i_3/O
                         net (fo=1, routed)           0.294     8.108    u_btn_debouncer/U_debouncer_btnL/btn_state_i_3_n_0
    SLICE_X55Y49         LUT6 (Prop_lut6_I1_O)        0.124     8.232 f  u_btn_debouncer/U_debouncer_btnL/btn_state_i_2/O
                         net (fo=21, routed)          0.613     8.844    u_btn_debouncer/U_debouncer_btnL/btn_state_i_2_n_0
    SLICE_X55Y46         LUT3 (Prop_lut3_I2_O)        0.124     8.968 r  u_btn_debouncer/U_debouncer_btnL/btn_state_i_1/O
                         net (fo=1, routed)           0.335     9.303    u_btn_debouncer/U_debouncer_btnL/btn_state
    SLICE_X56Y46         FDCE                                         r  u_btn_debouncer/U_debouncer_btnL/btn_state_reg/CE
  -------------------------------------------------------------------    -------------------

                         (clock sys_clk_pin rise edge)
                                                     10.000    10.000 r  
    W5                                                0.000    10.000 r  clk (IN)
                         net (fo=0)                   0.000    10.000    clk
    W5                   IBUF (Prop_ibuf_I_O)         1.388    11.388 r  clk_IBUF_inst/O
                         net (fo=1, routed)           1.862    13.250    clk_IBUF
    BUFGCTRL_X0Y0        BUFG (Prop_bufg_I_O)         0.091    13.341 r  clk_IBUF_BUFG_inst/O
                         net (fo=76, routed)          1.453    14.794    u_btn_debouncer/U_debouncer_btnL/CLK
    SLICE_X56Y46         FDCE                                         r  u_btn_debouncer/U_debouncer_btnL/btn_state_reg/C
                         clock pessimism              0.260    15.054    
                         clock uncertainty           -0.035    15.019    
    SLICE_X56Y46         FDCE (Setup_fdce_C_CE)      -0.169    14.850    u_btn_debouncer/U_debouncer_btnL/btn_state_reg
  -------------------------------------------------------------------
                         required time                         14.850    
                         arrival time                          -9.303    
  -------------------------------------------------------------------
                         slack                                  5.547    

Slack (MET) :             5.601ns  (required time - arrival time)
  Source:                 u_control_tower/r_10ms_counter_reg[12]/C
                            (rising edge-triggered cell FDCE clocked by sys_clk_pin  {rise@0.000ns fall@5.000ns period=10.000ns})
  Destination:            u_control_tower/r_10ms_counter_reg[0]/D
                            (rising edge-triggered cell FDCE clocked by sys_clk_pin  {rise@0.000ns fall@5.000ns period=10.000ns})
  Path Group:             sys_clk_pin
  Path Type:              Setup (Max at Slow Process Corner)
  Requirement:            10.000ns  (sys_clk_pin rise@10.000ns - sys_clk_pin rise@0.000ns)
  Data Path Delay:        4.257ns  (logic 0.890ns (20.909%)  route 3.367ns (79.091%))
  Logic Levels:           3  (LUT5=1 LUT6=2)
  Clock Path Skew:        -0.040ns (DCD - SCD + CPR)
    Destination Clock Delay (DCD):    4.850ns = ( 14.850 - 10.000 ) 
    Source Clock Delay      (SCD):    5.148ns
    Clock Pessimism Removal (CPR):    0.258ns
  Clock Uncertainty:      0.035ns  ((TSJ^2 + TIJ^2)^1/2 + DJ) / 2 + PE
    Total System Jitter     (TSJ):    0.071ns
    Total Input Jitter      (TIJ):    0.000ns
    Discrete Jitter          (DJ):    0.000ns
    Phase Error              (PE):    0.000ns

    Location             Delay type                Incr(ns)  Path(ns)    Netlist Resource(s)
  -------------------------------------------------------------------    -------------------
                         (clock sys_clk_pin rise edge)
                                                      0.000     0.000 r  
    W5                                                0.000     0.000 r  clk (IN)
                         net (fo=0)                   0.000     0.000    clk
    W5                   IBUF (Prop_ibuf_I_O)         1.458     1.458 r  clk_IBUF_inst/O
                         net (fo=1, routed)           1.967     3.425    clk_IBUF
    BUFGCTRL_X0Y0        BUFG (Prop_bufg_I_O)         0.096     3.521 r  clk_IBUF_BUFG_inst/O
                         net (fo=76, routed)          1.627     5.148    u_control_tower/CLK
    SLICE_X64Y50         FDCE                                         r  u_control_tower/r_10ms_counter_reg[12]/C
  -------------------------------------------------------------------    -------------------
    SLICE_X64Y50         FDCE (Prop_fdce_C_Q)         0.518     5.666 f  u_control_tower/r_10ms_counter_reg[12]/Q
                         net (fo=37, routed)          1.779     7.445    u_control_tower/r_10ms_counter_reg_n_0_[12]
    SLICE_X60Y51         LUT6 (Prop_lut6_I4_O)        0.124     7.569 r  u_control_tower/r_10ms_counter[13]_i_13/O
                         net (fo=1, routed)           0.286     7.855    u_control_tower/r_10ms_counter[13]_i_13_n_0
    SLICE_X60Y51         LUT6 (Prop_lut6_I5_O)        0.124     7.979 r  u_control_tower/r_10ms_counter[13]_i_6/O
                         net (fo=14, routed)          0.922     8.901    u_control_tower/r_10ms_counter[13]_i_6_n_0
    SLICE_X61Y52         LUT5 (Prop_lut5_I2_O)        0.124     9.025 r  u_control_tower/r_10ms_counter[0]_i_1/O
                         net (fo=1, routed)           0.379     9.404    u_control_tower/r_10ms_counter0_in[0]
    SLICE_X61Y52         FDCE                                         r  u_control_tower/r_10ms_counter_reg[0]/D
  -------------------------------------------------------------------    -------------------

                         (clock sys_clk_pin rise edge)
                                                     10.000    10.000 r  
    W5                                                0.000    10.000 r  clk (IN)
                         net (fo=0)                   0.000    10.000    clk
    W5                   IBUF (Prop_ibuf_I_O)         1.388    11.388 r  clk_IBUF_inst/O
                         net (fo=1, routed)           1.862    13.250    clk_IBUF
    BUFGCTRL_X0Y0        BUFG (Prop_bufg_I_O)         0.091    13.341 r  clk_IBUF_BUFG_inst/O
                         net (fo=76, routed)          1.509    14.850    u_control_tower/CLK
    SLICE_X61Y52         FDCE                                         r  u_control_tower/r_10ms_counter_reg[0]/C
                         clock pessimism              0.258    15.108    
                         clock uncertainty           -0.035    15.073    
    SLICE_X61Y52         FDCE (Setup_fdce_C_D)       -0.067    15.006    u_control_tower/r_10ms_counter_reg[0]
  -------------------------------------------------------------------
                         required time                         15.006    
                         arrival time                          -9.404    
  -------------------------------------------------------------------
                         slack                                  5.601    

Slack (MET) :             5.622ns  (required time - arrival time)
  Source:                 u_control_tower/r_counter_reg[7]/C
                            (rising edge-triggered cell FDCE clocked by sys_clk_pin  {rise@0.000ns fall@5.000ns period=10.000ns})
  Destination:            u_control_tower/r_10ms_counter_reg[10]/CE
                            (rising edge-triggered cell FDCE clocked by sys_clk_pin  {rise@0.000ns fall@5.000ns period=10.000ns})
  Path Group:             sys_clk_pin
  Path Type:              Setup (Max at Slow Process Corner)
  Requirement:            10.000ns  (sys_clk_pin rise@10.000ns - sys_clk_pin rise@0.000ns)
  Data Path Delay:        4.075ns  (logic 0.890ns (21.840%)  route 3.185ns (78.160%))
  Logic Levels:           3  (LUT6=3)
  Clock Path Skew:        -0.063ns (DCD - SCD + CPR)
    Destination Clock Delay (DCD):    4.851ns = ( 14.851 - 10.000 ) 
    Source Clock Delay      (SCD):    5.093ns
    Clock Pessimism Removal (CPR):    0.180ns
  Clock Uncertainty:      0.035ns  ((TSJ^2 + TIJ^2)^1/2 + DJ) / 2 + PE
    Total System Jitter     (TSJ):    0.071ns
    Total Input Jitter      (TIJ):    0.000ns
    Discrete Jitter          (DJ):    0.000ns
    Phase Error              (PE):    0.000ns

    Location             Delay type                Incr(ns)  Path(ns)    Netlist Resource(s)
  -------------------------------------------------------------------    -------------------
                         (clock sys_clk_pin rise edge)
                                                      0.000     0.000 r  
    W5                                                0.000     0.000 r  clk (IN)
                         net (fo=0)                   0.000     0.000    clk
    W5                   IBUF (Prop_ibuf_I_O)         1.458     1.458 r  clk_IBUF_inst/O
                         net (fo=1, routed)           1.967     3.425    clk_IBUF
    BUFGCTRL_X0Y0        BUFG (Prop_bufg_I_O)         0.096     3.521 r  clk_IBUF_BUFG_inst/O
                         net (fo=76, routed)          1.572     5.093    u_control_tower/CLK
    SLICE_X56Y48         FDCE                                         r  u_control_tower/r_counter_reg[7]/C
  -------------------------------------------------------------------    -------------------
    SLICE_X56Y48         FDCE (Prop_fdce_C_Q)         0.518     5.611 r  u_control_tower/r_counter_reg[7]/Q
                         net (fo=4, routed)           1.230     6.841    u_control_tower/r_counter_reg_n_0_[7]
    SLICE_X58Y48         LUT6 (Prop_lut6_I0_O)        0.124     6.965 r  u_control_tower/r_10ms_counter[13]_i_10/O
                         net (fo=1, routed)           0.585     7.551    u_control_tower/r_10ms_counter[13]_i_10_n_0
    SLICE_X58Y47         LUT6 (Prop_lut6_I5_O)        0.124     7.675 r  u_control_tower/r_10ms_counter[13]_i_4/O
                         net (fo=1, routed)           0.562     8.236    u_control_tower/r_10ms_counter[13]_i_4_n_0
    SLICE_X58Y50         LUT6 (Prop_lut6_I1_O)        0.124     8.360 r  u_control_tower/r_10ms_counter[13]_i_1/O
                         net (fo=14, routed)          0.808     9.168    u_control_tower/r_10ms_counter
    SLICE_X62Y52         FDCE                                         r  u_control_tower/r_10ms_counter_reg[10]/CE
  -------------------------------------------------------------------    -------------------

                         (clock sys_clk_pin rise edge)
                                                     10.000    10.000 r  
    W5                                                0.000    10.000 r  clk (IN)
                         net (fo=0)                   0.000    10.000    clk
    W5                   IBUF (Prop_ibuf_I_O)         1.388    11.388 r  clk_IBUF_inst/O
                         net (fo=1, routed)           1.862    13.250    clk_IBUF
    BUFGCTRL_X0Y0        BUFG (Prop_bufg_I_O)         0.091    13.341 r  clk_IBUF_BUFG_inst/O
                         net (fo=76, routed)          1.510    14.851    u_control_tower/CLK
    SLICE_X62Y52         FDCE                                         r  u_control_tower/r_10ms_counter_reg[10]/C
                         clock pessimism              0.180    15.031    
                         clock uncertainty           -0.035    14.995    
    SLICE_X62Y52         FDCE (Setup_fdce_C_CE)      -0.205    14.790    u_control_tower/r_10ms_counter_reg[10]
  -------------------------------------------------------------------
                         required time                         14.790    
                         arrival time                          -9.168    
  -------------------------------------------------------------------
                         slack                                  5.622    

Slack (MET) :             5.622ns  (required time - arrival time)
  Source:                 u_control_tower/r_counter_reg[7]/C
                            (rising edge-triggered cell FDCE clocked by sys_clk_pin  {rise@0.000ns fall@5.000ns period=10.000ns})
  Destination:            u_control_tower/r_10ms_counter_reg[11]/CE
                            (rising edge-triggered cell FDCE clocked by sys_clk_pin  {rise@0.000ns fall@5.000ns period=10.000ns})
  Path Group:             sys_clk_pin
  Path Type:              Setup (Max at Slow Process Corner)
  Requirement:            10.000ns  (sys_clk_pin rise@10.000ns - sys_clk_pin rise@0.000ns)
  Data Path Delay:        4.075ns  (logic 0.890ns (21.840%)  route 3.185ns (78.160%))
  Logic Levels:           3  (LUT6=3)
  Clock Path Skew:        -0.063ns (DCD - SCD + CPR)
    Destination Clock Delay (DCD):    4.851ns = ( 14.851 - 10.000 ) 
    Source Clock Delay      (SCD):    5.093ns
    Clock Pessimism Removal (CPR):    0.180ns
  Clock Uncertainty:      0.035ns  ((TSJ^2 + TIJ^2)^1/2 + DJ) / 2 + PE
    Total System Jitter     (TSJ):    0.071ns
    Total Input Jitter      (TIJ):    0.000ns
    Discrete Jitter          (DJ):    0.000ns
    Phase Error              (PE):    0.000ns

    Location             Delay type                Incr(ns)  Path(ns)    Netlist Resource(s)
  -------------------------------------------------------------------    -------------------
                         (clock sys_clk_pin rise edge)
                                                      0.000     0.000 r  
    W5                                                0.000     0.000 r  clk (IN)
                         net (fo=0)                   0.000     0.000    clk
    W5                   IBUF (Prop_ibuf_I_O)         1.458     1.458 r  clk_IBUF_inst/O
                         net (fo=1, routed)           1.967     3.425    clk_IBUF
    BUFGCTRL_X0Y0        BUFG (Prop_bufg_I_O)         0.096     3.521 r  clk_IBUF_BUFG_inst/O
                         net (fo=76, routed)          1.572     5.093    u_control_tower/CLK
    SLICE_X56Y48         FDCE                                         r  u_control_tower/r_counter_reg[7]/C
  -------------------------------------------------------------------    -------------------
    SLICE_X56Y48         FDCE (Prop_fdce_C_Q)         0.518     5.611 r  u_control_tower/r_counter_reg[7]/Q
                         net (fo=4, routed)           1.230     6.841    u_control_tower/r_counter_reg_n_0_[7]
    SLICE_X58Y48         LUT6 (Prop_lut6_I0_O)        0.124     6.965 r  u_control_tower/r_10ms_counter[13]_i_10/O
                         net (fo=1, routed)           0.585     7.551    u_control_tower/r_10ms_counter[13]_i_10_n_0
    SLICE_X58Y47         LUT6 (Prop_lut6_I5_O)        0.124     7.675 r  u_control_tower/r_10ms_counter[13]_i_4/O
                         net (fo=1, routed)           0.562     8.236    u_control_tower/r_10ms_counter[13]_i_4_n_0
    SLICE_X58Y50         LUT6 (Prop_lut6_I1_O)        0.124     8.360 r  u_control_tower/r_10ms_counter[13]_i_1/O
                         net (fo=14, routed)          0.808     9.168    u_control_tower/r_10ms_counter
    SLICE_X62Y52         FDCE                                         r  u_control_tower/r_10ms_counter_reg[11]/CE
  -------------------------------------------------------------------    -------------------

                         (clock sys_clk_pin rise edge)
                                                     10.000    10.000 r  
    W5                                                0.000    10.000 r  clk (IN)
                         net (fo=0)                   0.000    10.000    clk
    W5                   IBUF (Prop_ibuf_I_O)         1.388    11.388 r  clk_IBUF_inst/O
                         net (fo=1, routed)           1.862    13.250    clk_IBUF
    BUFGCTRL_X0Y0        BUFG (Prop_bufg_I_O)         0.091    13.341 r  clk_IBUF_BUFG_inst/O
                         net (fo=76, routed)          1.510    14.851    u_control_tower/CLK
    SLICE_X62Y52         FDCE                                         r  u_control_tower/r_10ms_counter_reg[11]/C
                         clock pessimism              0.180    15.031    
                         clock uncertainty           -0.035    14.995    
    SLICE_X62Y52         FDCE (Setup_fdce_C_CE)      -0.205    14.790    u_control_tower/r_10ms_counter_reg[11]
  -------------------------------------------------------------------
                         required time                         14.790    
                         arrival time                          -9.168    
  -------------------------------------------------------------------
                         slack                                  5.622    

Slack (MET) :             5.622ns  (required time - arrival time)
  Source:                 u_control_tower/r_counter_reg[7]/C
                            (rising edge-triggered cell FDCE clocked by sys_clk_pin  {rise@0.000ns fall@5.000ns period=10.000ns})
  Destination:            u_control_tower/r_10ms_counter_reg[13]/CE
                            (rising edge-triggered cell FDCE clocked by sys_clk_pin  {rise@0.000ns fall@5.000ns period=10.000ns})
  Path Group:             sys_clk_pin
  Path Type:              Setup (Max at Slow Process Corner)
  Requirement:            10.000ns  (sys_clk_pin rise@10.000ns - sys_clk_pin rise@0.000ns)
  Data Path Delay:        4.075ns  (logic 0.890ns (21.840%)  route 3.185ns (78.160%))
  Logic Levels:           3  (LUT6=3)
  Clock Path Skew:        -0.063ns (DCD - SCD + CPR)
    Destination Clock Delay (DCD):    4.851ns = ( 14.851 - 10.000 ) 
    Source Clock Delay      (SCD):    5.093ns
    Clock Pessimism Removal (CPR):    0.180ns
  Clock Uncertainty:      0.035ns  ((TSJ^2 + TIJ^2)^1/2 + DJ) / 2 + PE
    Total System Jitter     (TSJ):    0.071ns
    Total Input Jitter      (TIJ):    0.000ns
    Discrete Jitter          (DJ):    0.000ns
    Phase Error              (PE):    0.000ns

    Location             Delay type                Incr(ns)  Path(ns)    Netlist Resource(s)
  -------------------------------------------------------------------    -------------------
                         (clock sys_clk_pin rise edge)
                                                      0.000     0.000 r  
    W5                                                0.000     0.000 r  clk (IN)
                         net (fo=0)                   0.000     0.000    clk
    W5                   IBUF (Prop_ibuf_I_O)         1.458     1.458 r  clk_IBUF_inst/O
                         net (fo=1, routed)           1.967     3.425    clk_IBUF
    BUFGCTRL_X0Y0        BUFG (Prop_bufg_I_O)         0.096     3.521 r  clk_IBUF_BUFG_inst/O
                         net (fo=76, routed)          1.572     5.093    u_control_tower/CLK
    SLICE_X56Y48         FDCE                                         r  u_control_tower/r_counter_reg[7]/C
  -------------------------------------------------------------------    -------------------
    SLICE_X56Y48         FDCE (Prop_fdce_C_Q)         0.518     5.611 r  u_control_tower/r_counter_reg[7]/Q
                         net (fo=4, routed)           1.230     6.841    u_control_tower/r_counter_reg_n_0_[7]
    SLICE_X58Y48         LUT6 (Prop_lut6_I0_O)        0.124     6.965 r  u_control_tower/r_10ms_counter[13]_i_10/O
                         net (fo=1, routed)           0.585     7.551    u_control_tower/r_10ms_counter[13]_i_10_n_0
    SLICE_X58Y47         LUT6 (Prop_lut6_I5_O)        0.124     7.675 r  u_control_tower/r_10ms_counter[13]_i_4/O
                         net (fo=1, routed)           0.562     8.236    u_control_tower/r_10ms_counter[13]_i_4_n_0
    SLICE_X58Y50         LUT6 (Prop_lut6_I1_O)        0.124     8.360 r  u_control_tower/r_10ms_counter[13]_i_1/O
                         net (fo=14, routed)          0.808     9.168    u_control_tower/r_10ms_counter
    SLICE_X62Y52         FDCE                                         r  u_control_tower/r_10ms_counter_reg[13]/CE
  -------------------------------------------------------------------    -------------------

                         (clock sys_clk_pin rise edge)
                                                     10.000    10.000 r  
    W5                                                0.000    10.000 r  clk (IN)
                         net (fo=0)                   0.000    10.000    clk
    W5                   IBUF (Prop_ibuf_I_O)         1.388    11.388 r  clk_IBUF_inst/O
                         net (fo=1, routed)           1.862    13.250    clk_IBUF
    BUFGCTRL_X0Y0        BUFG (Prop_bufg_I_O)         0.091    13.341 r  clk_IBUF_BUFG_inst/O
                         net (fo=76, routed)          1.510    14.851    u_control_tower/CLK
    SLICE_X62Y52         FDCE                                         r  u_control_tower/r_10ms_counter_reg[13]/C
                         clock pessimism              0.180    15.031    
                         clock uncertainty           -0.035    14.995    
    SLICE_X62Y52         FDCE (Setup_fdce_C_CE)      -0.205    14.790    u_control_tower/r_10ms_counter_reg[13]
  -------------------------------------------------------------------
                         required time                         14.790    
                         arrival time                          -9.168    
  -------------------------------------------------------------------
                         slack                                  5.622    

Slack (MET) :             5.715ns  (required time - arrival time)
  Source:                 u_btn_debouncer/U_debouncer_btnL/count_reg[4]/C
                            (rising edge-triggered cell FDCE clocked by sys_clk_pin  {rise@0.000ns fall@5.000ns period=10.000ns})
  Destination:            u_btn_debouncer/U_debouncer_btnL/count_reg[3]/D
                            (rising edge-triggered cell FDCE clocked by sys_clk_pin  {rise@0.000ns fall@5.000ns period=10.000ns})
  Path Group:             sys_clk_pin
  Path Type:              Setup (Max at Slow Process Corner)
  Requirement:            10.000ns  (sys_clk_pin rise@10.000ns - sys_clk_pin rise@0.000ns)
  Data Path Delay:        4.281ns  (logic 1.211ns (28.287%)  route 3.070ns (71.713%))
  Logic Levels:           5  (LUT4=1 LUT5=1 LUT6=3)
  Clock Path Skew:        0.000ns (DCD - SCD + CPR)
    Destination Clock Delay (DCD):    4.793ns = ( 14.793 - 10.000 ) 
    Source Clock Delay      (SCD):    5.092ns
    Clock Pessimism Removal (CPR):    0.299ns
  Clock Uncertainty:      0.035ns  ((TSJ^2 + TIJ^2)^1/2 + DJ) / 2 + PE
    Total System Jitter     (TSJ):    0.071ns
    Total Input Jitter      (TIJ):    0.000ns
    Discrete Jitter          (DJ):    0.000ns
    Phase Error              (PE):    0.000ns

    Location             Delay type                Incr(ns)  Path(ns)    Netlist Resource(s)
  -------------------------------------------------------------------    -------------------
                         (clock sys_clk_pin rise edge)
                                                      0.000     0.000 r  
    W5                                                0.000     0.000 r  clk (IN)
                         net (fo=0)                   0.000     0.000    clk
    W5                   IBUF (Prop_ibuf_I_O)         1.458     1.458 r  clk_IBUF_inst/O
                         net (fo=1, routed)           1.967     3.425    clk_IBUF
    BUFGCTRL_X0Y0        BUFG (Prop_bufg_I_O)         0.096     3.521 r  clk_IBUF_BUFG_inst/O
                         net (fo=76, routed)          1.571     5.092    u_btn_debouncer/U_debouncer_btnL/CLK
    SLICE_X55Y46         FDCE                                         r  u_btn_debouncer/U_debouncer_btnL/count_reg[4]/C
  -------------------------------------------------------------------    -------------------
    SLICE_X55Y46         FDCE (Prop_fdce_C_Q)         0.419     5.511 f  u_btn_debouncer/U_debouncer_btnL/count_reg[4]/Q
                         net (fo=2, routed)           1.059     6.571    u_btn_debouncer/U_debouncer_btnL/count[4]
    SLICE_X55Y46         LUT6 (Prop_lut6_I3_O)        0.296     6.867 r  u_btn_debouncer/U_debouncer_btnL/btn_state_i_5/O
                         net (fo=1, routed)           0.294     7.161    u_btn_debouncer/U_debouncer_btnL/btn_state_i_5_n_0
    SLICE_X55Y47         LUT5 (Prop_lut5_I3_O)        0.124     7.285 r  u_btn_debouncer/U_debouncer_btnL/btn_state_i_4/O
                         net (fo=1, routed)           0.404     7.689    u_btn_debouncer/U_debouncer_btnL/btn_state_i_4_n_0
    SLICE_X55Y48         LUT6 (Prop_lut6_I4_O)        0.124     7.813 r  u_btn_debouncer/U_debouncer_btnL/btn_state_i_3/O
                         net (fo=1, routed)           0.294     8.108    u_btn_debouncer/U_debouncer_btnL/btn_state_i_3_n_0
    SLICE_X55Y49         LUT6 (Prop_lut6_I1_O)        0.124     8.232 r  u_btn_debouncer/U_debouncer_btnL/btn_state_i_2/O
                         net (fo=21, routed)          1.018     9.249    u_btn_debouncer/U_debouncer_btnL/btn_state_i_2_n_0
    SLICE_X55Y46         LUT4 (Prop_lut4_I1_O)        0.124     9.373 r  u_btn_debouncer/U_debouncer_btnL/count[3]_i_1/O
                         net (fo=1, routed)           0.000     9.373    u_btn_debouncer/U_debouncer_btnL/p_0_in[3]
    SLICE_X55Y46         FDCE                                         r  u_btn_debouncer/U_debouncer_btnL/count_reg[3]/D
  -------------------------------------------------------------------    -------------------

                         (clock sys_clk_pin rise edge)
                                                     10.000    10.000 r  
    W5                                                0.000    10.000 r  clk (IN)
                         net (fo=0)                   0.000    10.000    clk
    W5                   IBUF (Prop_ibuf_I_O)         1.388    11.388 r  clk_IBUF_inst/O
                         net (fo=1, routed)           1.862    13.250    clk_IBUF
    BUFGCTRL_X0Y0        BUFG (Prop_bufg_I_O)         0.091    13.341 r  clk_IBUF_BUFG_inst/O
                         net (fo=76, routed)          1.452    14.793    u_btn_debouncer/U_debouncer_btnL/CLK
    SLICE_X55Y46         FDCE                                         r  u_btn_debouncer/U_debouncer_btnL/count_reg[3]/C
                         clock pessimism              0.299    15.092    
                         clock uncertainty           -0.035    15.057    
    SLICE_X55Y46         FDCE (Setup_fdce_C_D)        0.031    15.088    u_btn_debouncer/U_debouncer_btnL/count_reg[3]
  -------------------------------------------------------------------
                         required time                         15.088    
                         arrival time                          -9.373    
  -------------------------------------------------------------------
                         slack                                  5.715    

Slack (MET) :             5.715ns  (required time - arrival time)
  Source:                 u_btn_debouncer/U_debouncer_btnL/count_reg[4]/C
                            (rising edge-triggered cell FDCE clocked by sys_clk_pin  {rise@0.000ns fall@5.000ns period=10.000ns})
  Destination:            u_btn_debouncer/U_debouncer_btnL/count_reg[1]/D
                            (rising edge-triggered cell FDCE clocked by sys_clk_pin  {rise@0.000ns fall@5.000ns period=10.000ns})
  Path Group:             sys_clk_pin
  Path Type:              Setup (Max at Slow Process Corner)
  Requirement:            10.000ns  (sys_clk_pin rise@10.000ns - sys_clk_pin rise@0.000ns)
  Data Path Delay:        4.279ns  (logic 1.211ns (28.301%)  route 3.068ns (71.699%))
  Logic Levels:           5  (LUT4=1 LUT5=1 LUT6=3)
  Clock Path Skew:        0.000ns (DCD - SCD + CPR)
    Destination Clock Delay (DCD):    4.793ns = ( 14.793 - 10.000 ) 
    Source Clock Delay      (SCD):    5.092ns
    Clock Pessimism Removal (CPR):    0.299ns
  Clock Uncertainty:      0.035ns  ((TSJ^2 + TIJ^2)^1/2 + DJ) / 2 + PE
    Total System Jitter     (TSJ):    0.071ns
    Total Input Jitter      (TIJ):    0.000ns
    Discrete Jitter          (DJ):    0.000ns
    Phase Error              (PE):    0.000ns

    Location             Delay type                Incr(ns)  Path(ns)    Netlist Resource(s)
  -------------------------------------------------------------------    -------------------
                         (clock sys_clk_pin rise edge)
                                                      0.000     0.000 r  
    W5                                                0.000     0.000 r  clk (IN)
                         net (fo=0)                   0.000     0.000    clk
    W5                   IBUF (Prop_ibuf_I_O)         1.458     1.458 r  clk_IBUF_inst/O
                         net (fo=1, routed)           1.967     3.425    clk_IBUF
    BUFGCTRL_X0Y0        BUFG (Prop_bufg_I_O)         0.096     3.521 r  clk_IBUF_BUFG_inst/O
                         net (fo=76, routed)          1.571     5.092    u_btn_debouncer/U_debouncer_btnL/CLK
    SLICE_X55Y46         FDCE                                         r  u_btn_debouncer/U_debouncer_btnL/count_reg[4]/C
  -------------------------------------------------------------------    -------------------
    SLICE_X55Y46         FDCE (Prop_fdce_C_Q)         0.419     5.511 f  u_btn_debouncer/U_debouncer_btnL/count_reg[4]/Q
                         net (fo=2, routed)           1.059     6.571    u_btn_debouncer/U_debouncer_btnL/count[4]
    SLICE_X55Y46         LUT6 (Prop_lut6_I3_O)        0.296     6.867 r  u_btn_debouncer/U_debouncer_btnL/btn_state_i_5/O
                         net (fo=1, routed)           0.294     7.161    u_btn_debouncer/U_debouncer_btnL/btn_state_i_5_n_0
    SLICE_X55Y47         LUT5 (Prop_lut5_I3_O)        0.124     7.285 r  u_btn_debouncer/U_debouncer_btnL/btn_state_i_4/O
                         net (fo=1, routed)           0.404     7.689    u_btn_debouncer/U_debouncer_btnL/btn_state_i_4_n_0
    SLICE_X55Y48         LUT6 (Prop_lut6_I4_O)        0.124     7.813 r  u_btn_debouncer/U_debouncer_btnL/btn_state_i_3/O
                         net (fo=1, routed)           0.294     8.108    u_btn_debouncer/U_debouncer_btnL/btn_state_i_3_n_0
    SLICE_X55Y49         LUT6 (Prop_lut6_I1_O)        0.124     8.232 r  u_btn_debouncer/U_debouncer_btnL/btn_state_i_2/O
                         net (fo=21, routed)          1.016     9.247    u_btn_debouncer/U_debouncer_btnL/btn_state_i_2_n_0
    SLICE_X55Y46         LUT4 (Prop_lut4_I1_O)        0.124     9.371 r  u_btn_debouncer/U_debouncer_btnL/count[1]_i_1/O
                         net (fo=1, routed)           0.000     9.371    u_btn_debouncer/U_debouncer_btnL/p_0_in[1]
    SLICE_X55Y46         FDCE                                         r  u_btn_debouncer/U_debouncer_btnL/count_reg[1]/D
  -------------------------------------------------------------------    -------------------

                         (clock sys_clk_pin rise edge)
                                                     10.000    10.000 r  
    W5                                                0.000    10.000 r  clk (IN)
                         net (fo=0)                   0.000    10.000    clk
    W5                   IBUF (Prop_ibuf_I_O)         1.388    11.388 r  clk_IBUF_inst/O
                         net (fo=1, routed)           1.862    13.250    clk_IBUF
    BUFGCTRL_X0Y0        BUFG (Prop_bufg_I_O)         0.091    13.341 r  clk_IBUF_BUFG_inst/O
                         net (fo=76, routed)          1.452    14.793    u_btn_debouncer/U_debouncer_btnL/CLK
    SLICE_X55Y46         FDCE                                         r  u_btn_debouncer/U_debouncer_btnL/count_reg[1]/C
                         clock pessimism              0.299    15.092    
                         clock uncertainty           -0.035    15.057    
    SLICE_X55Y46         FDCE (Setup_fdce_C_D)        0.029    15.086    u_btn_debouncer/U_debouncer_btnL/count_reg[1]
  -------------------------------------------------------------------
                         required time                         15.086    
                         arrival time                          -9.371    
  -------------------------------------------------------------------
                         slack                                  5.715    

Slack (MET) :             5.731ns  (required time - arrival time)
  Source:                 u_btn_debouncer/U_debouncer_btnL/count_reg[4]/C
                            (rising edge-triggered cell FDCE clocked by sys_clk_pin  {rise@0.000ns fall@5.000ns period=10.000ns})
  Destination:            u_btn_debouncer/U_debouncer_btnL/count_reg[4]/D
                            (rising edge-triggered cell FDCE clocked by sys_clk_pin  {rise@0.000ns fall@5.000ns period=10.000ns})
  Path Group:             sys_clk_pin
  Path Type:              Setup (Max at Slow Process Corner)
  Requirement:            10.000ns  (sys_clk_pin rise@10.000ns - sys_clk_pin rise@0.000ns)
  Data Path Delay:        4.309ns  (logic 1.239ns (28.753%)  route 3.070ns (71.247%))
  Logic Levels:           5  (LUT4=1 LUT5=1 LUT6=3)
  Clock Path Skew:        0.000ns (DCD - SCD + CPR)
    Destination Clock Delay (DCD):    4.793ns = ( 14.793 - 10.000 ) 
    Source Clock Delay      (SCD):    5.092ns
    Clock Pessimism Removal (CPR):    0.299ns
  Clock Uncertainty:      0.035ns  ((TSJ^2 + TIJ^2)^1/2 + DJ) / 2 + PE
    Total System Jitter     (TSJ):    0.071ns
    Total Input Jitter      (TIJ):    0.000ns
    Discrete Jitter          (DJ):    0.000ns
    Phase Error              (PE):    0.000ns

    Location             Delay type                Incr(ns)  Path(ns)    Netlist Resource(s)
  -------------------------------------------------------------------    -------------------
                         (clock sys_clk_pin rise edge)
                                                      0.000     0.000 r  
    W5                                                0.000     0.000 r  clk (IN)
                         net (fo=0)                   0.000     0.000    clk
    W5                   IBUF (Prop_ibuf_I_O)         1.458     1.458 r  clk_IBUF_inst/O
                         net (fo=1, routed)           1.967     3.425    clk_IBUF
    BUFGCTRL_X0Y0        BUFG (Prop_bufg_I_O)         0.096     3.521 r  clk_IBUF_BUFG_inst/O
                         net (fo=76, routed)          1.571     5.092    u_btn_debouncer/U_debouncer_btnL/CLK
    SLICE_X55Y46         FDCE                                         r  u_btn_debouncer/U_debouncer_btnL/count_reg[4]/C
  -------------------------------------------------------------------    -------------------
    SLICE_X55Y46         FDCE (Prop_fdce_C_Q)         0.419     5.511 f  u_btn_debouncer/U_debouncer_btnL/count_reg[4]/Q
                         net (fo=2, routed)           1.059     6.571    u_btn_debouncer/U_debouncer_btnL/count[4]
    SLICE_X55Y46         LUT6 (Prop_lut6_I3_O)        0.296     6.867 r  u_btn_debouncer/U_debouncer_btnL/btn_state_i_5/O
                         net (fo=1, routed)           0.294     7.161    u_btn_debouncer/U_debouncer_btnL/btn_state_i_5_n_0
    SLICE_X55Y47         LUT5 (Prop_lut5_I3_O)        0.124     7.285 r  u_btn_debouncer/U_debouncer_btnL/btn_state_i_4/O
                         net (fo=1, routed)           0.404     7.689    u_btn_debouncer/U_debouncer_btnL/btn_state_i_4_n_0
    SLICE_X55Y48         LUT6 (Prop_lut6_I4_O)        0.124     7.813 r  u_btn_debouncer/U_debouncer_btnL/btn_state_i_3/O
                         net (fo=1, routed)           0.294     8.108    u_btn_debouncer/U_debouncer_btnL/btn_state_i_3_n_0
    SLICE_X55Y49         LUT6 (Prop_lut6_I1_O)        0.124     8.232 r  u_btn_debouncer/U_debouncer_btnL/btn_state_i_2/O
                         net (fo=21, routed)          1.018     9.249    u_btn_debouncer/U_debouncer_btnL/btn_state_i_2_n_0
    SLICE_X55Y46         LUT4 (Prop_lut4_I1_O)        0.152     9.401 r  u_btn_debouncer/U_debouncer_btnL/count[4]_i_1/O
                         net (fo=1, routed)           0.000     9.401    u_btn_debouncer/U_debouncer_btnL/p_0_in[4]
    SLICE_X55Y46         FDCE                                         r  u_btn_debouncer/U_debouncer_btnL/count_reg[4]/D
  -------------------------------------------------------------------    -------------------

                         (clock sys_clk_pin rise edge)
                                                     10.000    10.000 r  
    W5                                                0.000    10.000 r  clk (IN)
                         net (fo=0)                   0.000    10.000    clk
    W5                   IBUF (Prop_ibuf_I_O)         1.388    11.388 r  clk_IBUF_inst/O
                         net (fo=1, routed)           1.862    13.250    clk_IBUF
    BUFGCTRL_X0Y0        BUFG (Prop_bufg_I_O)         0.091    13.341 r  clk_IBUF_BUFG_inst/O
                         net (fo=76, routed)          1.452    14.793    u_btn_debouncer/U_debouncer_btnL/CLK
    SLICE_X55Y46         FDCE                                         r  u_btn_debouncer/U_debouncer_btnL/count_reg[4]/C
                         clock pessimism              0.299    15.092    
                         clock uncertainty           -0.035    15.057    
    SLICE_X55Y46         FDCE (Setup_fdce_C_D)        0.075    15.132    u_btn_debouncer/U_debouncer_btnL/count_reg[4]
  -------------------------------------------------------------------
                         required time                         15.132    
                         arrival time                          -9.401    
  -------------------------------------------------------------------
                         slack                                  5.731    

Slack (MET) :             5.733ns  (required time - arrival time)
  Source:                 u_btn_debouncer/U_debouncer_btnL/count_reg[4]/C
                            (rising edge-triggered cell FDCE clocked by sys_clk_pin  {rise@0.000ns fall@5.000ns period=10.000ns})
  Destination:            u_btn_debouncer/U_debouncer_btnL/count_reg[2]/D
                            (rising edge-triggered cell FDCE clocked by sys_clk_pin  {rise@0.000ns fall@5.000ns period=10.000ns})
  Path Group:             sys_clk_pin
  Path Type:              Setup (Max at Slow Process Corner)
  Requirement:            10.000ns  (sys_clk_pin rise@10.000ns - sys_clk_pin rise@0.000ns)
  Data Path Delay:        4.307ns  (logic 1.239ns (28.767%)  route 3.068ns (71.233%))
  Logic Levels:           5  (LUT4=1 LUT5=1 LUT6=3)
  Clock Path Skew:        0.000ns (DCD - SCD + CPR)
    Destination Clock Delay (DCD):    4.793ns = ( 14.793 - 10.000 ) 
    Source Clock Delay      (SCD):    5.092ns
    Clock Pessimism Removal (CPR):    0.299ns
  Clock Uncertainty:      0.035ns  ((TSJ^2 + TIJ^2)^1/2 + DJ) / 2 + PE
    Total System Jitter     (TSJ):    0.071ns
    Total Input Jitter      (TIJ):    0.000ns
    Discrete Jitter          (DJ):    0.000ns
    Phase Error              (PE):    0.000ns

    Location             Delay type                Incr(ns)  Path(ns)    Netlist Resource(s)
  -------------------------------------------------------------------    -------------------
                         (clock sys_clk_pin rise edge)
                                                      0.000     0.000 r  
    W5                                                0.000     0.000 r  clk (IN)
                         net (fo=0)                   0.000     0.000    clk
    W5                   IBUF (Prop_ibuf_I_O)         1.458     1.458 r  clk_IBUF_inst/O
                         net (fo=1, routed)           1.967     3.425    clk_IBUF
    BUFGCTRL_X0Y0        BUFG (Prop_bufg_I_O)         0.096     3.521 r  clk_IBUF_BUFG_inst/O
                         net (fo=76, routed)          1.571     5.092    u_btn_debouncer/U_debouncer_btnL/CLK
    SLICE_X55Y46         FDCE                                         r  u_btn_debouncer/U_debouncer_btnL/count_reg[4]/C
  -------------------------------------------------------------------    -------------------
    SLICE_X55Y46         FDCE (Prop_fdce_C_Q)         0.419     5.511 f  u_btn_debouncer/U_debouncer_btnL/count_reg[4]/Q
                         net (fo=2, routed)           1.059     6.571    u_btn_debouncer/U_debouncer_btnL/count[4]
    SLICE_X55Y46         LUT6 (Prop_lut6_I3_O)        0.296     6.867 r  u_btn_debouncer/U_debouncer_btnL/btn_state_i_5/O
                         net (fo=1, routed)           0.294     7.161    u_btn_debouncer/U_debouncer_btnL/btn_state_i_5_n_0
    SLICE_X55Y47         LUT5 (Prop_lut5_I3_O)        0.124     7.285 r  u_btn_debouncer/U_debouncer_btnL/btn_state_i_4/O
                         net (fo=1, routed)           0.404     7.689    u_btn_debouncer/U_debouncer_btnL/btn_state_i_4_n_0
    SLICE_X55Y48         LUT6 (Prop_lut6_I4_O)        0.124     7.813 r  u_btn_debouncer/U_debouncer_btnL/btn_state_i_3/O
                         net (fo=1, routed)           0.294     8.108    u_btn_debouncer/U_debouncer_btnL/btn_state_i_3_n_0
    SLICE_X55Y49         LUT6 (Prop_lut6_I1_O)        0.124     8.232 r  u_btn_debouncer/U_debouncer_btnL/btn_state_i_2/O
                         net (fo=21, routed)          1.016     9.247    u_btn_debouncer/U_debouncer_btnL/btn_state_i_2_n_0
    SLICE_X55Y46         LUT4 (Prop_lut4_I1_O)        0.152     9.399 r  u_btn_debouncer/U_debouncer_btnL/count[2]_i_1/O
                         net (fo=1, routed)           0.000     9.399    u_btn_debouncer/U_debouncer_btnL/p_0_in[2]
    SLICE_X55Y46         FDCE                                         r  u_btn_debouncer/U_debouncer_btnL/count_reg[2]/D
  -------------------------------------------------------------------    -------------------

                         (clock sys_clk_pin rise edge)
                                                     10.000    10.000 r  
    W5                                                0.000    10.000 r  clk (IN)
                         net (fo=0)                   0.000    10.000    clk
    W5                   IBUF (Prop_ibuf_I_O)         1.388    11.388 r  clk_IBUF_inst/O
                         net (fo=1, routed)           1.862    13.250    clk_IBUF
    BUFGCTRL_X0Y0        BUFG (Prop_bufg_I_O)         0.091    13.341 r  clk_IBUF_BUFG_inst/O
                         net (fo=76, routed)          1.452    14.793    u_btn_debouncer/U_debouncer_btnL/CLK
    SLICE_X55Y46         FDCE                                         r  u_btn_debouncer/U_debouncer_btnL/count_reg[2]/C
                         clock pessimism              0.299    15.092    
                         clock uncertainty           -0.035    15.057    
    SLICE_X55Y46         FDCE (Setup_fdce_C_D)        0.075    15.132    u_btn_debouncer/U_debouncer_btnL/count_reg[2]
  -------------------------------------------------------------------
                         required time                         15.132    
                         arrival time                          -9.399    
  -------------------------------------------------------------------
                         slack                                  5.733    





Min Delay Paths
--------------------------------------------------------------------------------------
Slack (MET) :             0.188ns  (arrival time - required time)
  Source:                 u_control_tower/r_prev_btnL_reg/C
                            (rising edge-triggered cell FDRE clocked by sys_clk_pin  {rise@0.000ns fall@5.000ns period=10.000ns})
  Destination:            u_control_tower/r_mode_reg[0]/D
                            (rising edge-triggered cell FDCE clocked by sys_clk_pin  {rise@0.000ns fall@5.000ns period=10.000ns})
  Path Group:             sys_clk_pin
  Path Type:              Hold (Min at Fast Process Corner)
  Requirement:            0.000ns  (sys_clk_pin rise@0.000ns - sys_clk_pin rise@0.000ns)
  Data Path Delay:        0.333ns  (logic 0.190ns (57.028%)  route 0.143ns (42.972%))
  Logic Levels:           1  (LUT5=1)
  Clock Path Skew:        0.013ns (DCD - SCD - CPR)
    Destination Clock Delay (DCD):    1.965ns
    Source Clock Delay      (SCD):    1.452ns
    Clock Pessimism Removal (CPR):    0.500ns

    Location             Delay type                Incr(ns)  Path(ns)    Netlist Resource(s)
  -------------------------------------------------------------------    -------------------
                         (clock sys_clk_pin rise edge)
                                                      0.000     0.000 r  
    W5                                                0.000     0.000 r  clk (IN)
                         net (fo=0)                   0.000     0.000    clk
    W5                   IBUF (Prop_ibuf_I_O)         0.226     0.226 r  clk_IBUF_inst/O
                         net (fo=1, routed)           0.631     0.858    clk_IBUF
    BUFGCTRL_X0Y0        BUFG (Prop_bufg_I_O)         0.026     0.884 r  clk_IBUF_BUFG_inst/O
                         net (fo=76, routed)          0.569     1.452    u_control_tower/CLK
    SLICE_X57Y47         FDRE                                         r  u_control_tower/r_prev_btnL_reg/C
  -------------------------------------------------------------------    -------------------
    SLICE_X57Y47         FDRE (Prop_fdre_C_Q)         0.141     1.593 r  u_control_tower/r_prev_btnL_reg/Q
                         net (fo=2, routed)           0.143     1.736    u_control_tower/r_prev_btnL
    SLICE_X56Y47         LUT5 (Prop_lut5_I1_O)        0.049     1.785 r  u_control_tower/r_mode[0]_i_1/O
                         net (fo=1, routed)           0.000     1.785    u_control_tower/r_mode[0]_i_1_n_0
    SLICE_X56Y47         FDCE                                         r  u_control_tower/r_mode_reg[0]/D
  -------------------------------------------------------------------    -------------------

                         (clock sys_clk_pin rise edge)
                                                      0.000     0.000 r  
    W5                                                0.000     0.000 r  clk (IN)
                         net (fo=0)                   0.000     0.000    clk
    W5                   IBUF (Prop_ibuf_I_O)         0.414     0.414 r  clk_IBUF_inst/O
                         net (fo=1, routed)           0.685     1.099    clk_IBUF
    BUFGCTRL_X0Y0        BUFG (Prop_bufg_I_O)         0.029     1.128 r  clk_IBUF_BUFG_inst/O
                         net (fo=76, routed)          0.838     1.965    u_control_tower/CLK
    SLICE_X56Y47         FDCE                                         r  u_control_tower/r_mode_reg[0]/C
                         clock pessimism             -0.500     1.465    
    SLICE_X56Y47         FDCE (Hold_fdce_C_D)         0.132     1.597    u_control_tower/r_mode_reg[0]
  -------------------------------------------------------------------
                         required time                         -1.597    
                         arrival time                           1.785    
  -------------------------------------------------------------------
                         slack                                  0.188    

Slack (MET) :             0.277ns  (arrival time - required time)
  Source:                 u_control_tower/r_counter_reg[0]/C
                            (rising edge-triggered cell FDCE clocked by sys_clk_pin  {rise@0.000ns fall@5.000ns period=10.000ns})
  Destination:            u_control_tower/r_counter_reg[0]/D
                            (rising edge-triggered cell FDCE clocked by sys_clk_pin  {rise@0.000ns fall@5.000ns period=10.000ns})
  Path Group:             sys_clk_pin
  Path Type:              Hold (Min at Fast Process Corner)
  Requirement:            0.000ns  (sys_clk_pin rise@0.000ns - sys_clk_pin rise@0.000ns)
  Data Path Delay:        0.397ns  (logic 0.209ns (52.711%)  route 0.188ns (47.289%))
  Logic Levels:           1  (LUT2=1)
  Clock Path Skew:        0.000ns (DCD - SCD - CPR)
    Destination Clock Delay (DCD):    1.965ns
    Source Clock Delay      (SCD):    1.452ns
    Clock Pessimism Removal (CPR):    0.513ns

    Location             Delay type                Incr(ns)  Path(ns)    Netlist Resource(s)
  -------------------------------------------------------------------    -------------------
                         (clock sys_clk_pin rise edge)
                                                      0.000     0.000 r  
    W5                                                0.000     0.000 r  clk (IN)
                         net (fo=0)                   0.000     0.000    clk
    W5                   IBUF (Prop_ibuf_I_O)         0.226     0.226 r  clk_IBUF_inst/O
                         net (fo=1, routed)           0.631     0.858    clk_IBUF
    BUFGCTRL_X0Y0        BUFG (Prop_bufg_I_O)         0.026     0.884 r  clk_IBUF_BUFG_inst/O
                         net (fo=76, routed)          0.569     1.452    u_control_tower/CLK
    SLICE_X56Y47         FDCE                                         r  u_control_tower/r_counter_reg[0]/C
  -------------------------------------------------------------------    -------------------
    SLICE_X56Y47         FDCE (Prop_fdce_C_Q)         0.164     1.616 f  u_control_tower/r_counter_reg[0]/Q
                         net (fo=4, routed)           0.188     1.804    u_control_tower/r_counter_reg_n_0_[0]
    SLICE_X56Y47         LUT2 (Prop_lut2_I1_O)        0.045     1.849 r  u_control_tower/r_counter[0]_i_1/O
                         net (fo=1, routed)           0.000     1.849    u_control_tower/r_counter[0]
    SLICE_X56Y47         FDCE                                         r  u_control_tower/r_counter_reg[0]/D
  -------------------------------------------------------------------    -------------------

                         (clock sys_clk_pin rise edge)
                                                      0.000     0.000 r  
    W5                                                0.000     0.000 r  clk (IN)
                         net (fo=0)                   0.000     0.000    clk
    W5                   IBUF (Prop_ibuf_I_O)         0.414     0.414 r  clk_IBUF_inst/O
                         net (fo=1, routed)           0.685     1.099    clk_IBUF
    BUFGCTRL_X0Y0        BUFG (Prop_bufg_I_O)         0.029     1.128 r  clk_IBUF_BUFG_inst/O
                         net (fo=76, routed)          0.838     1.965    u_control_tower/CLK
    SLICE_X56Y47         FDCE                                         r  u_control_tower/r_counter_reg[0]/C
                         clock pessimism             -0.513     1.452    
    SLICE_X56Y47         FDCE (Hold_fdce_C_D)         0.120     1.572    u_control_tower/r_counter_reg[0]
  -------------------------------------------------------------------
                         required time                         -1.572    
                         arrival time                           1.849    
  -------------------------------------------------------------------
                         slack                                  0.277    

Slack (MET) :             0.319ns  (arrival time - required time)
  Source:                 u_btn_debouncer/U_debouncer_btnL/btn_state_reg/C
                            (rising edge-triggered cell FDCE clocked by sys_clk_pin  {rise@0.000ns fall@5.000ns period=10.000ns})
  Destination:            u_control_tower/r_prev_btnL_reg/D
                            (rising edge-triggered cell FDRE clocked by sys_clk_pin  {rise@0.000ns fall@5.000ns period=10.000ns})
  Path Group:             sys_clk_pin
  Path Type:              Hold (Min at Fast Process Corner)
  Requirement:            0.000ns  (sys_clk_pin rise@0.000ns - sys_clk_pin rise@0.000ns)
  Data Path Delay:        0.397ns  (logic 0.164ns (41.301%)  route 0.233ns (58.699%))
  Logic Levels:           0  
  Clock Path Skew:        0.017ns (DCD - SCD - CPR)
    Destination Clock Delay (DCD):    1.965ns
    Source Clock Delay      (SCD):    1.451ns
    Clock Pessimism Removal (CPR):    0.497ns

    Location             Delay type                Incr(ns)  Path(ns)    Netlist Resource(s)
  -------------------------------------------------------------------    -------------------
                         (clock sys_clk_pin rise edge)
                                                      0.000     0.000 r  
    W5                                                0.000     0.000 r  clk (IN)
                         net (fo=0)                   0.000     0.000    clk
    W5                   IBUF (Prop_ibuf_I_O)         0.226     0.226 r  clk_IBUF_inst/O
                         net (fo=1, routed)           0.631     0.858    clk_IBUF
    BUFGCTRL_X0Y0        BUFG (Prop_bufg_I_O)         0.026     0.884 r  clk_IBUF_BUFG_inst/O
                         net (fo=76, routed)          0.568     1.451    u_btn_debouncer/U_debouncer_btnL/CLK
    SLICE_X56Y46         FDCE                                         r  u_btn_debouncer/U_debouncer_btnL/btn_state_reg/C
  -------------------------------------------------------------------    -------------------
    SLICE_X56Y46         FDCE (Prop_fdce_C_Q)         0.164     1.615 r  u_btn_debouncer/U_debouncer_btnL/btn_state_reg/Q
                         net (fo=24, routed)          0.233     1.848    u_control_tower/w_debounced_btn[0]
    SLICE_X57Y47         FDRE                                         r  u_control_tower/r_prev_btnL_reg/D
  -------------------------------------------------------------------    -------------------

                         (clock sys_clk_pin rise edge)
                                                      0.000     0.000 r  
    W5                                                0.000     0.000 r  clk (IN)
                         net (fo=0)                   0.000     0.000    clk
    W5                   IBUF (Prop_ibuf_I_O)         0.414     0.414 r  clk_IBUF_inst/O
                         net (fo=1, routed)           0.685     1.099    clk_IBUF
    BUFGCTRL_X0Y0        BUFG (Prop_bufg_I_O)         0.029     1.128 r  clk_IBUF_BUFG_inst/O
                         net (fo=76, routed)          0.838     1.965    u_control_tower/CLK
    SLICE_X57Y47         FDRE                                         r  u_control_tower/r_prev_btnL_reg/C
                         clock pessimism             -0.497     1.468    
    SLICE_X57Y47         FDRE (Hold_fdre_C_D)         0.061     1.529    u_control_tower/r_prev_btnL_reg
  -------------------------------------------------------------------
                         required time                         -1.529    
                         arrival time                           1.848    
  -------------------------------------------------------------------
                         slack                                  0.319    

Slack (MET) :             0.336ns  (arrival time - required time)
  Source:                 u_control_tower/r_mode_reg[0]/C
                            (rising edge-triggered cell FDCE clocked by sys_clk_pin  {rise@0.000ns fall@5.000ns period=10.000ns})
  Destination:            u_control_tower/r_10ms_counter_reg[3]/D
                            (rising edge-triggered cell FDCE clocked by sys_clk_pin  {rise@0.000ns fall@5.000ns period=10.000ns})
  Path Group:             sys_clk_pin
  Path Type:              Hold (Min at Fast Process Corner)
  Requirement:            0.000ns  (sys_clk_pin rise@0.000ns - sys_clk_pin rise@0.000ns)
  Data Path Delay:        0.753ns  (logic 0.209ns (27.753%)  route 0.544ns (72.247%))
  Logic Levels:           1  (LUT6=1)
  Clock Path Skew:        0.296ns (DCD - SCD - CPR)
    Destination Clock Delay (DCD):    1.992ns
    Source Clock Delay      (SCD):    1.452ns
    Clock Pessimism Removal (CPR):    0.244ns

    Location             Delay type                Incr(ns)  Path(ns)    Netlist Resource(s)
  -------------------------------------------------------------------    -------------------
                         (clock sys_clk_pin rise edge)
                                                      0.000     0.000 r  
    W5                                                0.000     0.000 r  clk (IN)
                         net (fo=0)                   0.000     0.000    clk
    W5                   IBUF (Prop_ibuf_I_O)         0.226     0.226 r  clk_IBUF_inst/O
                         net (fo=1, routed)           0.631     0.858    clk_IBUF
    BUFGCTRL_X0Y0        BUFG (Prop_bufg_I_O)         0.026     0.884 r  clk_IBUF_BUFG_inst/O
                         net (fo=76, routed)          0.569     1.452    u_control_tower/CLK
    SLICE_X56Y47         FDCE                                         r  u_control_tower/r_mode_reg[0]/C
  -------------------------------------------------------------------    -------------------
    SLICE_X56Y47         FDCE (Prop_fdce_C_Q)         0.164     1.616 f  u_control_tower/r_mode_reg[0]/Q
                         net (fo=128, routed)         0.544     2.160    u_control_tower/led_OBUF[0]
    SLICE_X64Y50         LUT6 (Prop_lut6_I0_O)        0.045     2.205 r  u_control_tower/r_10ms_counter[3]_i_1/O
                         net (fo=1, routed)           0.000     2.205    u_control_tower/r_10ms_counter0_in[3]
    SLICE_X64Y50         FDCE                                         r  u_control_tower/r_10ms_counter_reg[3]/D
  -------------------------------------------------------------------    -------------------

                         (clock sys_clk_pin rise edge)
                                                      0.000     0.000 r  
    W5                                                0.000     0.000 r  clk (IN)
                         net (fo=0)                   0.000     0.000    clk
    W5                   IBUF (Prop_ibuf_I_O)         0.414     0.414 r  clk_IBUF_inst/O
                         net (fo=1, routed)           0.685     1.099    clk_IBUF
    BUFGCTRL_X0Y0        BUFG (Prop_bufg_I_O)         0.029     1.128 r  clk_IBUF_BUFG_inst/O
                         net (fo=76, routed)          0.864     1.992    u_control_tower/CLK
    SLICE_X64Y50         FDCE                                         r  u_control_tower/r_10ms_counter_reg[3]/C
                         clock pessimism             -0.244     1.748    
    SLICE_X64Y50         FDCE (Hold_fdce_C_D)         0.121     1.869    u_control_tower/r_10ms_counter_reg[3]
  -------------------------------------------------------------------
                         required time                         -1.869    
                         arrival time                           2.205    
  -------------------------------------------------------------------
                         slack                                  0.336    

Slack (MET) :             0.342ns  (arrival time - required time)
  Source:                 u_control_tower/r_mode_reg[0]/C
                            (rising edge-triggered cell FDCE clocked by sys_clk_pin  {rise@0.000ns fall@5.000ns period=10.000ns})
  Destination:            u_control_tower/r_10ms_counter_reg[7]/D
                            (rising edge-triggered cell FDCE clocked by sys_clk_pin  {rise@0.000ns fall@5.000ns period=10.000ns})
  Path Group:             sys_clk_pin
  Path Type:              Hold (Min at Fast Process Corner)
  Requirement:            0.000ns  (sys_clk_pin rise@0.000ns - sys_clk_pin rise@0.000ns)
  Data Path Delay:        0.727ns  (logic 0.209ns (28.730%)  route 0.518ns (71.270%))
  Logic Levels:           1  (LUT6=1)
  Clock Path Skew:        0.294ns (DCD - SCD - CPR)
    Destination Clock Delay (DCD):    1.990ns
    Source Clock Delay      (SCD):    1.452ns
    Clock Pessimism Removal (CPR):    0.244ns

    Location             Delay type                Incr(ns)  Path(ns)    Netlist Resource(s)
  -------------------------------------------------------------------    -------------------
                         (clock sys_clk_pin rise edge)
                                                      0.000     0.000 r  
    W5                                                0.000     0.000 r  clk (IN)
                         net (fo=0)                   0.000     0.000    clk
    W5                   IBUF (Prop_ibuf_I_O)         0.226     0.226 r  clk_IBUF_inst/O
                         net (fo=1, routed)           0.631     0.858    clk_IBUF
    BUFGCTRL_X0Y0        BUFG (Prop_bufg_I_O)         0.026     0.884 r  clk_IBUF_BUFG_inst/O
                         net (fo=76, routed)          0.569     1.452    u_control_tower/CLK
    SLICE_X56Y47         FDCE                                         r  u_control_tower/r_mode_reg[0]/C
  -------------------------------------------------------------------    -------------------
    SLICE_X56Y47         FDCE (Prop_fdce_C_Q)         0.164     1.616 f  u_control_tower/r_mode_reg[0]/Q
                         net (fo=128, routed)         0.518     2.135    u_control_tower/led_OBUF[0]
    SLICE_X61Y50         LUT6 (Prop_lut6_I0_O)        0.045     2.180 r  u_control_tower/r_10ms_counter[7]_i_1/O
                         net (fo=1, routed)           0.000     2.180    u_control_tower/r_10ms_counter0_in[7]
    SLICE_X61Y50         FDCE                                         r  u_control_tower/r_10ms_counter_reg[7]/D
  -------------------------------------------------------------------    -------------------

                         (clock sys_clk_pin rise edge)
                                                      0.000     0.000 r  
    W5                                                0.000     0.000 r  clk (IN)
                         net (fo=0)                   0.000     0.000    clk
    W5                   IBUF (Prop_ibuf_I_O)         0.414     0.414 r  clk_IBUF_inst/O
                         net (fo=1, routed)           0.685     1.099    clk_IBUF
    BUFGCTRL_X0Y0        BUFG (Prop_bufg_I_O)         0.029     1.128 r  clk_IBUF_BUFG_inst/O
                         net (fo=76, routed)          0.863     1.990    u_control_tower/CLK
    SLICE_X61Y50         FDCE                                         r  u_control_tower/r_10ms_counter_reg[7]/C
                         clock pessimism             -0.244     1.746    
    SLICE_X61Y50         FDCE (Hold_fdce_C_D)         0.092     1.838    u_control_tower/r_10ms_counter_reg[7]
  -------------------------------------------------------------------
                         required time                         -1.838    
                         arrival time                           2.180    
  -------------------------------------------------------------------
                         slack                                  0.342    

Slack (MET) :             0.347ns  (arrival time - required time)
  Source:                 u_control_tower/r_mode_reg[1]/C
                            (rising edge-triggered cell FDCE clocked by sys_clk_pin  {rise@0.000ns fall@5.000ns period=10.000ns})
  Destination:            u_control_tower/r_10ms_counter_reg[9]/D
                            (rising edge-triggered cell FDCE clocked by sys_clk_pin  {rise@0.000ns fall@5.000ns period=10.000ns})
  Path Group:             sys_clk_pin
  Path Type:              Hold (Min at Fast Process Corner)
  Requirement:            0.000ns  (sys_clk_pin rise@0.000ns - sys_clk_pin rise@0.000ns)
  Data Path Delay:        0.732ns  (logic 0.209ns (28.568%)  route 0.523ns (71.432%))
  Logic Levels:           1  (LUT6=1)
  Clock Path Skew:        0.294ns (DCD - SCD - CPR)
    Destination Clock Delay (DCD):    1.990ns
    Source Clock Delay      (SCD):    1.452ns
    Clock Pessimism Removal (CPR):    0.244ns

    Location             Delay type                Incr(ns)  Path(ns)    Netlist Resource(s)
  -------------------------------------------------------------------    -------------------
                         (clock sys_clk_pin rise edge)
                                                      0.000     0.000 r  
    W5                                                0.000     0.000 r  clk (IN)
                         net (fo=0)                   0.000     0.000    clk
    W5                   IBUF (Prop_ibuf_I_O)         0.226     0.226 r  clk_IBUF_inst/O
                         net (fo=1, routed)           0.631     0.858    clk_IBUF
    BUFGCTRL_X0Y0        BUFG (Prop_bufg_I_O)         0.026     0.884 r  clk_IBUF_BUFG_inst/O
                         net (fo=76, routed)          0.569     1.452    u_control_tower/CLK
    SLICE_X56Y47         FDCE                                         r  u_control_tower/r_mode_reg[1]/C
  -------------------------------------------------------------------    -------------------
    SLICE_X56Y47         FDCE (Prop_fdce_C_Q)         0.164     1.616 r  u_control_tower/r_mode_reg[1]/Q
                         net (fo=128, routed)         0.523     2.139    u_control_tower/led_OBUF[1]
    SLICE_X61Y51         LUT6 (Prop_lut6_I1_O)        0.045     2.184 r  u_control_tower/r_10ms_counter[9]_i_1/O
                         net (fo=1, routed)           0.000     2.184    u_control_tower/r_10ms_counter0_in[9]
    SLICE_X61Y51         FDCE                                         r  u_control_tower/r_10ms_counter_reg[9]/D
  -------------------------------------------------------------------    -------------------

                         (clock sys_clk_pin rise edge)
                                                      0.000     0.000 r  
    W5                                                0.000     0.000 r  clk (IN)
                         net (fo=0)                   0.000     0.000    clk
    W5                   IBUF (Prop_ibuf_I_O)         0.414     0.414 r  clk_IBUF_inst/O
                         net (fo=1, routed)           0.685     1.099    clk_IBUF
    BUFGCTRL_X0Y0        BUFG (Prop_bufg_I_O)         0.029     1.128 r  clk_IBUF_BUFG_inst/O
                         net (fo=76, routed)          0.863     1.990    u_control_tower/CLK
    SLICE_X61Y51         FDCE                                         r  u_control_tower/r_10ms_counter_reg[9]/C
                         clock pessimism             -0.244     1.746    
    SLICE_X61Y51         FDCE (Hold_fdce_C_D)         0.091     1.837    u_control_tower/r_10ms_counter_reg[9]
  -------------------------------------------------------------------
                         required time                         -1.837    
                         arrival time                           2.184    
  -------------------------------------------------------------------
                         slack                                  0.347    

Slack (MET) :             0.348ns  (arrival time - required time)
  Source:                 u_control_tower/r_counter_reg[11]/C
                            (rising edge-triggered cell FDCE clocked by sys_clk_pin  {rise@0.000ns fall@5.000ns period=10.000ns})
  Destination:            u_control_tower/r_counter_reg[15]/D
                            (rising edge-triggered cell FDCE clocked by sys_clk_pin  {rise@0.000ns fall@5.000ns period=10.000ns})
  Path Group:             sys_clk_pin
  Path Type:              Hold (Min at Fast Process Corner)
  Requirement:            0.000ns  (sys_clk_pin rise@0.000ns - sys_clk_pin rise@0.000ns)
  Data Path Delay:        0.736ns  (logic 0.497ns (67.524%)  route 0.239ns (32.476%))
  Logic Levels:           3  (CARRY4=2 LUT2=1)
  Clock Path Skew:        0.267ns (DCD - SCD - CPR)
    Destination Clock Delay (DCD):    1.963ns
    Source Clock Delay      (SCD):    1.452ns
    Clock Pessimism Removal (CPR):    0.244ns

    Location             Delay type                Incr(ns)  Path(ns)    Netlist Resource(s)
  -------------------------------------------------------------------    -------------------
                         (clock sys_clk_pin rise edge)
                                                      0.000     0.000 r  
    W5                                                0.000     0.000 r  clk (IN)
                         net (fo=0)                   0.000     0.000    clk
    W5                   IBUF (Prop_ibuf_I_O)         0.226     0.226 r  clk_IBUF_inst/O
                         net (fo=1, routed)           0.631     0.858    clk_IBUF
    BUFGCTRL_X0Y0        BUFG (Prop_bufg_I_O)         0.026     0.884 r  clk_IBUF_BUFG_inst/O
                         net (fo=76, routed)          0.569     1.452    u_control_tower/CLK
    SLICE_X56Y49         FDCE                                         r  u_control_tower/r_counter_reg[11]/C
  -------------------------------------------------------------------    -------------------
    SLICE_X56Y49         FDCE (Prop_fdce_C_Q)         0.164     1.616 r  u_control_tower/r_counter_reg[11]/Q
                         net (fo=4, routed)           0.072     1.688    u_control_tower/r_counter_reg_n_0_[11]
    SLICE_X57Y49         CARRY4 (Prop_carry4_S[2]_CO[3])
                                                      0.160     1.848 r  u_control_tower/r_counter0_carry__1/CO[3]
                         net (fo=1, routed)           0.001     1.849    u_control_tower/r_counter0_carry__1_n_0
    SLICE_X57Y50         CARRY4 (Prop_carry4_CI_O[2])
                                                      0.065     1.914 r  u_control_tower/r_counter0_carry__2/O[2]
                         net (fo=1, routed)           0.166     2.080    u_control_tower/r_counter0_carry__2_n_5
    SLICE_X56Y50         LUT2 (Prop_lut2_I1_O)        0.108     2.188 r  u_control_tower/r_counter[15]_i_1/O
                         net (fo=1, routed)           0.000     2.188    u_control_tower/r_counter[15]
    SLICE_X56Y50         FDCE                                         r  u_control_tower/r_counter_reg[15]/D
  -------------------------------------------------------------------    -------------------

                         (clock sys_clk_pin rise edge)
                                                      0.000     0.000 r  
    W5                                                0.000     0.000 r  clk (IN)
                         net (fo=0)                   0.000     0.000    clk
    W5                   IBUF (Prop_ibuf_I_O)         0.414     0.414 r  clk_IBUF_inst/O
                         net (fo=1, routed)           0.685     1.099    clk_IBUF
    BUFGCTRL_X0Y0        BUFG (Prop_bufg_I_O)         0.029     1.128 r  clk_IBUF_BUFG_inst/O
                         net (fo=76, routed)          0.835     1.963    u_control_tower/CLK
    SLICE_X56Y50         FDCE                                         r  u_control_tower/r_counter_reg[15]/C
                         clock pessimism             -0.244     1.719    
    SLICE_X56Y50         FDCE (Hold_fdce_C_D)         0.121     1.840    u_control_tower/r_counter_reg[15]
  -------------------------------------------------------------------
                         required time                         -1.840    
                         arrival time                           2.188    
  -------------------------------------------------------------------
                         slack                                  0.348    

Slack (MET) :             0.365ns  (arrival time - required time)
  Source:                 u_control_tower/r_mode_reg[0]/C
                            (rising edge-triggered cell FDCE clocked by sys_clk_pin  {rise@0.000ns fall@5.000ns period=10.000ns})
  Destination:            u_control_tower/r_10ms_counter_reg[1]/D
                            (rising edge-triggered cell FDCE clocked by sys_clk_pin  {rise@0.000ns fall@5.000ns period=10.000ns})
  Path Group:             sys_clk_pin
  Path Type:              Hold (Min at Fast Process Corner)
  Requirement:            0.000ns  (sys_clk_pin rise@0.000ns - sys_clk_pin rise@0.000ns)
  Data Path Delay:        0.750ns  (logic 0.209ns (27.880%)  route 0.541ns (72.120%))
  Logic Levels:           1  (LUT6=1)
  Clock Path Skew:        0.294ns (DCD - SCD - CPR)
    Destination Clock Delay (DCD):    1.990ns
    Source Clock Delay      (SCD):    1.452ns
    Clock Pessimism Removal (CPR):    0.244ns

    Location             Delay type                Incr(ns)  Path(ns)    Netlist Resource(s)
  -------------------------------------------------------------------    -------------------
                         (clock sys_clk_pin rise edge)
                                                      0.000     0.000 r  
    W5                                                0.000     0.000 r  clk (IN)
                         net (fo=0)                   0.000     0.000    clk
    W5                   IBUF (Prop_ibuf_I_O)         0.226     0.226 r  clk_IBUF_inst/O
                         net (fo=1, routed)           0.631     0.858    clk_IBUF
    BUFGCTRL_X0Y0        BUFG (Prop_bufg_I_O)         0.026     0.884 r  clk_IBUF_BUFG_inst/O
                         net (fo=76, routed)          0.569     1.452    u_control_tower/CLK
    SLICE_X56Y47         FDCE                                         r  u_control_tower/r_mode_reg[0]/C
  -------------------------------------------------------------------    -------------------
    SLICE_X56Y47         FDCE (Prop_fdce_C_Q)         0.164     1.616 f  u_control_tower/r_mode_reg[0]/Q
                         net (fo=128, routed)         0.541     2.157    u_control_tower/led_OBUF[0]
    SLICE_X61Y50         LUT6 (Prop_lut6_I0_O)        0.045     2.202 r  u_control_tower/r_10ms_counter[1]_i_1/O
                         net (fo=1, routed)           0.000     2.202    u_control_tower/r_10ms_counter0_in[1]
    SLICE_X61Y50         FDCE                                         r  u_control_tower/r_10ms_counter_reg[1]/D
  -------------------------------------------------------------------    -------------------

                         (clock sys_clk_pin rise edge)
                                                      0.000     0.000 r  
    W5                                                0.000     0.000 r  clk (IN)
                         net (fo=0)                   0.000     0.000    clk
    W5                   IBUF (Prop_ibuf_I_O)         0.414     0.414 r  clk_IBUF_inst/O
                         net (fo=1, routed)           0.685     1.099    clk_IBUF
    BUFGCTRL_X0Y0        BUFG (Prop_bufg_I_O)         0.029     1.128 r  clk_IBUF_BUFG_inst/O
                         net (fo=76, routed)          0.863     1.990    u_control_tower/CLK
    SLICE_X61Y50         FDCE                                         r  u_control_tower/r_10ms_counter_reg[1]/C
                         clock pessimism             -0.244     1.746    
    SLICE_X61Y50         FDCE (Hold_fdce_C_D)         0.091     1.837    u_control_tower/r_10ms_counter_reg[1]
  -------------------------------------------------------------------
                         required time                         -1.837    
                         arrival time                           2.202    
  -------------------------------------------------------------------
                         slack                                  0.365    

Slack (MET) :             0.366ns  (arrival time - required time)
  Source:                 u_control_tower/r_mode_reg[0]/C
                            (rising edge-triggered cell FDCE clocked by sys_clk_pin  {rise@0.000ns fall@5.000ns period=10.000ns})
  Destination:            u_control_tower/r_10ms_counter_reg[2]/D
                            (rising edge-triggered cell FDCE clocked by sys_clk_pin  {rise@0.000ns fall@5.000ns period=10.000ns})
  Path Group:             sys_clk_pin
  Path Type:              Hold (Min at Fast Process Corner)
  Requirement:            0.000ns  (sys_clk_pin rise@0.000ns - sys_clk_pin rise@0.000ns)
  Data Path Delay:        0.752ns  (logic 0.209ns (27.805%)  route 0.543ns (72.195%))
  Logic Levels:           1  (LUT6=1)
  Clock Path Skew:        0.294ns (DCD - SCD - CPR)
    Destination Clock Delay (DCD):    1.990ns
    Source Clock Delay      (SCD):    1.452ns
    Clock Pessimism Removal (CPR):    0.244ns

    Location             Delay type                Incr(ns)  Path(ns)    Netlist Resource(s)
  -------------------------------------------------------------------    -------------------
                         (clock sys_clk_pin rise edge)
                                                      0.000     0.000 r  
    W5                                                0.000     0.000 r  clk (IN)
                         net (fo=0)                   0.000     0.000    clk
    W5                   IBUF (Prop_ibuf_I_O)         0.226     0.226 r  clk_IBUF_inst/O
                         net (fo=1, routed)           0.631     0.858    clk_IBUF
    BUFGCTRL_X0Y0        BUFG (Prop_bufg_I_O)         0.026     0.884 r  clk_IBUF_BUFG_inst/O
                         net (fo=76, routed)          0.569     1.452    u_control_tower/CLK
    SLICE_X56Y47         FDCE                                         r  u_control_tower/r_mode_reg[0]/C
  -------------------------------------------------------------------    -------------------
    SLICE_X56Y47         FDCE (Prop_fdce_C_Q)         0.164     1.616 f  u_control_tower/r_mode_reg[0]/Q
                         net (fo=128, routed)         0.543     2.159    u_control_tower/led_OBUF[0]
    SLICE_X61Y50         LUT6 (Prop_lut6_I0_O)        0.045     2.204 r  u_control_tower/r_10ms_counter[2]_i_1/O
                         net (fo=1, routed)           0.000     2.204    u_control_tower/r_10ms_counter0_in[2]
    SLICE_X61Y50         FDCE                                         r  u_control_tower/r_10ms_counter_reg[2]/D
  -------------------------------------------------------------------    -------------------

                         (clock sys_clk_pin rise edge)
                                                      0.000     0.000 r  
    W5                                                0.000     0.000 r  clk (IN)
                         net (fo=0)                   0.000     0.000    clk
    W5                   IBUF (Prop_ibuf_I_O)         0.414     0.414 r  clk_IBUF_inst/O
                         net (fo=1, routed)           0.685     1.099    clk_IBUF
    BUFGCTRL_X0Y0        BUFG (Prop_bufg_I_O)         0.029     1.128 r  clk_IBUF_BUFG_inst/O
                         net (fo=76, routed)          0.863     1.990    u_control_tower/CLK
    SLICE_X61Y50         FDCE                                         r  u_control_tower/r_10ms_counter_reg[2]/C
                         clock pessimism             -0.244     1.746    
    SLICE_X61Y50         FDCE (Hold_fdce_C_D)         0.092     1.838    u_control_tower/r_10ms_counter_reg[2]
  -------------------------------------------------------------------
                         required time                         -1.838    
                         arrival time                           2.204    
  -------------------------------------------------------------------
                         slack                                  0.366    

Slack (MET) :             0.377ns  (arrival time - required time)
  Source:                 u_btn_debouncer/U_debouncer_btnL/count_reg[16]/C
                            (rising edge-triggered cell FDCE clocked by sys_clk_pin  {rise@0.000ns fall@5.000ns period=10.000ns})
  Destination:            u_btn_debouncer/U_debouncer_btnL/count_reg[19]/D
                            (rising edge-triggered cell FDCE clocked by sys_clk_pin  {rise@0.000ns fall@5.000ns period=10.000ns})
  Path Group:             sys_clk_pin
  Path Type:              Hold (Min at Fast Process Corner)
  Requirement:            0.000ns  (sys_clk_pin rise@0.000ns - sys_clk_pin rise@0.000ns)
  Data Path Delay:        0.484ns  (logic 0.277ns (57.188%)  route 0.207ns (42.812%))
  Logic Levels:           2  (LUT4=1 LUT6=1)
  Clock Path Skew:        0.000ns (DCD - SCD - CPR)
    Destination Clock Delay (DCD):    1.965ns
    Source Clock Delay      (SCD):    1.450ns
    Clock Pessimism Removal (CPR):    0.515ns

    Location             Delay type                Incr(ns)  Path(ns)    Netlist Resource(s)
  -------------------------------------------------------------------    -------------------
                         (clock sys_clk_pin rise edge)
                                                      0.000     0.000 r  
    W5                                                0.000     0.000 r  clk (IN)
                         net (fo=0)                   0.000     0.000    clk
    W5                   IBUF (Prop_ibuf_I_O)         0.226     0.226 r  clk_IBUF_inst/O
                         net (fo=1, routed)           0.631     0.858    clk_IBUF
    BUFGCTRL_X0Y0        BUFG (Prop_bufg_I_O)         0.026     0.884 r  clk_IBUF_BUFG_inst/O
                         net (fo=76, routed)          0.567     1.450    u_btn_debouncer/U_debouncer_btnL/CLK
    SLICE_X55Y49         FDCE                                         r  u_btn_debouncer/U_debouncer_btnL/count_reg[16]/C
  -------------------------------------------------------------------    -------------------
    SLICE_X55Y49         FDCE (Prop_fdce_C_Q)         0.128     1.578 f  u_btn_debouncer/U_debouncer_btnL/count_reg[16]/Q
                         net (fo=2, routed)           0.101     1.680    u_btn_debouncer/U_debouncer_btnL/count[16]
    SLICE_X55Y49         LUT6 (Prop_lut6_I4_O)        0.098     1.778 r  u_btn_debouncer/U_debouncer_btnL/btn_state_i_2/O
                         net (fo=21, routed)          0.106     1.883    u_btn_debouncer/U_debouncer_btnL/btn_state_i_2_n_0
    SLICE_X55Y49         LUT4 (Prop_lut4_I1_O)        0.051     1.934 r  u_btn_debouncer/U_debouncer_btnL/count[19]_i_1/O
                         net (fo=1, routed)           0.000     1.934    u_btn_debouncer/U_debouncer_btnL/p_0_in[19]
    SLICE_X55Y49         FDCE                                         r  u_btn_debouncer/U_debouncer_btnL/count_reg[19]/D
  -------------------------------------------------------------------    -------------------

                         (clock sys_clk_pin rise edge)
                                                      0.000     0.000 r  
    W5                                                0.000     0.000 r  clk (IN)
                         net (fo=0)                   0.000     0.000    clk
    W5                   IBUF (Prop_ibuf_I_O)         0.414     0.414 r  clk_IBUF_inst/O
                         net (fo=1, routed)           0.685     1.099    clk_IBUF
    BUFGCTRL_X0Y0        BUFG (Prop_bufg_I_O)         0.029     1.128 r  clk_IBUF_BUFG_inst/O
                         net (fo=76, routed)          0.838     1.965    u_btn_debouncer/U_debouncer_btnL/CLK
    SLICE_X55Y49         FDCE                                         r  u_btn_debouncer/U_debouncer_btnL/count_reg[19]/C
                         clock pessimism             -0.515     1.450    
    SLICE_X55Y49         FDCE (Hold_fdce_C_D)         0.107     1.557    u_btn_debouncer/U_debouncer_btnL/count_reg[19]
  -------------------------------------------------------------------
                         required time                         -1.557    
                         arrival time                           1.934    
  -------------------------------------------------------------------
                         slack                                  0.377    





Pulse Width Checks
--------------------------------------------------------------------------------------
Clock Name:         sys_clk_pin
Waveform(ns):       { 0.000 5.000 }
Period(ns):         10.000
Sources:            { clk }

Check Type        Corner  Lib Pin  Reference Pin  Required(ns)  Actual(ns)  Slack(ns)  Location       Pin
Min Period        n/a     BUFG/I   n/a            2.155         10.000      7.845      BUFGCTRL_X0Y0  clk_IBUF_BUFG_inst/I
Min Period        n/a     FDCE/C   n/a            1.000         10.000      9.000      SLICE_X56Y46   u_btn_debouncer/U_debouncer_btnL/btn_state_reg/C
Min Period        n/a     FDCE/C   n/a            1.000         10.000      9.000      SLICE_X55Y47   u_btn_debouncer/U_debouncer_btnL/count_reg[0]/C
Min Period        n/a     FDCE/C   n/a            1.000         10.000      9.000      SLICE_X55Y48   u_btn_debouncer/U_debouncer_btnL/count_reg[10]/C
Min Period        n/a     FDCE/C   n/a            1.000         10.000      9.000      SLICE_X55Y48   u_btn_debouncer/U_debouncer_btnL/count_reg[11]/C
Min Period        n/a     FDCE/C   n/a            1.000         10.000      9.000      SLICE_X55Y48   u_btn_debouncer/U_debouncer_btnL/count_reg[12]/C
Min Period        n/a     FDCE/C   n/a            1.000         10.000      9.000      SLICE_X55Y48   u_btn_debouncer/U_debouncer_btnL/count_reg[13]/C
Min Period        n/a     FDCE/C   n/a            1.000         10.000      9.000      SLICE_X55Y49   u_btn_debouncer/U_debouncer_btnL/count_reg[14]/C
Min Period        n/a     FDCE/C   n/a            1.000         10.000      9.000      SLICE_X55Y49   u_btn_debouncer/U_debouncer_btnL/count_reg[15]/C
Min Period        n/a     FDCE/C   n/a            1.000         10.000      9.000      SLICE_X55Y49   u_btn_debouncer/U_debouncer_btnL/count_reg[16]/C
Low Pulse Width   Slow    FDCE/C   n/a            0.500         5.000       4.500      SLICE_X56Y46   u_btn_debouncer/U_debouncer_btnL/btn_state_reg/C
Low Pulse Width   Fast    FDCE/C   n/a            0.500         5.000       4.500      SLICE_X56Y46   u_btn_debouncer/U_debouncer_btnL/btn_state_reg/C
Low Pulse Width   Slow    FDCE/C   n/a            0.500         5.000       4.500      SLICE_X55Y47   u_btn_debouncer/U_debouncer_btnL/count_reg[0]/C
Low Pulse Width   Fast    FDCE/C   n/a            0.500         5.000       4.500      SLICE_X55Y47   u_btn_debouncer/U_debouncer_btnL/count_reg[0]/C
Low Pulse Width   Slow    FDCE/C   n/a            0.500         5.000       4.500      SLICE_X55Y48   u_btn_debouncer/U_debouncer_btnL/count_reg[10]/C
Low Pulse Width   Fast    FDCE/C   n/a            0.500         5.000       4.500      SLICE_X55Y48   u_btn_debouncer/U_debouncer_btnL/count_reg[10]/C
Low Pulse Width   Slow    FDCE/C   n/a            0.500         5.000       4.500      SLICE_X55Y48   u_btn_debouncer/U_debouncer_btnL/count_reg[11]/C
Low Pulse Width   Fast    FDCE/C   n/a            0.500         5.000       4.500      SLICE_X55Y48   u_btn_debouncer/U_debouncer_btnL/count_reg[11]/C
Low Pulse Width   Slow    FDCE/C   n/a            0.500         5.000       4.500      SLICE_X55Y48   u_btn_debouncer/U_debouncer_btnL/count_reg[12]/C
Low Pulse Width   Fast    FDCE/C   n/a            0.500         5.000       4.500      SLICE_X55Y48   u_btn_debouncer/U_debouncer_btnL/count_reg[12]/C
High Pulse Width  Slow    FDCE/C   n/a            0.500         5.000       4.500      SLICE_X56Y46   u_btn_debouncer/U_debouncer_btnL/btn_state_reg/C
High Pulse Width  Fast    FDCE/C   n/a            0.500         5.000       4.500      SLICE_X56Y46   u_btn_debouncer/U_debouncer_btnL/btn_state_reg/C
High Pulse Width  Slow    FDCE/C   n/a            0.500         5.000       4.500      SLICE_X55Y47   u_btn_debouncer/U_debouncer_btnL/count_reg[0]/C
High Pulse Width  Fast    FDCE/C   n/a            0.500         5.000       4.500      SLICE_X55Y47   u_btn_debouncer/U_debouncer_btnL/count_reg[0]/C
High Pulse Width  Slow    FDCE/C   n/a            0.500         5.000       4.500      SLICE_X55Y48   u_btn_debouncer/U_debouncer_btnL/count_reg[10]/C
High Pulse Width  Fast    FDCE/C   n/a            0.500         5.000       4.500      SLICE_X55Y48   u_btn_debouncer/U_debouncer_btnL/count_reg[10]/C
High Pulse Width  Slow    FDCE/C   n/a            0.500         5.000       4.500      SLICE_X55Y48   u_btn_debouncer/U_debouncer_btnL/count_reg[11]/C
High Pulse Width  Fast    FDCE/C   n/a            0.500         5.000       4.500      SLICE_X55Y48   u_btn_debouncer/U_debouncer_btnL/count_reg[11]/C
High Pulse Width  Slow    FDCE/C   n/a            0.500         5.000       4.500      SLICE_X55Y48   u_btn_debouncer/U_debouncer_btnL/count_reg[12]/C
High Pulse Width  Fast    FDCE/C   n/a            0.500         5.000       4.500      SLICE_X55Y48   u_btn_debouncer/U_debouncer_btnL/count_reg[12]/C



