Copyright 1986-2021 Xilinx, Inc. All Rights Reserved.
-----------------------------------------------------------------------------------------------------------------------------------------------------------------------------------------------------
| Tool Version : Vivado v.2021.1 (win64) Build 3247384 Thu Jun 10 19:36:33 MDT 2021
| Date         : Tue Mar  3 14:24:47 2026
| Host         : DESKTOP-0G8LKRK running 64-bit major release  (build 9200)
| Command      : report_timing_summary -max_paths 10 -file top_buzzer_timing_summary_routed.rpt -pb top_buzzer_timing_summary_routed.pb -rpx top_buzzer_timing_summary_routed.rpx -warn_on_violation
| Design       : top_buzzer
| Device       : 7a35t-cpg236
| Speed File   : -1  PRODUCTION 1.23 2018-06-13
-----------------------------------------------------------------------------------------------------------------------------------------------------------------------------------------------------

Timing Summary Report

------------------------------------------------------------------------------------------------
| Timer Settings
| --------------
------------------------------------------------------------------------------------------------

  Enable Multi Corner Analysis               :  Yes
  Enable Pessimism Removal                   :  Yes
  Pessimism Removal Resolution               :  Nearest Common Node
  Enable Input Delay Default Clock           :  No
  Enable Preset / Clear Arcs                 :  No
  Disable Flight Delays                      :  No
  Ignore I/O Paths                           :  No
  Timing Early Launch at Borrowing Latches   :  No
  Borrow Time for Max Delay Exceptions       :  Yes
  Merge Timing Exceptions                    :  Yes

  Corner  Analyze    Analyze    
  Name    Max Paths  Min Paths  
  ------  ---------  ---------  
  Slow    Yes        Yes        
  Fast    Yes        Yes        


------------------------------------------------------------------------------------------------
| Report Methodology
| ------------------
------------------------------------------------------------------------------------------------

Rule       Severity  Description                    Violations  
---------  --------  -----------------------------  ----------  
TIMING-18  Warning   Missing input or output delay  7           

Note: This report is based on the most recent report_methodology run and may not be up-to-date. Run report_methodology on the current design for the latest report.



check_timing report

Table of Contents
-----------------
1. checking no_clock (0)
2. checking constant_clock (0)
3. checking pulse_width_clock (0)
4. checking unconstrained_internal_endpoints (0)
5. checking no_input_delay (6)
6. checking no_output_delay (1)
7. checking multiple_clock (0)
8. checking generated_clocks (0)
9. checking loops (0)
10. checking partial_input_delay (0)
11. checking partial_output_delay (0)
12. checking latch_loops (0)

1. checking no_clock (0)
------------------------
 There are 0 register/latch pins with no clock.


2. checking constant_clock (0)
------------------------------
 There are 0 register/latch pins with constant_clock.


3. checking pulse_width_clock (0)
---------------------------------
 There are 0 register/latch pins which need pulse_width check


4. checking unconstrained_internal_endpoints (0)
------------------------------------------------
 There are 0 pins that are not constrained for maximum delay.

 There are 0 pins that are not constrained for maximum delay due to constant clock.


5. checking no_input_delay (6)
------------------------------
 There are 6 input ports with no input delay specified. (HIGH)

 There are 0 input ports with no input delay but user has a false path constraint.


6. checking no_output_delay (1)
-------------------------------
 There is 1 port with no output delay specified. (HIGH)

 There are 0 ports with no output delay but user has a false path constraint

 There are 0 ports with no output delay but with a timing clock defined on it or propagating through it


7. checking multiple_clock (0)
------------------------------
 There are 0 register/latch pins with multiple clocks.


8. checking generated_clocks (0)
--------------------------------
 There are 0 generated clocks that are not connected to a clock source.


9. checking loops (0)
---------------------
 There are 0 combinational loops in the design.


10. checking partial_input_delay (0)
------------------------------------
 There are 0 input ports with partial input delay specified.


11. checking partial_output_delay (0)
-------------------------------------
 There are 0 ports with partial output delay specified.


12. checking latch_loops (0)
----------------------------
 There are 0 combinational latch loops in the design through latch input



------------------------------------------------------------------------------------------------
| Design Timing Summary
| ---------------------
------------------------------------------------------------------------------------------------

    WNS(ns)      TNS(ns)  TNS Failing Endpoints  TNS Total Endpoints      WHS(ns)      THS(ns)  THS Failing Endpoints  THS Total Endpoints     WPWS(ns)     TPWS(ns)  TPWS Failing Endpoints  TPWS Total Endpoints  
    -------      -------  ---------------------  -------------------      -------      -------  ---------------------  -------------------     --------     --------  ----------------------  --------------------  
      5.846        0.000                      0                  330        0.182        0.000                      0                  330        4.500        0.000                       0                   231  


All user specified timing constraints are met.


------------------------------------------------------------------------------------------------
| Clock Summary
| -------------
------------------------------------------------------------------------------------------------

Clock        Waveform(ns)       Period(ns)      Frequency(MHz)
-----        ------------       ----------      --------------
sys_clk_pin  {0.000 5.000}      10.000          100.000         


------------------------------------------------------------------------------------------------
| Intra Clock Table
| -----------------
------------------------------------------------------------------------------------------------

Clock             WNS(ns)      TNS(ns)  TNS Failing Endpoints  TNS Total Endpoints      WHS(ns)      THS(ns)  THS Failing Endpoints  THS Total Endpoints     WPWS(ns)     TPWS(ns)  TPWS Failing Endpoints  TPWS Total Endpoints  
-----             -------      -------  ---------------------  -------------------      -------      -------  ---------------------  -------------------     --------     --------  ----------------------  --------------------  
sys_clk_pin         5.846        0.000                      0                  330        0.182        0.000                      0                  330        4.500        0.000                       0                   231  


------------------------------------------------------------------------------------------------
| Inter Clock Table
| -----------------
------------------------------------------------------------------------------------------------

From Clock    To Clock          WNS(ns)      TNS(ns)  TNS Failing Endpoints  TNS Total Endpoints      WHS(ns)      THS(ns)  THS Failing Endpoints  THS Total Endpoints  
----------    --------          -------      -------  ---------------------  -------------------      -------      -------  ---------------------  -------------------  


------------------------------------------------------------------------------------------------
| Other Path Groups Table
| -----------------------
------------------------------------------------------------------------------------------------

Path Group    From Clock    To Clock          WNS(ns)      TNS(ns)  TNS Failing Endpoints  TNS Total Endpoints      WHS(ns)      THS(ns)  THS Failing Endpoints  THS Total Endpoints  
----------    ----------    --------          -------      -------  ---------------------  -------------------      -------      -------  ---------------------  -------------------  


------------------------------------------------------------------------------------------------
| Timing Details
| --------------
------------------------------------------------------------------------------------------------


---------------------------------------------------------------------------------------------------
From Clock:  sys_clk_pin
  To Clock:  sys_clk_pin

Setup :            0  Failing Endpoints,  Worst Slack        5.846ns,  Total Violation        0.000ns
Hold  :            0  Failing Endpoints,  Worst Slack        0.182ns,  Total Violation        0.000ns
PW    :            0  Failing Endpoints,  Worst Slack        4.500ns,  Total Violation        0.000ns
---------------------------------------------------------------------------------------------------


Max Delay Paths
--------------------------------------------------------------------------------------
Slack (MET) :             5.846ns  (required time - arrival time)
  Source:                 u_play_melody/r_clk_cnt_reg[3][2]/C
                            (rising edge-triggered cell FDCE clocked by sys_clk_pin  {rise@0.000ns fall@5.000ns period=10.000ns})
  Destination:            u_play_melody/r_clk_cnt_reg[3][12]/D
                            (rising edge-triggered cell FDCE clocked by sys_clk_pin  {rise@0.000ns fall@5.000ns period=10.000ns})
  Path Group:             sys_clk_pin
  Path Type:              Setup (Max at Slow Process Corner)
  Requirement:            10.000ns  (sys_clk_pin rise@10.000ns - sys_clk_pin rise@0.000ns)
  Data Path Delay:        4.092ns  (logic 0.890ns (21.750%)  route 3.202ns (78.250%))
  Logic Levels:           3  (LUT4=1 LUT6=2)
  Clock Path Skew:        -0.106ns (DCD - SCD + CPR)
    Destination Clock Delay (DCD):    4.781ns = ( 14.781 - 10.000 ) 
    Source Clock Delay      (SCD):    5.145ns
    Clock Pessimism Removal (CPR):    0.258ns
  Clock Uncertainty:      0.035ns  ((TSJ^2 + TIJ^2)^1/2 + DJ) / 2 + PE
    Total System Jitter     (TSJ):    0.071ns
    Total Input Jitter      (TIJ):    0.000ns
    Discrete Jitter          (DJ):    0.000ns
    Phase Error              (PE):    0.000ns

    Location             Delay type                Incr(ns)  Path(ns)    Netlist Resource(s)
  -------------------------------------------------------------------    -------------------
                         (clock sys_clk_pin rise edge)
                                                      0.000     0.000 r  
    W5                                                0.000     0.000 r  clk (IN)
                         net (fo=0)                   0.000     0.000    clk
    W5                   IBUF (Prop_ibuf_I_O)         1.458     1.458 r  clk_IBUF_inst/O
                         net (fo=1, routed)           1.967     3.425    clk_IBUF
    BUFGCTRL_X0Y0        BUFG (Prop_bufg_I_O)         0.096     3.521 r  clk_IBUF_BUFG_inst/O
                         net (fo=230, routed)         1.624     5.145    u_play_melody/clk_IBUF_BUFG
    SLICE_X6Y52          FDCE                                         r  u_play_melody/r_clk_cnt_reg[3][2]/C
  -------------------------------------------------------------------    -------------------
    SLICE_X6Y52          FDCE (Prop_fdce_C_Q)         0.518     5.663 f  u_play_melody/r_clk_cnt_reg[3][2]/Q
                         net (fo=2, routed)           0.800     6.463    u_play_melody/r_clk_cnt_reg[3][2]
    SLICE_X5Y52          LUT4 (Prop_lut4_I1_O)        0.124     6.587 f  u_play_melody/r_clk_cnt[3][21]_i_7/O
                         net (fo=1, routed)           0.955     7.543    u_play_melody/r_clk_cnt[3][21]_i_7_n_0
    SLICE_X6Y54          LUT6 (Prop_lut6_I5_O)        0.124     7.667 f  u_play_melody/r_clk_cnt[3][21]_i_2/O
                         net (fo=23, routed)          1.446     9.113    u_play_melody/r_clk_cnt[3][21]_i_2_n_0
    SLICE_X8Y54          LUT6 (Prop_lut6_I2_O)        0.124     9.237 r  u_play_melody/r_clk_cnt[3][12]_i_1/O
                         net (fo=1, routed)           0.000     9.237    u_play_melody/r_clk_cnt[3][12]_i_1_n_0
    SLICE_X8Y54          FDCE                                         r  u_play_melody/r_clk_cnt_reg[3][12]/D
  -------------------------------------------------------------------    -------------------

                         (clock sys_clk_pin rise edge)
                                                     10.000    10.000 r  
    W5                                                0.000    10.000 r  clk (IN)
                         net (fo=0)                   0.000    10.000    clk
    W5                   IBUF (Prop_ibuf_I_O)         1.388    11.388 r  clk_IBUF_inst/O
                         net (fo=1, routed)           1.862    13.250    clk_IBUF
    BUFGCTRL_X0Y0        BUFG (Prop_bufg_I_O)         0.091    13.341 r  clk_IBUF_BUFG_inst/O
                         net (fo=230, routed)         1.440    14.781    u_play_melody/clk_IBUF_BUFG
    SLICE_X8Y54          FDCE                                         r  u_play_melody/r_clk_cnt_reg[3][12]/C
                         clock pessimism              0.258    15.039    
                         clock uncertainty           -0.035    15.004    
    SLICE_X8Y54          FDCE (Setup_fdce_C_D)        0.079    15.083    u_play_melody/r_clk_cnt_reg[3][12]
  -------------------------------------------------------------------
                         required time                         15.083    
                         arrival time                          -9.237    
  -------------------------------------------------------------------
                         slack                                  5.846    

Slack (MET) :             5.993ns  (required time - arrival time)
  Source:                 u_play_melody/r_clk_cnt_reg[3][2]/C
                            (rising edge-triggered cell FDCE clocked by sys_clk_pin  {rise@0.000ns fall@5.000ns period=10.000ns})
  Destination:            u_play_melody/r_clk_cnt_reg[3][10]/D
                            (rising edge-triggered cell FDCE clocked by sys_clk_pin  {rise@0.000ns fall@5.000ns period=10.000ns})
  Path Group:             sys_clk_pin
  Path Type:              Setup (Max at Slow Process Corner)
  Requirement:            10.000ns  (sys_clk_pin rise@10.000ns - sys_clk_pin rise@0.000ns)
  Data Path Delay:        3.943ns  (logic 0.890ns (22.572%)  route 3.053ns (77.428%))
  Logic Levels:           3  (LUT4=1 LUT6=2)
  Clock Path Skew:        -0.106ns (DCD - SCD + CPR)
    Destination Clock Delay (DCD):    4.781ns = ( 14.781 - 10.000 ) 
    Source Clock Delay      (SCD):    5.145ns
    Clock Pessimism Removal (CPR):    0.258ns
  Clock Uncertainty:      0.035ns  ((TSJ^2 + TIJ^2)^1/2 + DJ) / 2 + PE
    Total System Jitter     (TSJ):    0.071ns
    Total Input Jitter      (TIJ):    0.000ns
    Discrete Jitter          (DJ):    0.000ns
    Phase Error              (PE):    0.000ns

    Location             Delay type                Incr(ns)  Path(ns)    Netlist Resource(s)
  -------------------------------------------------------------------    -------------------
                         (clock sys_clk_pin rise edge)
                                                      0.000     0.000 r  
    W5                                                0.000     0.000 r  clk (IN)
                         net (fo=0)                   0.000     0.000    clk
    W5                   IBUF (Prop_ibuf_I_O)         1.458     1.458 r  clk_IBUF_inst/O
                         net (fo=1, routed)           1.967     3.425    clk_IBUF
    BUFGCTRL_X0Y0        BUFG (Prop_bufg_I_O)         0.096     3.521 r  clk_IBUF_BUFG_inst/O
                         net (fo=230, routed)         1.624     5.145    u_play_melody/clk_IBUF_BUFG
    SLICE_X6Y52          FDCE                                         r  u_play_melody/r_clk_cnt_reg[3][2]/C
  -------------------------------------------------------------------    -------------------
    SLICE_X6Y52          FDCE (Prop_fdce_C_Q)         0.518     5.663 f  u_play_melody/r_clk_cnt_reg[3][2]/Q
                         net (fo=2, routed)           0.800     6.463    u_play_melody/r_clk_cnt_reg[3][2]
    SLICE_X5Y52          LUT4 (Prop_lut4_I1_O)        0.124     6.587 f  u_play_melody/r_clk_cnt[3][21]_i_7/O
                         net (fo=1, routed)           0.955     7.543    u_play_melody/r_clk_cnt[3][21]_i_7_n_0
    SLICE_X6Y54          LUT6 (Prop_lut6_I5_O)        0.124     7.667 f  u_play_melody/r_clk_cnt[3][21]_i_2/O
                         net (fo=23, routed)          1.297     8.964    u_play_melody/r_clk_cnt[3][21]_i_2_n_0
    SLICE_X8Y54          LUT6 (Prop_lut6_I2_O)        0.124     9.088 r  u_play_melody/r_clk_cnt[3][10]_i_1/O
                         net (fo=1, routed)           0.000     9.088    u_play_melody/r_clk_cnt[3][10]_i_1_n_0
    SLICE_X8Y54          FDCE                                         r  u_play_melody/r_clk_cnt_reg[3][10]/D
  -------------------------------------------------------------------    -------------------

                         (clock sys_clk_pin rise edge)
                                                     10.000    10.000 r  
    W5                                                0.000    10.000 r  clk (IN)
                         net (fo=0)                   0.000    10.000    clk
    W5                   IBUF (Prop_ibuf_I_O)         1.388    11.388 r  clk_IBUF_inst/O
                         net (fo=1, routed)           1.862    13.250    clk_IBUF
    BUFGCTRL_X0Y0        BUFG (Prop_bufg_I_O)         0.091    13.341 r  clk_IBUF_BUFG_inst/O
                         net (fo=230, routed)         1.440    14.781    u_play_melody/clk_IBUF_BUFG
    SLICE_X8Y54          FDCE                                         r  u_play_melody/r_clk_cnt_reg[3][10]/C
                         clock pessimism              0.258    15.039    
                         clock uncertainty           -0.035    15.004    
    SLICE_X8Y54          FDCE (Setup_fdce_C_D)        0.077    15.081    u_play_melody/r_clk_cnt_reg[3][10]
  -------------------------------------------------------------------
                         required time                         15.081    
                         arrival time                          -9.088    
  -------------------------------------------------------------------
                         slack                                  5.993    

Slack (MET) :             6.220ns  (required time - arrival time)
  Source:                 u_play_melody/r_clk_cnt_reg[4][2]/C
                            (rising edge-triggered cell FDCE clocked by sys_clk_pin  {rise@0.000ns fall@5.000ns period=10.000ns})
  Destination:            u_play_melody/r_clk_cnt_reg[4][20]/D
                            (rising edge-triggered cell FDCE clocked by sys_clk_pin  {rise@0.000ns fall@5.000ns period=10.000ns})
  Path Group:             sys_clk_pin
  Path Type:              Setup (Max at Slow Process Corner)
  Requirement:            10.000ns  (sys_clk_pin rise@10.000ns - sys_clk_pin rise@0.000ns)
  Data Path Delay:        3.786ns  (logic 2.086ns (55.097%)  route 1.700ns (44.903%))
  Logic Levels:           6  (CARRY4=5 LUT6=1)
  Clock Path Skew:        -0.040ns (DCD - SCD + CPR)
    Destination Clock Delay (DCD):    4.779ns = ( 14.779 - 10.000 ) 
    Source Clock Delay      (SCD):    5.077ns
    Clock Pessimism Removal (CPR):    0.258ns
  Clock Uncertainty:      0.035ns  ((TSJ^2 + TIJ^2)^1/2 + DJ) / 2 + PE
    Total System Jitter     (TSJ):    0.071ns
    Total Input Jitter      (TIJ):    0.000ns
    Discrete Jitter          (DJ):    0.000ns
    Phase Error              (PE):    0.000ns

    Location             Delay type                Incr(ns)  Path(ns)    Netlist Resource(s)
  -------------------------------------------------------------------    -------------------
                         (clock sys_clk_pin rise edge)
                                                      0.000     0.000 r  
    W5                                                0.000     0.000 r  clk (IN)
                         net (fo=0)                   0.000     0.000    clk
    W5                   IBUF (Prop_ibuf_I_O)         1.458     1.458 r  clk_IBUF_inst/O
                         net (fo=1, routed)           1.967     3.425    clk_IBUF
    BUFGCTRL_X0Y0        BUFG (Prop_bufg_I_O)         0.096     3.521 r  clk_IBUF_BUFG_inst/O
                         net (fo=230, routed)         1.556     5.077    u_play_melody/clk_IBUF_BUFG
    SLICE_X9Y57          FDCE                                         r  u_play_melody/r_clk_cnt_reg[4][2]/C
  -------------------------------------------------------------------    -------------------
    SLICE_X9Y57          FDCE (Prop_fdce_C_Q)         0.456     5.533 r  u_play_melody/r_clk_cnt_reg[4][2]/Q
                         net (fo=2, routed)           0.741     6.274    u_play_melody/r_clk_cnt_reg[4][2]
    SLICE_X8Y57          CARRY4 (Prop_carry4_S[1]_CO[3])
                                                      0.657     6.931 r  u_play_melody/__163_carry/CO[3]
                         net (fo=1, routed)           0.000     6.931    u_play_melody/__163_carry_n_0
    SLICE_X8Y58          CARRY4 (Prop_carry4_CI_CO[3])
                                                      0.117     7.048 r  u_play_melody/__163_carry__0/CO[3]
                         net (fo=1, routed)           0.000     7.048    u_play_melody/__163_carry__0_n_0
    SLICE_X8Y59          CARRY4 (Prop_carry4_CI_CO[3])
                                                      0.117     7.165 r  u_play_melody/__163_carry__1/CO[3]
                         net (fo=1, routed)           0.000     7.165    u_play_melody/__163_carry__1_n_0
    SLICE_X8Y60          CARRY4 (Prop_carry4_CI_CO[3])
                                                      0.117     7.282 r  u_play_melody/__163_carry__2/CO[3]
                         net (fo=1, routed)           0.000     7.282    u_play_melody/__163_carry__2_n_0
    SLICE_X8Y61          CARRY4 (Prop_carry4_CI_O[3])
                                                      0.315     7.597 r  u_play_melody/__163_carry__3/O[3]
                         net (fo=1, routed)           0.959     8.556    u_play_melody/__163_carry__3_n_4
    SLICE_X10Y61         LUT6 (Prop_lut6_I0_O)        0.307     8.863 r  u_play_melody/r_clk_cnt[4][20]_i_1/O
                         net (fo=1, routed)           0.000     8.863    u_play_melody/r_clk_cnt[4][20]_i_1_n_0
    SLICE_X10Y61         FDCE                                         r  u_play_melody/r_clk_cnt_reg[4][20]/D
  -------------------------------------------------------------------    -------------------

                         (clock sys_clk_pin rise edge)
                                                     10.000    10.000 r  
    W5                                                0.000    10.000 r  clk (IN)
                         net (fo=0)                   0.000    10.000    clk
    W5                   IBUF (Prop_ibuf_I_O)         1.388    11.388 r  clk_IBUF_inst/O
                         net (fo=1, routed)           1.862    13.250    clk_IBUF
    BUFGCTRL_X0Y0        BUFG (Prop_bufg_I_O)         0.091    13.341 r  clk_IBUF_BUFG_inst/O
                         net (fo=230, routed)         1.438    14.779    u_play_melody/clk_IBUF_BUFG
    SLICE_X10Y61         FDCE                                         r  u_play_melody/r_clk_cnt_reg[4][20]/C
                         clock pessimism              0.258    15.037    
                         clock uncertainty           -0.035    15.002    
    SLICE_X10Y61         FDCE (Setup_fdce_C_D)        0.081    15.083    u_play_melody/r_clk_cnt_reg[4][20]
  -------------------------------------------------------------------
                         required time                         15.083    
                         arrival time                          -8.863    
  -------------------------------------------------------------------
                         slack                                  6.220    

Slack (MET) :             6.232ns  (required time - arrival time)
  Source:                 u_play_melody/r_clk_cnt_reg[3][2]/C
                            (rising edge-triggered cell FDCE clocked by sys_clk_pin  {rise@0.000ns fall@5.000ns period=10.000ns})
  Destination:            u_play_melody/r_clk_cnt_reg[3][11]/D
                            (rising edge-triggered cell FDCE clocked by sys_clk_pin  {rise@0.000ns fall@5.000ns period=10.000ns})
  Path Group:             sys_clk_pin
  Path Type:              Setup (Max at Slow Process Corner)
  Requirement:            10.000ns  (sys_clk_pin rise@10.000ns - sys_clk_pin rise@0.000ns)
  Data Path Delay:        3.708ns  (logic 0.890ns (24.003%)  route 2.818ns (75.997%))
  Logic Levels:           3  (LUT4=1 LUT6=2)
  Clock Path Skew:        -0.106ns (DCD - SCD + CPR)
    Destination Clock Delay (DCD):    4.781ns = ( 14.781 - 10.000 ) 
    Source Clock Delay      (SCD):    5.145ns
    Clock Pessimism Removal (CPR):    0.258ns
  Clock Uncertainty:      0.035ns  ((TSJ^2 + TIJ^2)^1/2 + DJ) / 2 + PE
    Total System Jitter     (TSJ):    0.071ns
    Total Input Jitter      (TIJ):    0.000ns
    Discrete Jitter          (DJ):    0.000ns
    Phase Error              (PE):    0.000ns

    Location             Delay type                Incr(ns)  Path(ns)    Netlist Resource(s)
  -------------------------------------------------------------------    -------------------
                         (clock sys_clk_pin rise edge)
                                                      0.000     0.000 r  
    W5                                                0.000     0.000 r  clk (IN)
                         net (fo=0)                   0.000     0.000    clk
    W5                   IBUF (Prop_ibuf_I_O)         1.458     1.458 r  clk_IBUF_inst/O
                         net (fo=1, routed)           1.967     3.425    clk_IBUF
    BUFGCTRL_X0Y0        BUFG (Prop_bufg_I_O)         0.096     3.521 r  clk_IBUF_BUFG_inst/O
                         net (fo=230, routed)         1.624     5.145    u_play_melody/clk_IBUF_BUFG
    SLICE_X6Y52          FDCE                                         r  u_play_melody/r_clk_cnt_reg[3][2]/C
  -------------------------------------------------------------------    -------------------
    SLICE_X6Y52          FDCE (Prop_fdce_C_Q)         0.518     5.663 f  u_play_melody/r_clk_cnt_reg[3][2]/Q
                         net (fo=2, routed)           0.800     6.463    u_play_melody/r_clk_cnt_reg[3][2]
    SLICE_X5Y52          LUT4 (Prop_lut4_I1_O)        0.124     6.587 f  u_play_melody/r_clk_cnt[3][21]_i_7/O
                         net (fo=1, routed)           0.955     7.543    u_play_melody/r_clk_cnt[3][21]_i_7_n_0
    SLICE_X6Y54          LUT6 (Prop_lut6_I5_O)        0.124     7.667 f  u_play_melody/r_clk_cnt[3][21]_i_2/O
                         net (fo=23, routed)          1.062     8.729    u_play_melody/r_clk_cnt[3][21]_i_2_n_0
    SLICE_X8Y54          LUT6 (Prop_lut6_I2_O)        0.124     8.853 r  u_play_melody/r_clk_cnt[3][11]_i_1/O
                         net (fo=1, routed)           0.000     8.853    u_play_melody/r_clk_cnt[3][11]_i_1_n_0
    SLICE_X8Y54          FDCE                                         r  u_play_melody/r_clk_cnt_reg[3][11]/D
  -------------------------------------------------------------------    -------------------

                         (clock sys_clk_pin rise edge)
                                                     10.000    10.000 r  
    W5                                                0.000    10.000 r  clk (IN)
                         net (fo=0)                   0.000    10.000    clk
    W5                   IBUF (Prop_ibuf_I_O)         1.388    11.388 r  clk_IBUF_inst/O
                         net (fo=1, routed)           1.862    13.250    clk_IBUF
    BUFGCTRL_X0Y0        BUFG (Prop_bufg_I_O)         0.091    13.341 r  clk_IBUF_BUFG_inst/O
                         net (fo=230, routed)         1.440    14.781    u_play_melody/clk_IBUF_BUFG
    SLICE_X8Y54          FDCE                                         r  u_play_melody/r_clk_cnt_reg[3][11]/C
                         clock pessimism              0.258    15.039    
                         clock uncertainty           -0.035    15.004    
    SLICE_X8Y54          FDCE (Setup_fdce_C_D)        0.081    15.085    u_play_melody/r_clk_cnt_reg[3][11]
  -------------------------------------------------------------------
                         required time                         15.085    
                         arrival time                          -8.853    
  -------------------------------------------------------------------
                         slack                                  6.232    

Slack (MET) :             6.270ns  (required time - arrival time)
  Source:                 u_btn_debouncer/U_debouncer_btnU/count_reg[13]/C
                            (rising edge-triggered cell FDRE clocked by sys_clk_pin  {rise@0.000ns fall@5.000ns period=10.000ns})
  Destination:            u_btn_debouncer/U_debouncer_btnU/count_reg[4]/R
                            (rising edge-triggered cell FDRE clocked by sys_clk_pin  {rise@0.000ns fall@5.000ns period=10.000ns})
  Path Group:             sys_clk_pin
  Path Type:              Setup (Max at Slow Process Corner)
  Requirement:            10.000ns  (sys_clk_pin rise@10.000ns - sys_clk_pin rise@0.000ns)
  Data Path Delay:        3.147ns  (logic 0.890ns (28.280%)  route 2.257ns (71.720%))
  Logic Levels:           3  (LUT6=3)
  Clock Path Skew:        -0.024ns (DCD - SCD + CPR)
    Destination Clock Delay (DCD):    4.781ns = ( 14.781 - 10.000 ) 
    Source Clock Delay      (SCD):    5.076ns
    Clock Pessimism Removal (CPR):    0.271ns
  Clock Uncertainty:      0.035ns  ((TSJ^2 + TIJ^2)^1/2 + DJ) / 2 + PE
    Total System Jitter     (TSJ):    0.071ns
    Total Input Jitter      (TIJ):    0.000ns
    Discrete Jitter          (DJ):    0.000ns
    Phase Error              (PE):    0.000ns

    Location             Delay type                Incr(ns)  Path(ns)    Netlist Resource(s)
  -------------------------------------------------------------------    -------------------
                         (clock sys_clk_pin rise edge)
                                                      0.000     0.000 r  
    W5                                                0.000     0.000 r  clk (IN)
                         net (fo=0)                   0.000     0.000    clk
    W5                   IBUF (Prop_ibuf_I_O)         1.458     1.458 r  clk_IBUF_inst/O
                         net (fo=1, routed)           1.967     3.425    clk_IBUF
    BUFGCTRL_X0Y0        BUFG (Prop_bufg_I_O)         0.096     3.521 r  clk_IBUF_BUFG_inst/O
                         net (fo=230, routed)         1.555     5.076    u_btn_debouncer/U_debouncer_btnU/clk_IBUF_BUFG
    SLICE_X10Y59         FDRE                                         r  u_btn_debouncer/U_debouncer_btnU/count_reg[13]/C
  -------------------------------------------------------------------    -------------------
    SLICE_X10Y59         FDRE (Prop_fdre_C_Q)         0.518     5.594 r  u_btn_debouncer/U_debouncer_btnU/count_reg[13]/Q
                         net (fo=2, routed)           1.012     6.606    u_btn_debouncer/U_debouncer_btnU/count_reg[13]
    SLICE_X11Y58         LUT6 (Prop_lut6_I0_O)        0.124     6.730 r  u_btn_debouncer/U_debouncer_btnU/btn_state_i_3/O
                         net (fo=1, routed)           0.292     7.022    u_btn_debouncer/U_debouncer_btnU/btn_state_i_3_n_0
    SLICE_X11Y59         LUT6 (Prop_lut6_I2_O)        0.124     7.146 r  u_btn_debouncer/U_debouncer_btnU/btn_state_i_2/O
                         net (fo=2, routed)           0.160     7.306    u_btn_debouncer/U_debouncer_btnU/btn_state_i_2_n_0
    SLICE_X11Y59         LUT6 (Prop_lut6_I3_O)        0.124     7.430 r  u_btn_debouncer/U_debouncer_btnU/count[0]_i_1/O
                         net (fo=20, routed)          0.793     8.223    u_btn_debouncer/U_debouncer_btnU/count[0]_i_1_n_0
    SLICE_X10Y57         FDRE                                         r  u_btn_debouncer/U_debouncer_btnU/count_reg[4]/R
  -------------------------------------------------------------------    -------------------

                         (clock sys_clk_pin rise edge)
                                                     10.000    10.000 r  
    W5                                                0.000    10.000 r  clk (IN)
                         net (fo=0)                   0.000    10.000    clk
    W5                   IBUF (Prop_ibuf_I_O)         1.388    11.388 r  clk_IBUF_inst/O
                         net (fo=1, routed)           1.862    13.250    clk_IBUF
    BUFGCTRL_X0Y0        BUFG (Prop_bufg_I_O)         0.091    13.341 r  clk_IBUF_BUFG_inst/O
                         net (fo=230, routed)         1.440    14.781    u_btn_debouncer/U_debouncer_btnU/clk_IBUF_BUFG
    SLICE_X10Y57         FDRE                                         r  u_btn_debouncer/U_debouncer_btnU/count_reg[4]/C
                         clock pessimism              0.271    15.052    
                         clock uncertainty           -0.035    15.017    
    SLICE_X10Y57         FDRE (Setup_fdre_C_R)       -0.524    14.493    u_btn_debouncer/U_debouncer_btnU/count_reg[4]
  -------------------------------------------------------------------
                         required time                         14.493    
                         arrival time                          -8.223    
  -------------------------------------------------------------------
                         slack                                  6.270    

Slack (MET) :             6.270ns  (required time - arrival time)
  Source:                 u_btn_debouncer/U_debouncer_btnU/count_reg[13]/C
                            (rising edge-triggered cell FDRE clocked by sys_clk_pin  {rise@0.000ns fall@5.000ns period=10.000ns})
  Destination:            u_btn_debouncer/U_debouncer_btnU/count_reg[5]/R
                            (rising edge-triggered cell FDRE clocked by sys_clk_pin  {rise@0.000ns fall@5.000ns period=10.000ns})
  Path Group:             sys_clk_pin
  Path Type:              Setup (Max at Slow Process Corner)
  Requirement:            10.000ns  (sys_clk_pin rise@10.000ns - sys_clk_pin rise@0.000ns)
  Data Path Delay:        3.147ns  (logic 0.890ns (28.280%)  route 2.257ns (71.720%))
  Logic Levels:           3  (LUT6=3)
  Clock Path Skew:        -0.024ns (DCD - SCD + CPR)
    Destination Clock Delay (DCD):    4.781ns = ( 14.781 - 10.000 ) 
    Source Clock Delay      (SCD):    5.076ns
    Clock Pessimism Removal (CPR):    0.271ns
  Clock Uncertainty:      0.035ns  ((TSJ^2 + TIJ^2)^1/2 + DJ) / 2 + PE
    Total System Jitter     (TSJ):    0.071ns
    Total Input Jitter      (TIJ):    0.000ns
    Discrete Jitter          (DJ):    0.000ns
    Phase Error              (PE):    0.000ns

    Location             Delay type                Incr(ns)  Path(ns)    Netlist Resource(s)
  -------------------------------------------------------------------    -------------------
                         (clock sys_clk_pin rise edge)
                                                      0.000     0.000 r  
    W5                                                0.000     0.000 r  clk (IN)
                         net (fo=0)                   0.000     0.000    clk
    W5                   IBUF (Prop_ibuf_I_O)         1.458     1.458 r  clk_IBUF_inst/O
                         net (fo=1, routed)           1.967     3.425    clk_IBUF
    BUFGCTRL_X0Y0        BUFG (Prop_bufg_I_O)         0.096     3.521 r  clk_IBUF_BUFG_inst/O
                         net (fo=230, routed)         1.555     5.076    u_btn_debouncer/U_debouncer_btnU/clk_IBUF_BUFG
    SLICE_X10Y59         FDRE                                         r  u_btn_debouncer/U_debouncer_btnU/count_reg[13]/C
  -------------------------------------------------------------------    -------------------
    SLICE_X10Y59         FDRE (Prop_fdre_C_Q)         0.518     5.594 r  u_btn_debouncer/U_debouncer_btnU/count_reg[13]/Q
                         net (fo=2, routed)           1.012     6.606    u_btn_debouncer/U_debouncer_btnU/count_reg[13]
    SLICE_X11Y58         LUT6 (Prop_lut6_I0_O)        0.124     6.730 r  u_btn_debouncer/U_debouncer_btnU/btn_state_i_3/O
                         net (fo=1, routed)           0.292     7.022    u_btn_debouncer/U_debouncer_btnU/btn_state_i_3_n_0
    SLICE_X11Y59         LUT6 (Prop_lut6_I2_O)        0.124     7.146 r  u_btn_debouncer/U_debouncer_btnU/btn_state_i_2/O
                         net (fo=2, routed)           0.160     7.306    u_btn_debouncer/U_debouncer_btnU/btn_state_i_2_n_0
    SLICE_X11Y59         LUT6 (Prop_lut6_I3_O)        0.124     7.430 r  u_btn_debouncer/U_debouncer_btnU/count[0]_i_1/O
                         net (fo=20, routed)          0.793     8.223    u_btn_debouncer/U_debouncer_btnU/count[0]_i_1_n_0
    SLICE_X10Y57         FDRE                                         r  u_btn_debouncer/U_debouncer_btnU/count_reg[5]/R
  -------------------------------------------------------------------    -------------------

                         (clock sys_clk_pin rise edge)
                                                     10.000    10.000 r  
    W5                                                0.000    10.000 r  clk (IN)
                         net (fo=0)                   0.000    10.000    clk
    W5                   IBUF (Prop_ibuf_I_O)         1.388    11.388 r  clk_IBUF_inst/O
                         net (fo=1, routed)           1.862    13.250    clk_IBUF
    BUFGCTRL_X0Y0        BUFG (Prop_bufg_I_O)         0.091    13.341 r  clk_IBUF_BUFG_inst/O
                         net (fo=230, routed)         1.440    14.781    u_btn_debouncer/U_debouncer_btnU/clk_IBUF_BUFG
    SLICE_X10Y57         FDRE                                         r  u_btn_debouncer/U_debouncer_btnU/count_reg[5]/C
                         clock pessimism              0.271    15.052    
                         clock uncertainty           -0.035    15.017    
    SLICE_X10Y57         FDRE (Setup_fdre_C_R)       -0.524    14.493    u_btn_debouncer/U_debouncer_btnU/count_reg[5]
  -------------------------------------------------------------------
                         required time                         14.493    
                         arrival time                          -8.223    
  -------------------------------------------------------------------
                         slack                                  6.270    

Slack (MET) :             6.270ns  (required time - arrival time)
  Source:                 u_btn_debouncer/U_debouncer_btnU/count_reg[13]/C
                            (rising edge-triggered cell FDRE clocked by sys_clk_pin  {rise@0.000ns fall@5.000ns period=10.000ns})
  Destination:            u_btn_debouncer/U_debouncer_btnU/count_reg[6]/R
                            (rising edge-triggered cell FDRE clocked by sys_clk_pin  {rise@0.000ns fall@5.000ns period=10.000ns})
  Path Group:             sys_clk_pin
  Path Type:              Setup (Max at Slow Process Corner)
  Requirement:            10.000ns  (sys_clk_pin rise@10.000ns - sys_clk_pin rise@0.000ns)
  Data Path Delay:        3.147ns  (logic 0.890ns (28.280%)  route 2.257ns (71.720%))
  Logic Levels:           3  (LUT6=3)
  Clock Path Skew:        -0.024ns (DCD - SCD + CPR)
    Destination Clock Delay (DCD):    4.781ns = ( 14.781 - 10.000 ) 
    Source Clock Delay      (SCD):    5.076ns
    Clock Pessimism Removal (CPR):    0.271ns
  Clock Uncertainty:      0.035ns  ((TSJ^2 + TIJ^2)^1/2 + DJ) / 2 + PE
    Total System Jitter     (TSJ):    0.071ns
    Total Input Jitter      (TIJ):    0.000ns
    Discrete Jitter          (DJ):    0.000ns
    Phase Error              (PE):    0.000ns

    Location             Delay type                Incr(ns)  Path(ns)    Netlist Resource(s)
  -------------------------------------------------------------------    -------------------
                         (clock sys_clk_pin rise edge)
                                                      0.000     0.000 r  
    W5                                                0.000     0.000 r  clk (IN)
                         net (fo=0)                   0.000     0.000    clk
    W5                   IBUF (Prop_ibuf_I_O)         1.458     1.458 r  clk_IBUF_inst/O
                         net (fo=1, routed)           1.967     3.425    clk_IBUF
    BUFGCTRL_X0Y0        BUFG (Prop_bufg_I_O)         0.096     3.521 r  clk_IBUF_BUFG_inst/O
                         net (fo=230, routed)         1.555     5.076    u_btn_debouncer/U_debouncer_btnU/clk_IBUF_BUFG
    SLICE_X10Y59         FDRE                                         r  u_btn_debouncer/U_debouncer_btnU/count_reg[13]/C
  -------------------------------------------------------------------    -------------------
    SLICE_X10Y59         FDRE (Prop_fdre_C_Q)         0.518     5.594 r  u_btn_debouncer/U_debouncer_btnU/count_reg[13]/Q
                         net (fo=2, routed)           1.012     6.606    u_btn_debouncer/U_debouncer_btnU/count_reg[13]
    SLICE_X11Y58         LUT6 (Prop_lut6_I0_O)        0.124     6.730 r  u_btn_debouncer/U_debouncer_btnU/btn_state_i_3/O
                         net (fo=1, routed)           0.292     7.022    u_btn_debouncer/U_debouncer_btnU/btn_state_i_3_n_0
    SLICE_X11Y59         LUT6 (Prop_lut6_I2_O)        0.124     7.146 r  u_btn_debouncer/U_debouncer_btnU/btn_state_i_2/O
                         net (fo=2, routed)           0.160     7.306    u_btn_debouncer/U_debouncer_btnU/btn_state_i_2_n_0
    SLICE_X11Y59         LUT6 (Prop_lut6_I3_O)        0.124     7.430 r  u_btn_debouncer/U_debouncer_btnU/count[0]_i_1/O
                         net (fo=20, routed)          0.793     8.223    u_btn_debouncer/U_debouncer_btnU/count[0]_i_1_n_0
    SLICE_X10Y57         FDRE                                         r  u_btn_debouncer/U_debouncer_btnU/count_reg[6]/R
  -------------------------------------------------------------------    -------------------

                         (clock sys_clk_pin rise edge)
                                                     10.000    10.000 r  
    W5                                                0.000    10.000 r  clk (IN)
                         net (fo=0)                   0.000    10.000    clk
    W5                   IBUF (Prop_ibuf_I_O)         1.388    11.388 r  clk_IBUF_inst/O
                         net (fo=1, routed)           1.862    13.250    clk_IBUF
    BUFGCTRL_X0Y0        BUFG (Prop_bufg_I_O)         0.091    13.341 r  clk_IBUF_BUFG_inst/O
                         net (fo=230, routed)         1.440    14.781    u_btn_debouncer/U_debouncer_btnU/clk_IBUF_BUFG
    SLICE_X10Y57         FDRE                                         r  u_btn_debouncer/U_debouncer_btnU/count_reg[6]/C
                         clock pessimism              0.271    15.052    
                         clock uncertainty           -0.035    15.017    
    SLICE_X10Y57         FDRE (Setup_fdre_C_R)       -0.524    14.493    u_btn_debouncer/U_debouncer_btnU/count_reg[6]
  -------------------------------------------------------------------
                         required time                         14.493    
                         arrival time                          -8.223    
  -------------------------------------------------------------------
                         slack                                  6.270    

Slack (MET) :             6.270ns  (required time - arrival time)
  Source:                 u_btn_debouncer/U_debouncer_btnU/count_reg[13]/C
                            (rising edge-triggered cell FDRE clocked by sys_clk_pin  {rise@0.000ns fall@5.000ns period=10.000ns})
  Destination:            u_btn_debouncer/U_debouncer_btnU/count_reg[7]/R
                            (rising edge-triggered cell FDRE clocked by sys_clk_pin  {rise@0.000ns fall@5.000ns period=10.000ns})
  Path Group:             sys_clk_pin
  Path Type:              Setup (Max at Slow Process Corner)
  Requirement:            10.000ns  (sys_clk_pin rise@10.000ns - sys_clk_pin rise@0.000ns)
  Data Path Delay:        3.147ns  (logic 0.890ns (28.280%)  route 2.257ns (71.720%))
  Logic Levels:           3  (LUT6=3)
  Clock Path Skew:        -0.024ns (DCD - SCD + CPR)
    Destination Clock Delay (DCD):    4.781ns = ( 14.781 - 10.000 ) 
    Source Clock Delay      (SCD):    5.076ns
    Clock Pessimism Removal (CPR):    0.271ns
  Clock Uncertainty:      0.035ns  ((TSJ^2 + TIJ^2)^1/2 + DJ) / 2 + PE
    Total System Jitter     (TSJ):    0.071ns
    Total Input Jitter      (TIJ):    0.000ns
    Discrete Jitter          (DJ):    0.000ns
    Phase Error              (PE):    0.000ns

    Location             Delay type                Incr(ns)  Path(ns)    Netlist Resource(s)
  -------------------------------------------------------------------    -------------------
                         (clock sys_clk_pin rise edge)
                                                      0.000     0.000 r  
    W5                                                0.000     0.000 r  clk (IN)
                         net (fo=0)                   0.000     0.000    clk
    W5                   IBUF (Prop_ibuf_I_O)         1.458     1.458 r  clk_IBUF_inst/O
                         net (fo=1, routed)           1.967     3.425    clk_IBUF
    BUFGCTRL_X0Y0        BUFG (Prop_bufg_I_O)         0.096     3.521 r  clk_IBUF_BUFG_inst/O
                         net (fo=230, routed)         1.555     5.076    u_btn_debouncer/U_debouncer_btnU/clk_IBUF_BUFG
    SLICE_X10Y59         FDRE                                         r  u_btn_debouncer/U_debouncer_btnU/count_reg[13]/C
  -------------------------------------------------------------------    -------------------
    SLICE_X10Y59         FDRE (Prop_fdre_C_Q)         0.518     5.594 r  u_btn_debouncer/U_debouncer_btnU/count_reg[13]/Q
                         net (fo=2, routed)           1.012     6.606    u_btn_debouncer/U_debouncer_btnU/count_reg[13]
    SLICE_X11Y58         LUT6 (Prop_lut6_I0_O)        0.124     6.730 r  u_btn_debouncer/U_debouncer_btnU/btn_state_i_3/O
                         net (fo=1, routed)           0.292     7.022    u_btn_debouncer/U_debouncer_btnU/btn_state_i_3_n_0
    SLICE_X11Y59         LUT6 (Prop_lut6_I2_O)        0.124     7.146 r  u_btn_debouncer/U_debouncer_btnU/btn_state_i_2/O
                         net (fo=2, routed)           0.160     7.306    u_btn_debouncer/U_debouncer_btnU/btn_state_i_2_n_0
    SLICE_X11Y59         LUT6 (Prop_lut6_I3_O)        0.124     7.430 r  u_btn_debouncer/U_debouncer_btnU/count[0]_i_1/O
                         net (fo=20, routed)          0.793     8.223    u_btn_debouncer/U_debouncer_btnU/count[0]_i_1_n_0
    SLICE_X10Y57         FDRE                                         r  u_btn_debouncer/U_debouncer_btnU/count_reg[7]/R
  -------------------------------------------------------------------    -------------------

                         (clock sys_clk_pin rise edge)
                                                     10.000    10.000 r  
    W5                                                0.000    10.000 r  clk (IN)
                         net (fo=0)                   0.000    10.000    clk
    W5                   IBUF (Prop_ibuf_I_O)         1.388    11.388 r  clk_IBUF_inst/O
                         net (fo=1, routed)           1.862    13.250    clk_IBUF
    BUFGCTRL_X0Y0        BUFG (Prop_bufg_I_O)         0.091    13.341 r  clk_IBUF_BUFG_inst/O
                         net (fo=230, routed)         1.440    14.781    u_btn_debouncer/U_debouncer_btnU/clk_IBUF_BUFG
    SLICE_X10Y57         FDRE                                         r  u_btn_debouncer/U_debouncer_btnU/count_reg[7]/C
                         clock pessimism              0.271    15.052    
                         clock uncertainty           -0.035    15.017    
    SLICE_X10Y57         FDRE (Setup_fdre_C_R)       -0.524    14.493    u_btn_debouncer/U_debouncer_btnU/count_reg[7]
  -------------------------------------------------------------------
                         required time                         14.493    
                         arrival time                          -8.223    
  -------------------------------------------------------------------
                         slack                                  6.270    

Slack (MET) :             6.271ns  (required time - arrival time)
  Source:                 u_btn_debouncer/U_debouncer_btnU/count_reg[8]/C
                            (rising edge-triggered cell FDRE clocked by sys_clk_pin  {rise@0.000ns fall@5.000ns period=10.000ns})
  Destination:            u_btn_debouncer/U_debouncer_btnU/count_reg[12]/R
                            (rising edge-triggered cell FDRE clocked by sys_clk_pin  {rise@0.000ns fall@5.000ns period=10.000ns})
  Path Group:             sys_clk_pin
  Path Type:              Setup (Max at Slow Process Corner)
  Requirement:            10.000ns  (sys_clk_pin rise@10.000ns - sys_clk_pin rise@0.000ns)
  Data Path Delay:        3.144ns  (logic 0.890ns (28.308%)  route 2.254ns (71.692%))
  Logic Levels:           3  (LUT6=3)
  Clock Path Skew:        -0.026ns (DCD - SCD + CPR)
    Destination Clock Delay (DCD):    4.780ns = ( 14.780 - 10.000 ) 
    Source Clock Delay      (SCD):    5.077ns
    Clock Pessimism Removal (CPR):    0.271ns
  Clock Uncertainty:      0.035ns  ((TSJ^2 + TIJ^2)^1/2 + DJ) / 2 + PE
    Total System Jitter     (TSJ):    0.071ns
    Total Input Jitter      (TIJ):    0.000ns
    Discrete Jitter          (DJ):    0.000ns
    Phase Error              (PE):    0.000ns

    Location             Delay type                Incr(ns)  Path(ns)    Netlist Resource(s)
  -------------------------------------------------------------------    -------------------
                         (clock sys_clk_pin rise edge)
                                                      0.000     0.000 r  
    W5                                                0.000     0.000 r  clk (IN)
                         net (fo=0)                   0.000     0.000    clk
    W5                   IBUF (Prop_ibuf_I_O)         1.458     1.458 r  clk_IBUF_inst/O
                         net (fo=1, routed)           1.967     3.425    clk_IBUF
    BUFGCTRL_X0Y0        BUFG (Prop_bufg_I_O)         0.096     3.521 r  clk_IBUF_BUFG_inst/O
                         net (fo=230, routed)         1.556     5.077    u_btn_debouncer/U_debouncer_btnU/clk_IBUF_BUFG
    SLICE_X10Y58         FDRE                                         r  u_btn_debouncer/U_debouncer_btnU/count_reg[8]/C
  -------------------------------------------------------------------    -------------------
    SLICE_X10Y58         FDRE (Prop_fdre_C_Q)         0.518     5.595 r  u_btn_debouncer/U_debouncer_btnU/count_reg[8]/Q
                         net (fo=2, routed)           0.998     6.593    u_btn_debouncer/U_debouncer_btnU/count_reg[8]
    SLICE_X11Y58         LUT6 (Prop_lut6_I3_O)        0.124     6.717 r  u_btn_debouncer/U_debouncer_btnU/btn_state_i_3/O
                         net (fo=1, routed)           0.292     7.009    u_btn_debouncer/U_debouncer_btnU/btn_state_i_3_n_0
    SLICE_X11Y59         LUT6 (Prop_lut6_I2_O)        0.124     7.133 r  u_btn_debouncer/U_debouncer_btnU/btn_state_i_2/O
                         net (fo=2, routed)           0.160     7.293    u_btn_debouncer/U_debouncer_btnU/btn_state_i_2_n_0
    SLICE_X11Y59         LUT6 (Prop_lut6_I3_O)        0.124     7.417 r  u_btn_debouncer/U_debouncer_btnU/count[0]_i_1/O
                         net (fo=20, routed)          0.804     8.221    u_btn_debouncer/U_debouncer_btnU/count[0]_i_1_n_0
    SLICE_X10Y59         FDRE                                         r  u_btn_debouncer/U_debouncer_btnU/count_reg[12]/R
  -------------------------------------------------------------------    -------------------

                         (clock sys_clk_pin rise edge)
                                                     10.000    10.000 r  
    W5                                                0.000    10.000 r  clk (IN)
                         net (fo=0)                   0.000    10.000    clk
    W5                   IBUF (Prop_ibuf_I_O)         1.388    11.388 r  clk_IBUF_inst/O
                         net (fo=1, routed)           1.862    13.250    clk_IBUF
    BUFGCTRL_X0Y0        BUFG (Prop_bufg_I_O)         0.091    13.341 r  clk_IBUF_BUFG_inst/O
                         net (fo=230, routed)         1.439    14.780    u_btn_debouncer/U_debouncer_btnU/clk_IBUF_BUFG
    SLICE_X10Y59         FDRE                                         r  u_btn_debouncer/U_debouncer_btnU/count_reg[12]/C
                         clock pessimism              0.271    15.051    
                         clock uncertainty           -0.035    15.016    
    SLICE_X10Y59         FDRE (Setup_fdre_C_R)       -0.524    14.492    u_btn_debouncer/U_debouncer_btnU/count_reg[12]
  -------------------------------------------------------------------
                         required time                         14.492    
                         arrival time                          -8.221    
  -------------------------------------------------------------------
                         slack                                  6.271    

Slack (MET) :             6.271ns  (required time - arrival time)
  Source:                 u_btn_debouncer/U_debouncer_btnU/count_reg[8]/C
                            (rising edge-triggered cell FDRE clocked by sys_clk_pin  {rise@0.000ns fall@5.000ns period=10.000ns})
  Destination:            u_btn_debouncer/U_debouncer_btnU/count_reg[13]/R
                            (rising edge-triggered cell FDRE clocked by sys_clk_pin  {rise@0.000ns fall@5.000ns period=10.000ns})
  Path Group:             sys_clk_pin
  Path Type:              Setup (Max at Slow Process Corner)
  Requirement:            10.000ns  (sys_clk_pin rise@10.000ns - sys_clk_pin rise@0.000ns)
  Data Path Delay:        3.144ns  (logic 0.890ns (28.308%)  route 2.254ns (71.692%))
  Logic Levels:           3  (LUT6=3)
  Clock Path Skew:        -0.026ns (DCD - SCD + CPR)
    Destination Clock Delay (DCD):    4.780ns = ( 14.780 - 10.000 ) 
    Source Clock Delay      (SCD):    5.077ns
    Clock Pessimism Removal (CPR):    0.271ns
  Clock Uncertainty:      0.035ns  ((TSJ^2 + TIJ^2)^1/2 + DJ) / 2 + PE
    Total System Jitter     (TSJ):    0.071ns
    Total Input Jitter      (TIJ):    0.000ns
    Discrete Jitter          (DJ):    0.000ns
    Phase Error              (PE):    0.000ns

    Location             Delay type                Incr(ns)  Path(ns)    Netlist Resource(s)
  -------------------------------------------------------------------    -------------------
                         (clock sys_clk_pin rise edge)
                                                      0.000     0.000 r  
    W5                                                0.000     0.000 r  clk (IN)
                         net (fo=0)                   0.000     0.000    clk
    W5                   IBUF (Prop_ibuf_I_O)         1.458     1.458 r  clk_IBUF_inst/O
                         net (fo=1, routed)           1.967     3.425    clk_IBUF
    BUFGCTRL_X0Y0        BUFG (Prop_bufg_I_O)         0.096     3.521 r  clk_IBUF_BUFG_inst/O
                         net (fo=230, routed)         1.556     5.077    u_btn_debouncer/U_debouncer_btnU/clk_IBUF_BUFG
    SLICE_X10Y58         FDRE                                         r  u_btn_debouncer/U_debouncer_btnU/count_reg[8]/C
  -------------------------------------------------------------------    -------------------
    SLICE_X10Y58         FDRE (Prop_fdre_C_Q)         0.518     5.595 r  u_btn_debouncer/U_debouncer_btnU/count_reg[8]/Q
                         net (fo=2, routed)           0.998     6.593    u_btn_debouncer/U_debouncer_btnU/count_reg[8]
    SLICE_X11Y58         LUT6 (Prop_lut6_I3_O)        0.124     6.717 r  u_btn_debouncer/U_debouncer_btnU/btn_state_i_3/O
                         net (fo=1, routed)           0.292     7.009    u_btn_debouncer/U_debouncer_btnU/btn_state_i_3_n_0
    SLICE_X11Y59         LUT6 (Prop_lut6_I2_O)        0.124     7.133 r  u_btn_debouncer/U_debouncer_btnU/btn_state_i_2/O
                         net (fo=2, routed)           0.160     7.293    u_btn_debouncer/U_debouncer_btnU/btn_state_i_2_n_0
    SLICE_X11Y59         LUT6 (Prop_lut6_I3_O)        0.124     7.417 r  u_btn_debouncer/U_debouncer_btnU/count[0]_i_1/O
                         net (fo=20, routed)          0.804     8.221    u_btn_debouncer/U_debouncer_btnU/count[0]_i_1_n_0
    SLICE_X10Y59         FDRE                                         r  u_btn_debouncer/U_debouncer_btnU/count_reg[13]/R
  -------------------------------------------------------------------    -------------------

                         (clock sys_clk_pin rise edge)
                                                     10.000    10.000 r  
    W5                                                0.000    10.000 r  clk (IN)
                         net (fo=0)                   0.000    10.000    clk
    W5                   IBUF (Prop_ibuf_I_O)         1.388    11.388 r  clk_IBUF_inst/O
                         net (fo=1, routed)           1.862    13.250    clk_IBUF
    BUFGCTRL_X0Y0        BUFG (Prop_bufg_I_O)         0.091    13.341 r  clk_IBUF_BUFG_inst/O
                         net (fo=230, routed)         1.439    14.780    u_btn_debouncer/U_debouncer_btnU/clk_IBUF_BUFG
    SLICE_X10Y59         FDRE                                         r  u_btn_debouncer/U_debouncer_btnU/count_reg[13]/C
                         clock pessimism              0.271    15.051    
                         clock uncertainty           -0.035    15.016    
    SLICE_X10Y59         FDRE (Setup_fdre_C_R)       -0.524    14.492    u_btn_debouncer/U_debouncer_btnU/count_reg[13]
  -------------------------------------------------------------------
                         required time                         14.492    
                         arrival time                          -8.221    
  -------------------------------------------------------------------
                         slack                                  6.271    





Min Delay Paths
--------------------------------------------------------------------------------------
Slack (MET) :             0.182ns  (arrival time - required time)
  Source:                 u_btn_debouncer/U_debouncer_btnD/btn_state_reg/C
                            (rising edge-triggered cell FDRE clocked by sys_clk_pin  {rise@0.000ns fall@5.000ns period=10.000ns})
  Destination:            u_play_melody/ff1_reg[0]/D
                            (rising edge-triggered cell FDCE clocked by sys_clk_pin  {rise@0.000ns fall@5.000ns period=10.000ns})
  Path Group:             sys_clk_pin
  Path Type:              Hold (Min at Fast Process Corner)
  Requirement:            0.000ns  (sys_clk_pin rise@0.000ns - sys_clk_pin rise@0.000ns)
  Data Path Delay:        0.273ns  (logic 0.141ns (51.652%)  route 0.132ns (48.348%))
  Logic Levels:           0  
  Clock Path Skew:        0.016ns (DCD - SCD - CPR)
    Destination Clock Delay (DCD):    1.991ns
    Source Clock Delay      (SCD):    1.476ns
    Clock Pessimism Removal (CPR):    0.499ns

    Location             Delay type                Incr(ns)  Path(ns)    Netlist Resource(s)
  -------------------------------------------------------------------    -------------------
                         (clock sys_clk_pin rise edge)
                                                      0.000     0.000 r  
    W5                                                0.000     0.000 r  clk (IN)
                         net (fo=0)                   0.000     0.000    clk
    W5                   IBUF (Prop_ibuf_I_O)         0.226     0.226 r  clk_IBUF_inst/O
                         net (fo=1, routed)           0.631     0.858    clk_IBUF
    BUFGCTRL_X0Y0        BUFG (Prop_bufg_I_O)         0.026     0.884 r  clk_IBUF_BUFG_inst/O
                         net (fo=230, routed)         0.593     1.476    u_btn_debouncer/U_debouncer_btnD/clk_IBUF_BUFG
    SLICE_X3Y53          FDRE                                         r  u_btn_debouncer/U_debouncer_btnD/btn_state_reg/C
  -------------------------------------------------------------------    -------------------
    SLICE_X3Y53          FDRE (Prop_fdre_C_Q)         0.141     1.617 r  u_btn_debouncer/U_debouncer_btnD/btn_state_reg/Q
                         net (fo=3, routed)           0.132     1.749    u_play_melody/D[0]
    SLICE_X3Y54          FDCE                                         r  u_play_melody/ff1_reg[0]/D
  -------------------------------------------------------------------    -------------------

                         (clock sys_clk_pin rise edge)
                                                      0.000     0.000 r  
    W5                                                0.000     0.000 r  clk (IN)
                         net (fo=0)                   0.000     0.000    clk
    W5                   IBUF (Prop_ibuf_I_O)         0.414     0.414 r  clk_IBUF_inst/O
                         net (fo=1, routed)           0.685     1.099    clk_IBUF
    BUFGCTRL_X0Y0        BUFG (Prop_bufg_I_O)         0.029     1.128 r  clk_IBUF_BUFG_inst/O
                         net (fo=230, routed)         0.863     1.991    u_play_melody/clk_IBUF_BUFG
    SLICE_X3Y54          FDCE                                         r  u_play_melody/ff1_reg[0]/C
                         clock pessimism             -0.499     1.492    
    SLICE_X3Y54          FDCE (Hold_fdce_C_D)         0.075     1.567    u_play_melody/ff1_reg[0]
  -------------------------------------------------------------------
                         required time                         -1.567    
                         arrival time                           1.749    
  -------------------------------------------------------------------
                         slack                                  0.182    

Slack (MET) :             0.186ns  (arrival time - required time)
  Source:                 u_play_melody/r_clk_cnt_reg[3][19]/C
                            (rising edge-triggered cell FDCE clocked by sys_clk_pin  {rise@0.000ns fall@5.000ns period=10.000ns})
  Destination:            u_play_melody/r_clk_cnt_reg[3][3]/D
                            (rising edge-triggered cell FDCE clocked by sys_clk_pin  {rise@0.000ns fall@5.000ns period=10.000ns})
  Path Group:             sys_clk_pin
  Path Type:              Hold (Min at Fast Process Corner)
  Requirement:            0.000ns  (sys_clk_pin rise@0.000ns - sys_clk_pin rise@0.000ns)
  Data Path Delay:        0.319ns  (logic 0.186ns (58.389%)  route 0.133ns (41.611%))
  Logic Levels:           1  (LUT6=1)
  Clock Path Skew:        0.013ns (DCD - SCD - CPR)
    Destination Clock Delay (DCD):    1.990ns
    Source Clock Delay      (SCD):    1.475ns
    Clock Pessimism Removal (CPR):    0.502ns

    Location             Delay type                Incr(ns)  Path(ns)    Netlist Resource(s)
  -------------------------------------------------------------------    -------------------
                         (clock sys_clk_pin rise edge)
                                                      0.000     0.000 r  
    W5                                                0.000     0.000 r  clk (IN)
                         net (fo=0)                   0.000     0.000    clk
    W5                   IBUF (Prop_ibuf_I_O)         0.226     0.226 r  clk_IBUF_inst/O
                         net (fo=1, routed)           0.631     0.858    clk_IBUF
    BUFGCTRL_X0Y0        BUFG (Prop_bufg_I_O)         0.026     0.884 r  clk_IBUF_BUFG_inst/O
                         net (fo=230, routed)         0.592     1.475    u_play_melody/clk_IBUF_BUFG
    SLICE_X7Y51          FDCE                                         r  u_play_melody/r_clk_cnt_reg[3][19]/C
  -------------------------------------------------------------------    -------------------
    SLICE_X7Y51          FDCE (Prop_fdce_C_Q)         0.141     1.616 f  u_play_melody/r_clk_cnt_reg[3][19]/Q
                         net (fo=24, routed)          0.133     1.749    u_play_melody/r_clk_cnt_reg[3][19]
    SLICE_X6Y51          LUT6 (Prop_lut6_I3_O)        0.045     1.794 r  u_play_melody/r_clk_cnt[3][3]_i_1/O
                         net (fo=1, routed)           0.000     1.794    u_play_melody/r_clk_cnt[3][3]_i_1_n_0
    SLICE_X6Y51          FDCE                                         r  u_play_melody/r_clk_cnt_reg[3][3]/D
  -------------------------------------------------------------------    -------------------

                         (clock sys_clk_pin rise edge)
                                                      0.000     0.000 r  
    W5                                                0.000     0.000 r  clk (IN)
                         net (fo=0)                   0.000     0.000    clk
    W5                   IBUF (Prop_ibuf_I_O)         0.414     0.414 r  clk_IBUF_inst/O
                         net (fo=1, routed)           0.685     1.099    clk_IBUF
    BUFGCTRL_X0Y0        BUFG (Prop_bufg_I_O)         0.029     1.128 r  clk_IBUF_BUFG_inst/O
                         net (fo=230, routed)         0.863     1.990    u_play_melody/clk_IBUF_BUFG
    SLICE_X6Y51          FDCE                                         r  u_play_melody/r_clk_cnt_reg[3][3]/C
                         clock pessimism             -0.502     1.488    
    SLICE_X6Y51          FDCE (Hold_fdce_C_D)         0.120     1.608    u_play_melody/r_clk_cnt_reg[3][3]
  -------------------------------------------------------------------
                         required time                         -1.608    
                         arrival time                           1.794    
  -------------------------------------------------------------------
                         slack                                  0.186    

Slack (MET) :             0.189ns  (arrival time - required time)
  Source:                 u_play_melody/r_clk_cnt_reg[3][19]/C
                            (rising edge-triggered cell FDCE clocked by sys_clk_pin  {rise@0.000ns fall@5.000ns period=10.000ns})
  Destination:            u_play_melody/r_clk_cnt_reg[3][7]/D
                            (rising edge-triggered cell FDCE clocked by sys_clk_pin  {rise@0.000ns fall@5.000ns period=10.000ns})
  Path Group:             sys_clk_pin
  Path Type:              Hold (Min at Fast Process Corner)
  Requirement:            0.000ns  (sys_clk_pin rise@0.000ns - sys_clk_pin rise@0.000ns)
  Data Path Delay:        0.323ns  (logic 0.186ns (57.665%)  route 0.137ns (42.335%))
  Logic Levels:           1  (LUT6=1)
  Clock Path Skew:        0.013ns (DCD - SCD - CPR)
    Destination Clock Delay (DCD):    1.990ns
    Source Clock Delay      (SCD):    1.475ns
    Clock Pessimism Removal (CPR):    0.502ns

    Location             Delay type                Incr(ns)  Path(ns)    Netlist Resource(s)
  -------------------------------------------------------------------    -------------------
                         (clock sys_clk_pin rise edge)
                                                      0.000     0.000 r  
    W5                                                0.000     0.000 r  clk (IN)
                         net (fo=0)                   0.000     0.000    clk
    W5                   IBUF (Prop_ibuf_I_O)         0.226     0.226 r  clk_IBUF_inst/O
                         net (fo=1, routed)           0.631     0.858    clk_IBUF
    BUFGCTRL_X0Y0        BUFG (Prop_bufg_I_O)         0.026     0.884 r  clk_IBUF_BUFG_inst/O
                         net (fo=230, routed)         0.592     1.475    u_play_melody/clk_IBUF_BUFG
    SLICE_X7Y51          FDCE                                         r  u_play_melody/r_clk_cnt_reg[3][19]/C
  -------------------------------------------------------------------    -------------------
    SLICE_X7Y51          FDCE (Prop_fdce_C_Q)         0.141     1.616 f  u_play_melody/r_clk_cnt_reg[3][19]/Q
                         net (fo=24, routed)          0.137     1.753    u_play_melody/r_clk_cnt_reg[3][19]
    SLICE_X6Y51          LUT6 (Prop_lut6_I3_O)        0.045     1.798 r  u_play_melody/r_clk_cnt[3][7]_i_1/O
                         net (fo=1, routed)           0.000     1.798    u_play_melody/r_clk_cnt[3][7]_i_1_n_0
    SLICE_X6Y51          FDCE                                         r  u_play_melody/r_clk_cnt_reg[3][7]/D
  -------------------------------------------------------------------    -------------------

                         (clock sys_clk_pin rise edge)
                                                      0.000     0.000 r  
    W5                                                0.000     0.000 r  clk (IN)
                         net (fo=0)                   0.000     0.000    clk
    W5                   IBUF (Prop_ibuf_I_O)         0.414     0.414 r  clk_IBUF_inst/O
                         net (fo=1, routed)           0.685     1.099    clk_IBUF
    BUFGCTRL_X0Y0        BUFG (Prop_bufg_I_O)         0.029     1.128 r  clk_IBUF_BUFG_inst/O
                         net (fo=230, routed)         0.863     1.990    u_play_melody/clk_IBUF_BUFG
    SLICE_X6Y51          FDCE                                         r  u_play_melody/r_clk_cnt_reg[3][7]/C
                         clock pessimism             -0.502     1.488    
    SLICE_X6Y51          FDCE (Hold_fdce_C_D)         0.121     1.609    u_play_melody/r_clk_cnt_reg[3][7]
  -------------------------------------------------------------------
                         required time                         -1.609    
                         arrival time                           1.798    
  -------------------------------------------------------------------
                         slack                                  0.189    

Slack (MET) :             0.195ns  (arrival time - required time)
  Source:                 u_btn_debouncer/U_debouncer_btnL/btn_state_reg/C
                            (rising edge-triggered cell FDRE clocked by sys_clk_pin  {rise@0.000ns fall@5.000ns period=10.000ns})
  Destination:            u_play_melody/ff1_reg[3]/D
                            (rising edge-triggered cell FDCE clocked by sys_clk_pin  {rise@0.000ns fall@5.000ns period=10.000ns})
  Path Group:             sys_clk_pin
  Path Type:              Hold (Min at Fast Process Corner)
  Requirement:            0.000ns  (sys_clk_pin rise@0.000ns - sys_clk_pin rise@0.000ns)
  Data Path Delay:        0.301ns  (logic 0.164ns (54.411%)  route 0.137ns (45.589%))
  Logic Levels:           0  
  Clock Path Skew:        0.036ns (DCD - SCD - CPR)
    Destination Clock Delay (DCD):    1.961ns
    Source Clock Delay      (SCD):    1.447ns
    Clock Pessimism Removal (CPR):    0.478ns

    Location             Delay type                Incr(ns)  Path(ns)    Netlist Resource(s)
  -------------------------------------------------------------------    -------------------
                         (clock sys_clk_pin rise edge)
                                                      0.000     0.000 r  
    W5                                                0.000     0.000 r  clk (IN)
                         net (fo=0)                   0.000     0.000    clk
    W5                   IBUF (Prop_ibuf_I_O)         0.226     0.226 r  clk_IBUF_inst/O
                         net (fo=1, routed)           0.631     0.858    clk_IBUF
    BUFGCTRL_X0Y0        BUFG (Prop_bufg_I_O)         0.026     0.884 r  clk_IBUF_BUFG_inst/O
                         net (fo=230, routed)         0.564     1.447    u_btn_debouncer/U_debouncer_btnL/clk_IBUF_BUFG
    SLICE_X10Y53         FDRE                                         r  u_btn_debouncer/U_debouncer_btnL/btn_state_reg/C
  -------------------------------------------------------------------    -------------------
    SLICE_X10Y53         FDRE (Prop_fdre_C_Q)         0.164     1.611 r  u_btn_debouncer/U_debouncer_btnL/btn_state_reg/Q
                         net (fo=3, routed)           0.137     1.749    u_play_melody/D[3]
    SLICE_X9Y54          FDCE                                         r  u_play_melody/ff1_reg[3]/D
  -------------------------------------------------------------------    -------------------

                         (clock sys_clk_pin rise edge)
                                                      0.000     0.000 r  
    W5                                                0.000     0.000 r  clk (IN)
                         net (fo=0)                   0.000     0.000    clk
    W5                   IBUF (Prop_ibuf_I_O)         0.414     0.414 r  clk_IBUF_inst/O
                         net (fo=1, routed)           0.685     1.099    clk_IBUF
    BUFGCTRL_X0Y0        BUFG (Prop_bufg_I_O)         0.029     1.128 r  clk_IBUF_BUFG_inst/O
                         net (fo=230, routed)         0.833     1.961    u_play_melody/clk_IBUF_BUFG
    SLICE_X9Y54          FDCE                                         r  u_play_melody/ff1_reg[3]/C
                         clock pessimism             -0.478     1.483    
    SLICE_X9Y54          FDCE (Hold_fdce_C_D)         0.070     1.553    u_play_melody/ff1_reg[3]
  -------------------------------------------------------------------
                         required time                         -1.553    
                         arrival time                           1.749    
  -------------------------------------------------------------------
                         slack                                  0.195    

Slack (MET) :             0.215ns  (arrival time - required time)
  Source:                 u_play_melody/ff2_reg[2]/C
                            (rising edge-triggered cell FDCE clocked by sys_clk_pin  {rise@0.000ns fall@5.000ns period=10.000ns})
  Destination:            u_play_melody/r_clk_cnt_reg[2][7]/D
                            (rising edge-triggered cell FDCE clocked by sys_clk_pin  {rise@0.000ns fall@5.000ns period=10.000ns})
  Path Group:             sys_clk_pin
  Path Type:              Hold (Min at Fast Process Corner)
  Requirement:            0.000ns  (sys_clk_pin rise@0.000ns - sys_clk_pin rise@0.000ns)
  Data Path Delay:        0.346ns  (logic 0.186ns (53.808%)  route 0.160ns (46.192%))
  Logic Levels:           1  (LUT6=1)
  Clock Path Skew:        0.039ns (DCD - SCD - CPR)
    Destination Clock Delay (DCD):    1.990ns
    Source Clock Delay      (SCD):    1.473ns
    Clock Pessimism Removal (CPR):    0.478ns

    Location             Delay type                Incr(ns)  Path(ns)    Netlist Resource(s)
  -------------------------------------------------------------------    -------------------
                         (clock sys_clk_pin rise edge)
                                                      0.000     0.000 r  
    W5                                                0.000     0.000 r  clk (IN)
                         net (fo=0)                   0.000     0.000    clk
    W5                   IBUF (Prop_ibuf_I_O)         0.226     0.226 r  clk_IBUF_inst/O
                         net (fo=1, routed)           0.631     0.858    clk_IBUF
    BUFGCTRL_X0Y0        BUFG (Prop_bufg_I_O)         0.026     0.884 r  clk_IBUF_BUFG_inst/O
                         net (fo=230, routed)         0.590     1.473    u_play_melody/clk_IBUF_BUFG
    SLICE_X4Y58          FDCE                                         r  u_play_melody/ff2_reg[2]/C
  -------------------------------------------------------------------    -------------------
    SLICE_X4Y58          FDCE (Prop_fdce_C_Q)         0.141     1.614 r  u_play_melody/ff2_reg[2]/Q
                         net (fo=23, routed)          0.160     1.774    u_play_melody/p_4_in
    SLICE_X1Y58          LUT6 (Prop_lut6_I1_O)        0.045     1.819 r  u_play_melody/r_clk_cnt[2][7]_i_1/O
                         net (fo=1, routed)           0.000     1.819    u_play_melody/r_clk_cnt[2][7]_i_1_n_0
    SLICE_X1Y58          FDCE                                         r  u_play_melody/r_clk_cnt_reg[2][7]/D
  -------------------------------------------------------------------    -------------------

                         (clock sys_clk_pin rise edge)
                                                      0.000     0.000 r  
    W5                                                0.000     0.000 r  clk (IN)
                         net (fo=0)                   0.000     0.000    clk
    W5                   IBUF (Prop_ibuf_I_O)         0.414     0.414 r  clk_IBUF_inst/O
                         net (fo=1, routed)           0.685     1.099    clk_IBUF
    BUFGCTRL_X0Y0        BUFG (Prop_bufg_I_O)         0.029     1.128 r  clk_IBUF_BUFG_inst/O
                         net (fo=230, routed)         0.862     1.990    u_play_melody/clk_IBUF_BUFG
    SLICE_X1Y58          FDCE                                         r  u_play_melody/r_clk_cnt_reg[2][7]/C
                         clock pessimism             -0.478     1.512    
    SLICE_X1Y58          FDCE (Hold_fdce_C_D)         0.092     1.604    u_play_melody/r_clk_cnt_reg[2][7]
  -------------------------------------------------------------------
                         required time                         -1.604    
                         arrival time                           1.819    
  -------------------------------------------------------------------
                         slack                                  0.215    

Slack (MET) :             0.226ns  (arrival time - required time)
  Source:                 u_play_melody/ff2_reg[3]/C
                            (rising edge-triggered cell FDCE clocked by sys_clk_pin  {rise@0.000ns fall@5.000ns period=10.000ns})
  Destination:            u_play_melody/r_clk_cnt_reg[3][11]/D
                            (rising edge-triggered cell FDCE clocked by sys_clk_pin  {rise@0.000ns fall@5.000ns period=10.000ns})
  Path Group:             sys_clk_pin
  Path Type:              Hold (Min at Fast Process Corner)
  Requirement:            0.000ns  (sys_clk_pin rise@0.000ns - sys_clk_pin rise@0.000ns)
  Data Path Delay:        0.347ns  (logic 0.246ns (70.806%)  route 0.101ns (29.194%))
  Logic Levels:           1  (LUT6=1)
  Clock Path Skew:        0.000ns (DCD - SCD - CPR)
    Destination Clock Delay (DCD):    1.961ns
    Source Clock Delay      (SCD):    1.447ns
    Clock Pessimism Removal (CPR):    0.514ns

    Location             Delay type                Incr(ns)  Path(ns)    Netlist Resource(s)
  -------------------------------------------------------------------    -------------------
                         (clock sys_clk_pin rise edge)
                                                      0.000     0.000 r  
    W5                                                0.000     0.000 r  clk (IN)
                         net (fo=0)                   0.000     0.000    clk
    W5                   IBUF (Prop_ibuf_I_O)         0.226     0.226 r  clk_IBUF_inst/O
                         net (fo=1, routed)           0.631     0.858    clk_IBUF
    BUFGCTRL_X0Y0        BUFG (Prop_bufg_I_O)         0.026     0.884 r  clk_IBUF_BUFG_inst/O
                         net (fo=230, routed)         0.564     1.447    u_play_melody/clk_IBUF_BUFG
    SLICE_X8Y54          FDCE                                         r  u_play_melody/ff2_reg[3]/C
  -------------------------------------------------------------------    -------------------
    SLICE_X8Y54          FDCE (Prop_fdce_C_Q)         0.148     1.595 r  u_play_melody/ff2_reg[3]/Q
                         net (fo=23, routed)          0.101     1.697    u_play_melody/p_6_in
    SLICE_X8Y54          LUT6 (Prop_lut6_I1_O)        0.098     1.795 r  u_play_melody/r_clk_cnt[3][11]_i_1/O
                         net (fo=1, routed)           0.000     1.795    u_play_melody/r_clk_cnt[3][11]_i_1_n_0
    SLICE_X8Y54          FDCE                                         r  u_play_melody/r_clk_cnt_reg[3][11]/D
  -------------------------------------------------------------------    -------------------

                         (clock sys_clk_pin rise edge)
                                                      0.000     0.000 r  
    W5                                                0.000     0.000 r  clk (IN)
                         net (fo=0)                   0.000     0.000    clk
    W5                   IBUF (Prop_ibuf_I_O)         0.414     0.414 r  clk_IBUF_inst/O
                         net (fo=1, routed)           0.685     1.099    clk_IBUF
    BUFGCTRL_X0Y0        BUFG (Prop_bufg_I_O)         0.029     1.128 r  clk_IBUF_BUFG_inst/O
                         net (fo=230, routed)         0.833     1.961    u_play_melody/clk_IBUF_BUFG
    SLICE_X8Y54          FDCE                                         r  u_play_melody/r_clk_cnt_reg[3][11]/C
                         clock pessimism             -0.514     1.447    
    SLICE_X8Y54          FDCE (Hold_fdce_C_D)         0.121     1.568    u_play_melody/r_clk_cnt_reg[3][11]
  -------------------------------------------------------------------
                         required time                         -1.568    
                         arrival time                           1.795    
  -------------------------------------------------------------------
                         slack                                  0.226    

Slack (MET) :             0.229ns  (arrival time - required time)
  Source:                 u_play_melody/ff2_reg[3]/C
                            (rising edge-triggered cell FDCE clocked by sys_clk_pin  {rise@0.000ns fall@5.000ns period=10.000ns})
  Destination:            u_play_melody/r_clk_cnt_reg[3][10]/D
                            (rising edge-triggered cell FDCE clocked by sys_clk_pin  {rise@0.000ns fall@5.000ns period=10.000ns})
  Path Group:             sys_clk_pin
  Path Type:              Hold (Min at Fast Process Corner)
  Requirement:            0.000ns  (sys_clk_pin rise@0.000ns - sys_clk_pin rise@0.000ns)
  Data Path Delay:        0.349ns  (logic 0.246ns (70.400%)  route 0.103ns (29.600%))
  Logic Levels:           1  (LUT6=1)
  Clock Path Skew:        0.000ns (DCD - SCD - CPR)
    Destination Clock Delay (DCD):    1.961ns
    Source Clock Delay      (SCD):    1.447ns
    Clock Pessimism Removal (CPR):    0.514ns

    Location             Delay type                Incr(ns)  Path(ns)    Netlist Resource(s)
  -------------------------------------------------------------------    -------------------
                         (clock sys_clk_pin rise edge)
                                                      0.000     0.000 r  
    W5                                                0.000     0.000 r  clk (IN)
                         net (fo=0)                   0.000     0.000    clk
    W5                   IBUF (Prop_ibuf_I_O)         0.226     0.226 r  clk_IBUF_inst/O
                         net (fo=1, routed)           0.631     0.858    clk_IBUF
    BUFGCTRL_X0Y0        BUFG (Prop_bufg_I_O)         0.026     0.884 r  clk_IBUF_BUFG_inst/O
                         net (fo=230, routed)         0.564     1.447    u_play_melody/clk_IBUF_BUFG
    SLICE_X8Y54          FDCE                                         r  u_play_melody/ff2_reg[3]/C
  -------------------------------------------------------------------    -------------------
    SLICE_X8Y54          FDCE (Prop_fdce_C_Q)         0.148     1.595 r  u_play_melody/ff2_reg[3]/Q
                         net (fo=23, routed)          0.103     1.699    u_play_melody/p_6_in
    SLICE_X8Y54          LUT6 (Prop_lut6_I1_O)        0.098     1.797 r  u_play_melody/r_clk_cnt[3][10]_i_1/O
                         net (fo=1, routed)           0.000     1.797    u_play_melody/r_clk_cnt[3][10]_i_1_n_0
    SLICE_X8Y54          FDCE                                         r  u_play_melody/r_clk_cnt_reg[3][10]/D
  -------------------------------------------------------------------    -------------------

                         (clock sys_clk_pin rise edge)
                                                      0.000     0.000 r  
    W5                                                0.000     0.000 r  clk (IN)
                         net (fo=0)                   0.000     0.000    clk
    W5                   IBUF (Prop_ibuf_I_O)         0.414     0.414 r  clk_IBUF_inst/O
                         net (fo=1, routed)           0.685     1.099    clk_IBUF
    BUFGCTRL_X0Y0        BUFG (Prop_bufg_I_O)         0.029     1.128 r  clk_IBUF_BUFG_inst/O
                         net (fo=230, routed)         0.833     1.961    u_play_melody/clk_IBUF_BUFG
    SLICE_X8Y54          FDCE                                         r  u_play_melody/r_clk_cnt_reg[3][10]/C
                         clock pessimism             -0.514     1.447    
    SLICE_X8Y54          FDCE (Hold_fdce_C_D)         0.120     1.567    u_play_melody/r_clk_cnt_reg[3][10]
  -------------------------------------------------------------------
                         required time                         -1.567    
                         arrival time                           1.797    
  -------------------------------------------------------------------
                         slack                                  0.229    

Slack (MET) :             0.230ns  (arrival time - required time)
  Source:                 u_play_melody/ff1_reg[0]/C
                            (rising edge-triggered cell FDCE clocked by sys_clk_pin  {rise@0.000ns fall@5.000ns period=10.000ns})
  Destination:            u_play_melody/ff2_reg[0]/D
                            (rising edge-triggered cell FDCE clocked by sys_clk_pin  {rise@0.000ns fall@5.000ns period=10.000ns})
  Path Group:             sys_clk_pin
  Path Type:              Hold (Min at Fast Process Corner)
  Requirement:            0.000ns  (sys_clk_pin rise@0.000ns - sys_clk_pin rise@0.000ns)
  Data Path Delay:        0.247ns  (logic 0.128ns (51.736%)  route 0.119ns (48.264%))
  Logic Levels:           0  
  Clock Path Skew:        0.000ns (DCD - SCD - CPR)
    Destination Clock Delay (DCD):    1.991ns
    Source Clock Delay      (SCD):    1.476ns
    Clock Pessimism Removal (CPR):    0.515ns

    Location             Delay type                Incr(ns)  Path(ns)    Netlist Resource(s)
  -------------------------------------------------------------------    -------------------
                         (clock sys_clk_pin rise edge)
                                                      0.000     0.000 r  
    W5                                                0.000     0.000 r  clk (IN)
                         net (fo=0)                   0.000     0.000    clk
    W5                   IBUF (Prop_ibuf_I_O)         0.226     0.226 r  clk_IBUF_inst/O
                         net (fo=1, routed)           0.631     0.858    clk_IBUF
    BUFGCTRL_X0Y0        BUFG (Prop_bufg_I_O)         0.026     0.884 r  clk_IBUF_BUFG_inst/O
                         net (fo=230, routed)         0.593     1.476    u_play_melody/clk_IBUF_BUFG
    SLICE_X3Y54          FDCE                                         r  u_play_melody/ff1_reg[0]/C
  -------------------------------------------------------------------    -------------------
    SLICE_X3Y54          FDCE (Prop_fdce_C_Q)         0.128     1.604 r  u_play_melody/ff1_reg[0]/Q
                         net (fo=1, routed)           0.119     1.724    u_play_melody/ff1[0]
    SLICE_X3Y54          FDCE                                         r  u_play_melody/ff2_reg[0]/D
  -------------------------------------------------------------------    -------------------

                         (clock sys_clk_pin rise edge)
                                                      0.000     0.000 r  
    W5                                                0.000     0.000 r  clk (IN)
                         net (fo=0)                   0.000     0.000    clk
    W5                   IBUF (Prop_ibuf_I_O)         0.414     0.414 r  clk_IBUF_inst/O
                         net (fo=1, routed)           0.685     1.099    clk_IBUF
    BUFGCTRL_X0Y0        BUFG (Prop_bufg_I_O)         0.029     1.128 r  clk_IBUF_BUFG_inst/O
                         net (fo=230, routed)         0.863     1.991    u_play_melody/clk_IBUF_BUFG
    SLICE_X3Y54          FDCE                                         r  u_play_melody/ff2_reg[0]/C
                         clock pessimism             -0.515     1.476    
    SLICE_X3Y54          FDCE (Hold_fdce_C_D)         0.017     1.493    u_play_melody/ff2_reg[0]
  -------------------------------------------------------------------
                         required time                         -1.493    
                         arrival time                           1.724    
  -------------------------------------------------------------------
                         slack                                  0.230    

Slack (MET) :             0.238ns  (arrival time - required time)
  Source:                 u_play_melody/ff1_reg[3]/C
                            (rising edge-triggered cell FDCE clocked by sys_clk_pin  {rise@0.000ns fall@5.000ns period=10.000ns})
  Destination:            u_play_melody/ff2_reg[3]/D
                            (rising edge-triggered cell FDCE clocked by sys_clk_pin  {rise@0.000ns fall@5.000ns period=10.000ns})
  Path Group:             sys_clk_pin
  Path Type:              Hold (Min at Fast Process Corner)
  Requirement:            0.000ns  (sys_clk_pin rise@0.000ns - sys_clk_pin rise@0.000ns)
  Data Path Delay:        0.311ns  (logic 0.141ns (45.298%)  route 0.170ns (54.702%))
  Logic Levels:           0  
  Clock Path Skew:        0.013ns (DCD - SCD - CPR)
    Destination Clock Delay (DCD):    1.961ns
    Source Clock Delay      (SCD):    1.447ns
    Clock Pessimism Removal (CPR):    0.501ns

    Location             Delay type                Incr(ns)  Path(ns)    Netlist Resource(s)
  -------------------------------------------------------------------    -------------------
                         (clock sys_clk_pin rise edge)
                                                      0.000     0.000 r  
    W5                                                0.000     0.000 r  clk (IN)
                         net (fo=0)                   0.000     0.000    clk
    W5                   IBUF (Prop_ibuf_I_O)         0.226     0.226 r  clk_IBUF_inst/O
                         net (fo=1, routed)           0.631     0.858    clk_IBUF
    BUFGCTRL_X0Y0        BUFG (Prop_bufg_I_O)         0.026     0.884 r  clk_IBUF_BUFG_inst/O
                         net (fo=230, routed)         0.564     1.447    u_play_melody/clk_IBUF_BUFG
    SLICE_X9Y54          FDCE                                         r  u_play_melody/ff1_reg[3]/C
  -------------------------------------------------------------------    -------------------
    SLICE_X9Y54          FDCE (Prop_fdce_C_Q)         0.141     1.588 r  u_play_melody/ff1_reg[3]/Q
                         net (fo=1, routed)           0.170     1.759    u_play_melody/ff1[3]
    SLICE_X8Y54          FDCE                                         r  u_play_melody/ff2_reg[3]/D
  -------------------------------------------------------------------    -------------------

                         (clock sys_clk_pin rise edge)
                                                      0.000     0.000 r  
    W5                                                0.000     0.000 r  clk (IN)
                         net (fo=0)                   0.000     0.000    clk
    W5                   IBUF (Prop_ibuf_I_O)         0.414     0.414 r  clk_IBUF_inst/O
                         net (fo=1, routed)           0.685     1.099    clk_IBUF
    BUFGCTRL_X0Y0        BUFG (Prop_bufg_I_O)         0.029     1.128 r  clk_IBUF_BUFG_inst/O
                         net (fo=230, routed)         0.833     1.961    u_play_melody/clk_IBUF_BUFG
    SLICE_X8Y54          FDCE                                         r  u_play_melody/ff2_reg[3]/C
                         clock pessimism             -0.501     1.460    
    SLICE_X8Y54          FDCE (Hold_fdce_C_D)         0.060     1.520    u_play_melody/ff2_reg[3]
  -------------------------------------------------------------------
                         required time                         -1.520    
                         arrival time                           1.759    
  -------------------------------------------------------------------
                         slack                                  0.238    

Slack (MET) :             0.248ns  (arrival time - required time)
  Source:                 u_play_melody/r_clk_cnt_reg[2][19]/C
                            (rising edge-triggered cell FDCE clocked by sys_clk_pin  {rise@0.000ns fall@5.000ns period=10.000ns})
  Destination:            u_play_melody/r_clk_cnt_reg[2][12]/D
                            (rising edge-triggered cell FDCE clocked by sys_clk_pin  {rise@0.000ns fall@5.000ns period=10.000ns})
  Path Group:             sys_clk_pin
  Path Type:              Hold (Min at Fast Process Corner)
  Requirement:            0.000ns  (sys_clk_pin rise@0.000ns - sys_clk_pin rise@0.000ns)
  Data Path Delay:        0.357ns  (logic 0.186ns (52.060%)  route 0.171ns (47.940%))
  Logic Levels:           1  (LUT6=1)
  Clock Path Skew:        0.017ns (DCD - SCD - CPR)
    Destination Clock Delay (DCD):    1.990ns
    Source Clock Delay      (SCD):    1.474ns
    Clock Pessimism Removal (CPR):    0.499ns

    Location             Delay type                Incr(ns)  Path(ns)    Netlist Resource(s)
  -------------------------------------------------------------------    -------------------
                         (clock sys_clk_pin rise edge)
                                                      0.000     0.000 r  
    W5                                                0.000     0.000 r  clk (IN)
                         net (fo=0)                   0.000     0.000    clk
    W5                   IBUF (Prop_ibuf_I_O)         0.226     0.226 r  clk_IBUF_inst/O
                         net (fo=1, routed)           0.631     0.858    clk_IBUF
    BUFGCTRL_X0Y0        BUFG (Prop_bufg_I_O)         0.026     0.884 r  clk_IBUF_BUFG_inst/O
                         net (fo=230, routed)         0.591     1.474    u_play_melody/clk_IBUF_BUFG
    SLICE_X1Y61          FDCE                                         r  u_play_melody/r_clk_cnt_reg[2][19]/C
  -------------------------------------------------------------------    -------------------
    SLICE_X1Y61          FDCE (Prop_fdce_C_Q)         0.141     1.615 f  u_play_melody/r_clk_cnt_reg[2][19]/Q
                         net (fo=24, routed)          0.171     1.787    u_play_melody/r_clk_cnt_reg[2][19]
    SLICE_X1Y59          LUT6 (Prop_lut6_I4_O)        0.045     1.832 r  u_play_melody/r_clk_cnt[2][12]_i_1/O
                         net (fo=1, routed)           0.000     1.832    u_play_melody/r_clk_cnt[2][12]_i_1_n_0
    SLICE_X1Y59          FDCE                                         r  u_play_melody/r_clk_cnt_reg[2][12]/D
  -------------------------------------------------------------------    -------------------

                         (clock sys_clk_pin rise edge)
                                                      0.000     0.000 r  
    W5                                                0.000     0.000 r  clk (IN)
                         net (fo=0)                   0.000     0.000    clk
    W5                   IBUF (Prop_ibuf_I_O)         0.414     0.414 r  clk_IBUF_inst/O
                         net (fo=1, routed)           0.685     1.099    clk_IBUF
    BUFGCTRL_X0Y0        BUFG (Prop_bufg_I_O)         0.029     1.128 r  clk_IBUF_BUFG_inst/O
                         net (fo=230, routed)         0.862     1.990    u_play_melody/clk_IBUF_BUFG
    SLICE_X1Y59          FDCE                                         r  u_play_melody/r_clk_cnt_reg[2][12]/C
                         clock pessimism             -0.499     1.491    
    SLICE_X1Y59          FDCE (Hold_fdce_C_D)         0.092     1.583    u_play_melody/r_clk_cnt_reg[2][12]
  -------------------------------------------------------------------
                         required time                         -1.583    
                         arrival time                           1.832    
  -------------------------------------------------------------------
                         slack                                  0.248    





Pulse Width Checks
--------------------------------------------------------------------------------------
Clock Name:         sys_clk_pin
Waveform(ns):       { 0.000 5.000 }
Period(ns):         10.000
Sources:            { clk }

Check Type        Corner  Lib Pin  Reference Pin  Required(ns)  Actual(ns)  Slack(ns)  Location       Pin
Min Period        n/a     BUFG/I   n/a            2.155         10.000      7.845      BUFGCTRL_X0Y0  clk_IBUF_BUFG_inst/I
Min Period        n/a     FDRE/C   n/a            1.000         10.000      9.000      SLICE_X4Y59    u_btn_debouncer/U_debouncer_btnC/btn_state_reg/C
Min Period        n/a     FDRE/C   n/a            1.000         10.000      9.000      SLICE_X2Y56    u_btn_debouncer/U_debouncer_btnC/count_reg[0]/C
Min Period        n/a     FDRE/C   n/a            1.000         10.000      9.000      SLICE_X2Y58    u_btn_debouncer/U_debouncer_btnC/count_reg[10]/C
Min Period        n/a     FDRE/C   n/a            1.000         10.000      9.000      SLICE_X2Y58    u_btn_debouncer/U_debouncer_btnC/count_reg[11]/C
Min Period        n/a     FDRE/C   n/a            1.000         10.000      9.000      SLICE_X2Y59    u_btn_debouncer/U_debouncer_btnC/count_reg[12]/C
Min Period        n/a     FDRE/C   n/a            1.000         10.000      9.000      SLICE_X2Y59    u_btn_debouncer/U_debouncer_btnC/count_reg[13]/C
Min Period        n/a     FDRE/C   n/a            1.000         10.000      9.000      SLICE_X2Y59    u_btn_debouncer/U_debouncer_btnC/count_reg[14]/C
Min Period        n/a     FDRE/C   n/a            1.000         10.000      9.000      SLICE_X2Y59    u_btn_debouncer/U_debouncer_btnC/count_reg[15]/C
Min Period        n/a     FDRE/C   n/a            1.000         10.000      9.000      SLICE_X2Y60    u_btn_debouncer/U_debouncer_btnC/count_reg[16]/C
Low Pulse Width   Slow    FDRE/C   n/a            0.500         5.000       4.500      SLICE_X4Y59    u_btn_debouncer/U_debouncer_btnC/btn_state_reg/C
Low Pulse Width   Fast    FDRE/C   n/a            0.500         5.000       4.500      SLICE_X4Y59    u_btn_debouncer/U_debouncer_btnC/btn_state_reg/C
Low Pulse Width   Slow    FDRE/C   n/a            0.500         5.000       4.500      SLICE_X2Y56    u_btn_debouncer/U_debouncer_btnC/count_reg[0]/C
Low Pulse Width   Fast    FDRE/C   n/a            0.500         5.000       4.500      SLICE_X2Y56    u_btn_debouncer/U_debouncer_btnC/count_reg[0]/C
Low Pulse Width   Slow    FDRE/C   n/a            0.500         5.000       4.500      SLICE_X2Y58    u_btn_debouncer/U_debouncer_btnC/count_reg[10]/C
Low Pulse Width   Fast    FDRE/C   n/a            0.500         5.000       4.500      SLICE_X2Y58    u_btn_debouncer/U_debouncer_btnC/count_reg[10]/C
Low Pulse Width   Slow    FDRE/C   n/a            0.500         5.000       4.500      SLICE_X2Y58    u_btn_debouncer/U_debouncer_btnC/count_reg[11]/C
Low Pulse Width   Fast    FDRE/C   n/a            0.500         5.000       4.500      SLICE_X2Y58    u_btn_debouncer/U_debouncer_btnC/count_reg[11]/C
Low Pulse Width   Slow    FDRE/C   n/a            0.500         5.000       4.500      SLICE_X2Y59    u_btn_debouncer/U_debouncer_btnC/count_reg[12]/C
Low Pulse Width   Fast    FDRE/C   n/a            0.500         5.000       4.500      SLICE_X2Y59    u_btn_debouncer/U_debouncer_btnC/count_reg[12]/C
High Pulse Width  Slow    FDRE/C   n/a            0.500         5.000       4.500      SLICE_X4Y59    u_btn_debouncer/U_debouncer_btnC/btn_state_reg/C
High Pulse Width  Fast    FDRE/C   n/a            0.500         5.000       4.500      SLICE_X4Y59    u_btn_debouncer/U_debouncer_btnC/btn_state_reg/C
High Pulse Width  Slow    FDRE/C   n/a            0.500         5.000       4.500      SLICE_X2Y56    u_btn_debouncer/U_debouncer_btnC/count_reg[0]/C
High Pulse Width  Fast    FDRE/C   n/a            0.500         5.000       4.500      SLICE_X2Y56    u_btn_debouncer/U_debouncer_btnC/count_reg[0]/C
High Pulse Width  Slow    FDRE/C   n/a            0.500         5.000       4.500      SLICE_X2Y58    u_btn_debouncer/U_debouncer_btnC/count_reg[10]/C
High Pulse Width  Fast    FDRE/C   n/a            0.500         5.000       4.500      SLICE_X2Y58    u_btn_debouncer/U_debouncer_btnC/count_reg[10]/C
High Pulse Width  Slow    FDRE/C   n/a            0.500         5.000       4.500      SLICE_X2Y58    u_btn_debouncer/U_debouncer_btnC/count_reg[11]/C
High Pulse Width  Fast    FDRE/C   n/a            0.500         5.000       4.500      SLICE_X2Y58    u_btn_debouncer/U_debouncer_btnC/count_reg[11]/C
High Pulse Width  Slow    FDRE/C   n/a            0.500         5.000       4.500      SLICE_X2Y59    u_btn_debouncer/U_debouncer_btnC/count_reg[12]/C
High Pulse Width  Fast    FDRE/C   n/a            0.500         5.000       4.500      SLICE_X2Y59    u_btn_debouncer/U_debouncer_btnC/count_reg[12]/C



