Copyright 1986-2021 Xilinx, Inc. All Rights Reserved.
-----------------------------------------------------------------------------------------------------------------------------------------------------------------------------------------------------------------
| Tool Version : Vivado v.2021.1 (win64) Build 3247384 Thu Jun 10 19:36:33 MDT 2021
| Date         : Wed Feb 25 17:33:34 2026
| Host         : DESKTOP-0G8LKRK running 64-bit major release  (build 9200)
| Command      : report_timing_summary -max_paths 10 -file shift_register_timing_summary_routed.rpt -pb shift_register_timing_summary_routed.pb -rpx shift_register_timing_summary_routed.rpx -warn_on_violation
| Design       : shift_register
| Device       : 7a35t-cpg236
| Speed File   : -1  PRODUCTION 1.23 2018-06-13
-----------------------------------------------------------------------------------------------------------------------------------------------------------------------------------------------------------------

Timing Summary Report

------------------------------------------------------------------------------------------------
| Timer Settings
| --------------
------------------------------------------------------------------------------------------------

  Enable Multi Corner Analysis               :  Yes
  Enable Pessimism Removal                   :  Yes
  Pessimism Removal Resolution               :  Nearest Common Node
  Enable Input Delay Default Clock           :  No
  Enable Preset / Clear Arcs                 :  No
  Disable Flight Delays                      :  No
  Ignore I/O Paths                           :  No
  Timing Early Launch at Borrowing Latches   :  No
  Borrow Time for Max Delay Exceptions       :  Yes
  Merge Timing Exceptions                    :  Yes

  Corner  Analyze    Analyze    
  Name    Max Paths  Min Paths  
  ------  ---------  ---------  
  Slow    Yes        Yes        
  Fast    Yes        Yes        


------------------------------------------------------------------------------------------------
| Report Methodology
| ------------------
------------------------------------------------------------------------------------------------

Rule       Severity  Description                    Violations  
---------  --------  -----------------------------  ----------  
TIMING-18  Warning   Missing input or output delay  19          

Note: This report is based on the most recent report_methodology run and may not be up-to-date. Run report_methodology on the current design for the latest report.



check_timing report

Table of Contents
-----------------
1. checking no_clock (0)
2. checking constant_clock (0)
3. checking pulse_width_clock (0)
4. checking unconstrained_internal_endpoints (0)
5. checking no_input_delay (3)
6. checking no_output_delay (8)
7. checking multiple_clock (0)
8. checking generated_clocks (0)
9. checking loops (0)
10. checking partial_input_delay (0)
11. checking partial_output_delay (0)
12. checking latch_loops (0)

1. checking no_clock (0)
------------------------
 There are 0 register/latch pins with no clock.


2. checking constant_clock (0)
------------------------------
 There are 0 register/latch pins with constant_clock.


3. checking pulse_width_clock (0)
---------------------------------
 There are 0 register/latch pins which need pulse_width check


4. checking unconstrained_internal_endpoints (0)
------------------------------------------------
 There are 0 pins that are not constrained for maximum delay.

 There are 0 pins that are not constrained for maximum delay due to constant clock.


5. checking no_input_delay (3)
------------------------------
 There are 3 input ports with no input delay specified. (HIGH)

 There are 0 input ports with no input delay but user has a false path constraint.


6. checking no_output_delay (8)
-------------------------------
 There are 8 ports with no output delay specified. (HIGH)

 There are 0 ports with no output delay but user has a false path constraint

 There are 0 ports with no output delay but with a timing clock defined on it or propagating through it


7. checking multiple_clock (0)
------------------------------
 There are 0 register/latch pins with multiple clocks.


8. checking generated_clocks (0)
--------------------------------
 There are 0 generated clocks that are not connected to a clock source.


9. checking loops (0)
---------------------
 There are 0 combinational loops in the design.


10. checking partial_input_delay (0)
------------------------------------
 There are 0 input ports with partial input delay specified.


11. checking partial_output_delay (0)
-------------------------------------
 There are 0 ports with partial output delay specified.


12. checking latch_loops (0)
----------------------------
 There are 0 combinational latch loops in the design through latch input



------------------------------------------------------------------------------------------------
| Design Timing Summary
| ---------------------
------------------------------------------------------------------------------------------------

    WNS(ns)      TNS(ns)  TNS Failing Endpoints  TNS Total Endpoints      WHS(ns)      THS(ns)  THS Failing Endpoints  THS Total Endpoints     WPWS(ns)     TPWS(ns)  TPWS Failing Endpoints  TPWS Total Endpoints  
    -------      -------  ---------------------  -------------------      -------      -------  ---------------------  -------------------     --------     --------  ----------------------  --------------------  
      4.451        0.000                      0                  160        0.194        0.000                      0                  160        4.500        0.000                       0                    83  


All user specified timing constraints are met.


------------------------------------------------------------------------------------------------
| Clock Summary
| -------------
------------------------------------------------------------------------------------------------

Clock        Waveform(ns)       Period(ns)      Frequency(MHz)
-----        ------------       ----------      --------------
sys_clk_pin  {0.000 5.000}      10.000          100.000         


------------------------------------------------------------------------------------------------
| Intra Clock Table
| -----------------
------------------------------------------------------------------------------------------------

Clock             WNS(ns)      TNS(ns)  TNS Failing Endpoints  TNS Total Endpoints      WHS(ns)      THS(ns)  THS Failing Endpoints  THS Total Endpoints     WPWS(ns)     TPWS(ns)  TPWS Failing Endpoints  TPWS Total Endpoints  
-----             -------      -------  ---------------------  -------------------      -------      -------  ---------------------  -------------------     --------     --------  ----------------------  --------------------  
sys_clk_pin         4.451        0.000                      0                  160        0.194        0.000                      0                  160        4.500        0.000                       0                    83  


------------------------------------------------------------------------------------------------
| Inter Clock Table
| -----------------
------------------------------------------------------------------------------------------------

From Clock    To Clock          WNS(ns)      TNS(ns)  TNS Failing Endpoints  TNS Total Endpoints      WHS(ns)      THS(ns)  THS Failing Endpoints  THS Total Endpoints  
----------    --------          -------      -------  ---------------------  -------------------      -------      -------  ---------------------  -------------------  


------------------------------------------------------------------------------------------------
| Other Path Groups Table
| -----------------------
------------------------------------------------------------------------------------------------

Path Group    From Clock    To Clock          WNS(ns)      TNS(ns)  TNS Failing Endpoints  TNS Total Endpoints      WHS(ns)      THS(ns)  THS Failing Endpoints  THS Total Endpoints  
----------    ----------    --------          -------      -------  ---------------------  -------------------      -------      -------  ---------------------  -------------------  


------------------------------------------------------------------------------------------------
| Timing Details
| --------------
------------------------------------------------------------------------------------------------


---------------------------------------------------------------------------------------------------
From Clock:  sys_clk_pin
  To Clock:  sys_clk_pin

Setup :            0  Failing Endpoints,  Worst Slack        4.451ns,  Total Violation        0.000ns
Hold  :            0  Failing Endpoints,  Worst Slack        0.194ns,  Total Violation        0.000ns
PW    :            0  Failing Endpoints,  Worst Slack        4.500ns,  Total Violation        0.000ns
---------------------------------------------------------------------------------------------------


Max Delay Paths
--------------------------------------------------------------------------------------
Slack (MET) :             4.451ns  (required time - arrival time)
  Source:                 u_btn_debouncer/D_debouncer/count_reg[3]/C
                            (rising edge-triggered cell FDRE clocked by sys_clk_pin  {rise@0.000ns fall@5.000ns period=10.000ns})
  Destination:            u_btn_debouncer/D_debouncer/count_reg[28]/R
                            (rising edge-triggered cell FDRE clocked by sys_clk_pin  {rise@0.000ns fall@5.000ns period=10.000ns})
  Path Group:             sys_clk_pin
  Path Type:              Setup (Max at Slow Process Corner)
  Requirement:            10.000ns  (sys_clk_pin rise@10.000ns - sys_clk_pin rise@0.000ns)
  Data Path Delay:        4.945ns  (logic 1.658ns (33.529%)  route 3.287ns (66.471%))
  Logic Levels:           6  (CARRY4=4 LUT2=1 LUT3=1)
  Clock Path Skew:        -0.045ns (DCD - SCD + CPR)
    Destination Clock Delay (DCD):    4.843ns = ( 14.843 - 10.000 ) 
    Source Clock Delay      (SCD):    5.148ns
    Clock Pessimism Removal (CPR):    0.260ns
  Clock Uncertainty:      0.035ns  ((TSJ^2 + TIJ^2)^1/2 + DJ) / 2 + PE
    Total System Jitter     (TSJ):    0.071ns
    Total Input Jitter      (TIJ):    0.000ns
    Discrete Jitter          (DJ):    0.000ns
    Phase Error              (PE):    0.000ns

    Location             Delay type                Incr(ns)  Path(ns)    Netlist Resource(s)
  -------------------------------------------------------------------    -------------------
                         (clock sys_clk_pin rise edge)
                                                      0.000     0.000 r  
    W5                                                0.000     0.000 r  clk (IN)
                         net (fo=0)                   0.000     0.000    clk
    W5                   IBUF (Prop_ibuf_I_O)         1.458     1.458 r  clk_IBUF_inst/O
                         net (fo=1, routed)           1.967     3.425    clk_IBUF
    BUFGCTRL_X0Y0        BUFG (Prop_bufg_I_O)         0.096     3.521 r  clk_IBUF_BUFG_inst/O
                         net (fo=82, routed)          1.627     5.148    u_btn_debouncer/D_debouncer/CLK
    SLICE_X2Y18          FDRE                                         r  u_btn_debouncer/D_debouncer/count_reg[3]/C
  -------------------------------------------------------------------    -------------------
    SLICE_X2Y18          FDRE (Prop_fdre_C_Q)         0.518     5.666 f  u_btn_debouncer/D_debouncer/count_reg[3]/Q
                         net (fo=3, routed)           0.808     6.475    u_btn_debouncer/D_debouncer/count_reg[3]
    SLICE_X3Y19          LUT2 (Prop_lut2_I1_O)        0.124     6.599 r  u_btn_debouncer/D_debouncer/count0_carry_i_6__0/O
                         net (fo=1, routed)           0.000     6.599    u_btn_debouncer/D_debouncer/count0_carry_i_6__0_n_0
    SLICE_X3Y19          CARRY4 (Prop_carry4_S[1]_CO[3])
                                                      0.550     7.149 r  u_btn_debouncer/D_debouncer/count0_carry/CO[3]
                         net (fo=1, routed)           0.000     7.149    u_btn_debouncer/D_debouncer/count0_carry_n_0
    SLICE_X3Y20          CARRY4 (Prop_carry4_CI_CO[3])
                                                      0.114     7.263 r  u_btn_debouncer/D_debouncer/count0_carry__0/CO[3]
                         net (fo=1, routed)           0.000     7.263    u_btn_debouncer/D_debouncer/count0_carry__0_n_0
    SLICE_X3Y21          CARRY4 (Prop_carry4_CI_CO[3])
                                                      0.114     7.377 r  u_btn_debouncer/D_debouncer/count0_carry__1/CO[3]
                         net (fo=1, routed)           0.000     7.377    u_btn_debouncer/D_debouncer/count0_carry__1_n_0
    SLICE_X3Y22          CARRY4 (Prop_carry4_CI_CO[3])
                                                      0.114     7.491 r  u_btn_debouncer/D_debouncer/count0_carry__2/CO[3]
                         net (fo=2, routed)           1.059     8.549    u_btn_debouncer/D_debouncer/count0_carry__2_n_0
    SLICE_X4Y19          LUT3 (Prop_lut3_I2_O)        0.124     8.673 r  u_btn_debouncer/D_debouncer/count[0]_i_1__0/O
                         net (fo=32, routed)          1.420    10.093    u_btn_debouncer/D_debouncer/count[0]_i_1__0_n_0
    SLICE_X2Y25          FDRE                                         r  u_btn_debouncer/D_debouncer/count_reg[28]/R
  -------------------------------------------------------------------    -------------------

                         (clock sys_clk_pin rise edge)
                                                     10.000    10.000 r  
    W5                                                0.000    10.000 r  clk (IN)
                         net (fo=0)                   0.000    10.000    clk
    W5                   IBUF (Prop_ibuf_I_O)         1.388    11.388 r  clk_IBUF_inst/O
                         net (fo=1, routed)           1.862    13.250    clk_IBUF
    BUFGCTRL_X0Y0        BUFG (Prop_bufg_I_O)         0.091    13.341 r  clk_IBUF_BUFG_inst/O
                         net (fo=82, routed)          1.502    14.843    u_btn_debouncer/D_debouncer/CLK
    SLICE_X2Y25          FDRE                                         r  u_btn_debouncer/D_debouncer/count_reg[28]/C
                         clock pessimism              0.260    15.103    
                         clock uncertainty           -0.035    15.068    
    SLICE_X2Y25          FDRE (Setup_fdre_C_R)       -0.524    14.544    u_btn_debouncer/D_debouncer/count_reg[28]
  -------------------------------------------------------------------
                         required time                         14.544    
                         arrival time                         -10.093    
  -------------------------------------------------------------------
                         slack                                  4.451    

Slack (MET) :             4.451ns  (required time - arrival time)
  Source:                 u_btn_debouncer/D_debouncer/count_reg[3]/C
                            (rising edge-triggered cell FDRE clocked by sys_clk_pin  {rise@0.000ns fall@5.000ns period=10.000ns})
  Destination:            u_btn_debouncer/D_debouncer/count_reg[29]/R
                            (rising edge-triggered cell FDRE clocked by sys_clk_pin  {rise@0.000ns fall@5.000ns period=10.000ns})
  Path Group:             sys_clk_pin
  Path Type:              Setup (Max at Slow Process Corner)
  Requirement:            10.000ns  (sys_clk_pin rise@10.000ns - sys_clk_pin rise@0.000ns)
  Data Path Delay:        4.945ns  (logic 1.658ns (33.529%)  route 3.287ns (66.471%))
  Logic Levels:           6  (CARRY4=4 LUT2=1 LUT3=1)
  Clock Path Skew:        -0.045ns (DCD - SCD + CPR)
    Destination Clock Delay (DCD):    4.843ns = ( 14.843 - 10.000 ) 
    Source Clock Delay      (SCD):    5.148ns
    Clock Pessimism Removal (CPR):    0.260ns
  Clock Uncertainty:      0.035ns  ((TSJ^2 + TIJ^2)^1/2 + DJ) / 2 + PE
    Total System Jitter     (TSJ):    0.071ns
    Total Input Jitter      (TIJ):    0.000ns
    Discrete Jitter          (DJ):    0.000ns
    Phase Error              (PE):    0.000ns

    Location             Delay type                Incr(ns)  Path(ns)    Netlist Resource(s)
  -------------------------------------------------------------------    -------------------
                         (clock sys_clk_pin rise edge)
                                                      0.000     0.000 r  
    W5                                                0.000     0.000 r  clk (IN)
                         net (fo=0)                   0.000     0.000    clk
    W5                   IBUF (Prop_ibuf_I_O)         1.458     1.458 r  clk_IBUF_inst/O
                         net (fo=1, routed)           1.967     3.425    clk_IBUF
    BUFGCTRL_X0Y0        BUFG (Prop_bufg_I_O)         0.096     3.521 r  clk_IBUF_BUFG_inst/O
                         net (fo=82, routed)          1.627     5.148    u_btn_debouncer/D_debouncer/CLK
    SLICE_X2Y18          FDRE                                         r  u_btn_debouncer/D_debouncer/count_reg[3]/C
  -------------------------------------------------------------------    -------------------
    SLICE_X2Y18          FDRE (Prop_fdre_C_Q)         0.518     5.666 f  u_btn_debouncer/D_debouncer/count_reg[3]/Q
                         net (fo=3, routed)           0.808     6.475    u_btn_debouncer/D_debouncer/count_reg[3]
    SLICE_X3Y19          LUT2 (Prop_lut2_I1_O)        0.124     6.599 r  u_btn_debouncer/D_debouncer/count0_carry_i_6__0/O
                         net (fo=1, routed)           0.000     6.599    u_btn_debouncer/D_debouncer/count0_carry_i_6__0_n_0
    SLICE_X3Y19          CARRY4 (Prop_carry4_S[1]_CO[3])
                                                      0.550     7.149 r  u_btn_debouncer/D_debouncer/count0_carry/CO[3]
                         net (fo=1, routed)           0.000     7.149    u_btn_debouncer/D_debouncer/count0_carry_n_0
    SLICE_X3Y20          CARRY4 (Prop_carry4_CI_CO[3])
                                                      0.114     7.263 r  u_btn_debouncer/D_debouncer/count0_carry__0/CO[3]
                         net (fo=1, routed)           0.000     7.263    u_btn_debouncer/D_debouncer/count0_carry__0_n_0
    SLICE_X3Y21          CARRY4 (Prop_carry4_CI_CO[3])
                                                      0.114     7.377 r  u_btn_debouncer/D_debouncer/count0_carry__1/CO[3]
                         net (fo=1, routed)           0.000     7.377    u_btn_debouncer/D_debouncer/count0_carry__1_n_0
    SLICE_X3Y22          CARRY4 (Prop_carry4_CI_CO[3])
                                                      0.114     7.491 r  u_btn_debouncer/D_debouncer/count0_carry__2/CO[3]
                         net (fo=2, routed)           1.059     8.549    u_btn_debouncer/D_debouncer/count0_carry__2_n_0
    SLICE_X4Y19          LUT3 (Prop_lut3_I2_O)        0.124     8.673 r  u_btn_debouncer/D_debouncer/count[0]_i_1__0/O
                         net (fo=32, routed)          1.420    10.093    u_btn_debouncer/D_debouncer/count[0]_i_1__0_n_0
    SLICE_X2Y25          FDRE                                         r  u_btn_debouncer/D_debouncer/count_reg[29]/R
  -------------------------------------------------------------------    -------------------

                         (clock sys_clk_pin rise edge)
                                                     10.000    10.000 r  
    W5                                                0.000    10.000 r  clk (IN)
                         net (fo=0)                   0.000    10.000    clk
    W5                   IBUF (Prop_ibuf_I_O)         1.388    11.388 r  clk_IBUF_inst/O
                         net (fo=1, routed)           1.862    13.250    clk_IBUF
    BUFGCTRL_X0Y0        BUFG (Prop_bufg_I_O)         0.091    13.341 r  clk_IBUF_BUFG_inst/O
                         net (fo=82, routed)          1.502    14.843    u_btn_debouncer/D_debouncer/CLK
    SLICE_X2Y25          FDRE                                         r  u_btn_debouncer/D_debouncer/count_reg[29]/C
                         clock pessimism              0.260    15.103    
                         clock uncertainty           -0.035    15.068    
    SLICE_X2Y25          FDRE (Setup_fdre_C_R)       -0.524    14.544    u_btn_debouncer/D_debouncer/count_reg[29]
  -------------------------------------------------------------------
                         required time                         14.544    
                         arrival time                         -10.093    
  -------------------------------------------------------------------
                         slack                                  4.451    

Slack (MET) :             4.451ns  (required time - arrival time)
  Source:                 u_btn_debouncer/D_debouncer/count_reg[3]/C
                            (rising edge-triggered cell FDRE clocked by sys_clk_pin  {rise@0.000ns fall@5.000ns period=10.000ns})
  Destination:            u_btn_debouncer/D_debouncer/count_reg[30]/R
                            (rising edge-triggered cell FDRE clocked by sys_clk_pin  {rise@0.000ns fall@5.000ns period=10.000ns})
  Path Group:             sys_clk_pin
  Path Type:              Setup (Max at Slow Process Corner)
  Requirement:            10.000ns  (sys_clk_pin rise@10.000ns - sys_clk_pin rise@0.000ns)
  Data Path Delay:        4.945ns  (logic 1.658ns (33.529%)  route 3.287ns (66.471%))
  Logic Levels:           6  (CARRY4=4 LUT2=1 LUT3=1)
  Clock Path Skew:        -0.045ns (DCD - SCD + CPR)
    Destination Clock Delay (DCD):    4.843ns = ( 14.843 - 10.000 ) 
    Source Clock Delay      (SCD):    5.148ns
    Clock Pessimism Removal (CPR):    0.260ns
  Clock Uncertainty:      0.035ns  ((TSJ^2 + TIJ^2)^1/2 + DJ) / 2 + PE
    Total System Jitter     (TSJ):    0.071ns
    Total Input Jitter      (TIJ):    0.000ns
    Discrete Jitter          (DJ):    0.000ns
    Phase Error              (PE):    0.000ns

    Location             Delay type                Incr(ns)  Path(ns)    Netlist Resource(s)
  -------------------------------------------------------------------    -------------------
                         (clock sys_clk_pin rise edge)
                                                      0.000     0.000 r  
    W5                                                0.000     0.000 r  clk (IN)
                         net (fo=0)                   0.000     0.000    clk
    W5                   IBUF (Prop_ibuf_I_O)         1.458     1.458 r  clk_IBUF_inst/O
                         net (fo=1, routed)           1.967     3.425    clk_IBUF
    BUFGCTRL_X0Y0        BUFG (Prop_bufg_I_O)         0.096     3.521 r  clk_IBUF_BUFG_inst/O
                         net (fo=82, routed)          1.627     5.148    u_btn_debouncer/D_debouncer/CLK
    SLICE_X2Y18          FDRE                                         r  u_btn_debouncer/D_debouncer/count_reg[3]/C
  -------------------------------------------------------------------    -------------------
    SLICE_X2Y18          FDRE (Prop_fdre_C_Q)         0.518     5.666 f  u_btn_debouncer/D_debouncer/count_reg[3]/Q
                         net (fo=3, routed)           0.808     6.475    u_btn_debouncer/D_debouncer/count_reg[3]
    SLICE_X3Y19          LUT2 (Prop_lut2_I1_O)        0.124     6.599 r  u_btn_debouncer/D_debouncer/count0_carry_i_6__0/O
                         net (fo=1, routed)           0.000     6.599    u_btn_debouncer/D_debouncer/count0_carry_i_6__0_n_0
    SLICE_X3Y19          CARRY4 (Prop_carry4_S[1]_CO[3])
                                                      0.550     7.149 r  u_btn_debouncer/D_debouncer/count0_carry/CO[3]
                         net (fo=1, routed)           0.000     7.149    u_btn_debouncer/D_debouncer/count0_carry_n_0
    SLICE_X3Y20          CARRY4 (Prop_carry4_CI_CO[3])
                                                      0.114     7.263 r  u_btn_debouncer/D_debouncer/count0_carry__0/CO[3]
                         net (fo=1, routed)           0.000     7.263    u_btn_debouncer/D_debouncer/count0_carry__0_n_0
    SLICE_X3Y21          CARRY4 (Prop_carry4_CI_CO[3])
                                                      0.114     7.377 r  u_btn_debouncer/D_debouncer/count0_carry__1/CO[3]
                         net (fo=1, routed)           0.000     7.377    u_btn_debouncer/D_debouncer/count0_carry__1_n_0
    SLICE_X3Y22          CARRY4 (Prop_carry4_CI_CO[3])
                                                      0.114     7.491 r  u_btn_debouncer/D_debouncer/count0_carry__2/CO[3]
                         net (fo=2, routed)           1.059     8.549    u_btn_debouncer/D_debouncer/count0_carry__2_n_0
    SLICE_X4Y19          LUT3 (Prop_lut3_I2_O)        0.124     8.673 r  u_btn_debouncer/D_debouncer/count[0]_i_1__0/O
                         net (fo=32, routed)          1.420    10.093    u_btn_debouncer/D_debouncer/count[0]_i_1__0_n_0
    SLICE_X2Y25          FDRE                                         r  u_btn_debouncer/D_debouncer/count_reg[30]/R
  -------------------------------------------------------------------    -------------------

                         (clock sys_clk_pin rise edge)
                                                     10.000    10.000 r  
    W5                                                0.000    10.000 r  clk (IN)
                         net (fo=0)                   0.000    10.000    clk
    W5                   IBUF (Prop_ibuf_I_O)         1.388    11.388 r  clk_IBUF_inst/O
                         net (fo=1, routed)           1.862    13.250    clk_IBUF
    BUFGCTRL_X0Y0        BUFG (Prop_bufg_I_O)         0.091    13.341 r  clk_IBUF_BUFG_inst/O
                         net (fo=82, routed)          1.502    14.843    u_btn_debouncer/D_debouncer/CLK
    SLICE_X2Y25          FDRE                                         r  u_btn_debouncer/D_debouncer/count_reg[30]/C
                         clock pessimism              0.260    15.103    
                         clock uncertainty           -0.035    15.068    
    SLICE_X2Y25          FDRE (Setup_fdre_C_R)       -0.524    14.544    u_btn_debouncer/D_debouncer/count_reg[30]
  -------------------------------------------------------------------
                         required time                         14.544    
                         arrival time                         -10.093    
  -------------------------------------------------------------------
                         slack                                  4.451    

Slack (MET) :             4.451ns  (required time - arrival time)
  Source:                 u_btn_debouncer/D_debouncer/count_reg[3]/C
                            (rising edge-triggered cell FDRE clocked by sys_clk_pin  {rise@0.000ns fall@5.000ns period=10.000ns})
  Destination:            u_btn_debouncer/D_debouncer/count_reg[31]/R
                            (rising edge-triggered cell FDRE clocked by sys_clk_pin  {rise@0.000ns fall@5.000ns period=10.000ns})
  Path Group:             sys_clk_pin
  Path Type:              Setup (Max at Slow Process Corner)
  Requirement:            10.000ns  (sys_clk_pin rise@10.000ns - sys_clk_pin rise@0.000ns)
  Data Path Delay:        4.945ns  (logic 1.658ns (33.529%)  route 3.287ns (66.471%))
  Logic Levels:           6  (CARRY4=4 LUT2=1 LUT3=1)
  Clock Path Skew:        -0.045ns (DCD - SCD + CPR)
    Destination Clock Delay (DCD):    4.843ns = ( 14.843 - 10.000 ) 
    Source Clock Delay      (SCD):    5.148ns
    Clock Pessimism Removal (CPR):    0.260ns
  Clock Uncertainty:      0.035ns  ((TSJ^2 + TIJ^2)^1/2 + DJ) / 2 + PE
    Total System Jitter     (TSJ):    0.071ns
    Total Input Jitter      (TIJ):    0.000ns
    Discrete Jitter          (DJ):    0.000ns
    Phase Error              (PE):    0.000ns

    Location             Delay type                Incr(ns)  Path(ns)    Netlist Resource(s)
  -------------------------------------------------------------------    -------------------
                         (clock sys_clk_pin rise edge)
                                                      0.000     0.000 r  
    W5                                                0.000     0.000 r  clk (IN)
                         net (fo=0)                   0.000     0.000    clk
    W5                   IBUF (Prop_ibuf_I_O)         1.458     1.458 r  clk_IBUF_inst/O
                         net (fo=1, routed)           1.967     3.425    clk_IBUF
    BUFGCTRL_X0Y0        BUFG (Prop_bufg_I_O)         0.096     3.521 r  clk_IBUF_BUFG_inst/O
                         net (fo=82, routed)          1.627     5.148    u_btn_debouncer/D_debouncer/CLK
    SLICE_X2Y18          FDRE                                         r  u_btn_debouncer/D_debouncer/count_reg[3]/C
  -------------------------------------------------------------------    -------------------
    SLICE_X2Y18          FDRE (Prop_fdre_C_Q)         0.518     5.666 f  u_btn_debouncer/D_debouncer/count_reg[3]/Q
                         net (fo=3, routed)           0.808     6.475    u_btn_debouncer/D_debouncer/count_reg[3]
    SLICE_X3Y19          LUT2 (Prop_lut2_I1_O)        0.124     6.599 r  u_btn_debouncer/D_debouncer/count0_carry_i_6__0/O
                         net (fo=1, routed)           0.000     6.599    u_btn_debouncer/D_debouncer/count0_carry_i_6__0_n_0
    SLICE_X3Y19          CARRY4 (Prop_carry4_S[1]_CO[3])
                                                      0.550     7.149 r  u_btn_debouncer/D_debouncer/count0_carry/CO[3]
                         net (fo=1, routed)           0.000     7.149    u_btn_debouncer/D_debouncer/count0_carry_n_0
    SLICE_X3Y20          CARRY4 (Prop_carry4_CI_CO[3])
                                                      0.114     7.263 r  u_btn_debouncer/D_debouncer/count0_carry__0/CO[3]
                         net (fo=1, routed)           0.000     7.263    u_btn_debouncer/D_debouncer/count0_carry__0_n_0
    SLICE_X3Y21          CARRY4 (Prop_carry4_CI_CO[3])
                                                      0.114     7.377 r  u_btn_debouncer/D_debouncer/count0_carry__1/CO[3]
                         net (fo=1, routed)           0.000     7.377    u_btn_debouncer/D_debouncer/count0_carry__1_n_0
    SLICE_X3Y22          CARRY4 (Prop_carry4_CI_CO[3])
                                                      0.114     7.491 r  u_btn_debouncer/D_debouncer/count0_carry__2/CO[3]
                         net (fo=2, routed)           1.059     8.549    u_btn_debouncer/D_debouncer/count0_carry__2_n_0
    SLICE_X4Y19          LUT3 (Prop_lut3_I2_O)        0.124     8.673 r  u_btn_debouncer/D_debouncer/count[0]_i_1__0/O
                         net (fo=32, routed)          1.420    10.093    u_btn_debouncer/D_debouncer/count[0]_i_1__0_n_0
    SLICE_X2Y25          FDRE                                         r  u_btn_debouncer/D_debouncer/count_reg[31]/R
  -------------------------------------------------------------------    -------------------

                         (clock sys_clk_pin rise edge)
                                                     10.000    10.000 r  
    W5                                                0.000    10.000 r  clk (IN)
                         net (fo=0)                   0.000    10.000    clk
    W5                   IBUF (Prop_ibuf_I_O)         1.388    11.388 r  clk_IBUF_inst/O
                         net (fo=1, routed)           1.862    13.250    clk_IBUF
    BUFGCTRL_X0Y0        BUFG (Prop_bufg_I_O)         0.091    13.341 r  clk_IBUF_BUFG_inst/O
                         net (fo=82, routed)          1.502    14.843    u_btn_debouncer/D_debouncer/CLK
    SLICE_X2Y25          FDRE                                         r  u_btn_debouncer/D_debouncer/count_reg[31]/C
                         clock pessimism              0.260    15.103    
                         clock uncertainty           -0.035    15.068    
    SLICE_X2Y25          FDRE (Setup_fdre_C_R)       -0.524    14.544    u_btn_debouncer/D_debouncer/count_reg[31]
  -------------------------------------------------------------------
                         required time                         14.544    
                         arrival time                         -10.093    
  -------------------------------------------------------------------
                         slack                                  4.451    

Slack (MET) :             4.529ns  (required time - arrival time)
  Source:                 u_btn_debouncer/U_debouncer/count_reg[3]/C
                            (rising edge-triggered cell FDRE clocked by sys_clk_pin  {rise@0.000ns fall@5.000ns period=10.000ns})
  Destination:            u_btn_debouncer/U_debouncer/count_reg[12]/R
                            (rising edge-triggered cell FDRE clocked by sys_clk_pin  {rise@0.000ns fall@5.000ns period=10.000ns})
  Path Group:             sys_clk_pin
  Path Type:              Setup (Max at Slow Process Corner)
  Requirement:            10.000ns  (sys_clk_pin rise@10.000ns - sys_clk_pin rise@0.000ns)
  Data Path Delay:        4.778ns  (logic 1.622ns (33.945%)  route 3.156ns (66.055%))
  Logic Levels:           6  (CARRY4=4 LUT2=1 LUT3=1)
  Clock Path Skew:        -0.026ns (DCD - SCD + CPR)
    Destination Clock Delay (DCD):    4.848ns = ( 14.848 - 10.000 ) 
    Source Clock Delay      (SCD):    5.148ns
    Clock Pessimism Removal (CPR):    0.274ns
  Clock Uncertainty:      0.035ns  ((TSJ^2 + TIJ^2)^1/2 + DJ) / 2 + PE
    Total System Jitter     (TSJ):    0.071ns
    Total Input Jitter      (TIJ):    0.000ns
    Discrete Jitter          (DJ):    0.000ns
    Phase Error              (PE):    0.000ns

    Location             Delay type                Incr(ns)  Path(ns)    Netlist Resource(s)
  -------------------------------------------------------------------    -------------------
                         (clock sys_clk_pin rise edge)
                                                      0.000     0.000 r  
    W5                                                0.000     0.000 r  clk (IN)
                         net (fo=0)                   0.000     0.000    clk
    W5                   IBUF (Prop_ibuf_I_O)         1.458     1.458 r  clk_IBUF_inst/O
                         net (fo=1, routed)           1.967     3.425    clk_IBUF
    BUFGCTRL_X0Y0        BUFG (Prop_bufg_I_O)         0.096     3.521 r  clk_IBUF_BUFG_inst/O
                         net (fo=82, routed)          1.627     5.148    u_btn_debouncer/U_debouncer/CLK
    SLICE_X0Y18          FDRE                                         r  u_btn_debouncer/U_debouncer/count_reg[3]/C
  -------------------------------------------------------------------    -------------------
    SLICE_X0Y18          FDRE (Prop_fdre_C_Q)         0.456     5.604 f  u_btn_debouncer/U_debouncer/count_reg[3]/Q
                         net (fo=3, routed)           0.813     6.417    u_btn_debouncer/U_debouncer/count_reg[3]
    SLICE_X1Y19          LUT2 (Prop_lut2_I1_O)        0.124     6.541 r  u_btn_debouncer/U_debouncer/count0_carry_i_6/O
                         net (fo=1, routed)           0.000     6.541    u_btn_debouncer/U_debouncer/count0_carry_i_6_n_0
    SLICE_X1Y19          CARRY4 (Prop_carry4_S[1]_CO[3])
                                                      0.550     7.091 r  u_btn_debouncer/U_debouncer/count0_carry/CO[3]
                         net (fo=1, routed)           0.000     7.091    u_btn_debouncer/U_debouncer/count0_carry_n_0
    SLICE_X1Y20          CARRY4 (Prop_carry4_CI_CO[3])
                                                      0.114     7.205 r  u_btn_debouncer/U_debouncer/count0_carry__0/CO[3]
                         net (fo=1, routed)           0.000     7.205    u_btn_debouncer/U_debouncer/count0_carry__0_n_0
    SLICE_X1Y21          CARRY4 (Prop_carry4_CI_CO[3])
                                                      0.114     7.319 r  u_btn_debouncer/U_debouncer/count0_carry__1/CO[3]
                         net (fo=1, routed)           0.000     7.319    u_btn_debouncer/U_debouncer/count0_carry__1_n_0
    SLICE_X1Y22          CARRY4 (Prop_carry4_CI_CO[3])
                                                      0.114     7.433 r  u_btn_debouncer/U_debouncer/count0_carry__2/CO[3]
                         net (fo=2, routed)           1.083     8.516    u_btn_debouncer/U_debouncer/count0_carry__2_n_0
    SLICE_X3Y18          LUT3 (Prop_lut3_I2_O)        0.150     8.666 r  u_btn_debouncer/U_debouncer/count[0]_i_1/O
                         net (fo=32, routed)          1.260     9.927    u_btn_debouncer/U_debouncer/count[0]_i_1_n_0
    SLICE_X0Y21          FDRE                                         r  u_btn_debouncer/U_debouncer/count_reg[12]/R
  -------------------------------------------------------------------    -------------------

                         (clock sys_clk_pin rise edge)
                                                     10.000    10.000 r  
    W5                                                0.000    10.000 r  clk (IN)
                         net (fo=0)                   0.000    10.000    clk
    W5                   IBUF (Prop_ibuf_I_O)         1.388    11.388 r  clk_IBUF_inst/O
                         net (fo=1, routed)           1.862    13.250    clk_IBUF
    BUFGCTRL_X0Y0        BUFG (Prop_bufg_I_O)         0.091    13.341 r  clk_IBUF_BUFG_inst/O
                         net (fo=82, routed)          1.507    14.848    u_btn_debouncer/U_debouncer/CLK
    SLICE_X0Y21          FDRE                                         r  u_btn_debouncer/U_debouncer/count_reg[12]/C
                         clock pessimism              0.274    15.122    
                         clock uncertainty           -0.035    15.087    
    SLICE_X0Y21          FDRE (Setup_fdre_C_R)       -0.631    14.456    u_btn_debouncer/U_debouncer/count_reg[12]
  -------------------------------------------------------------------
                         required time                         14.456    
                         arrival time                          -9.927    
  -------------------------------------------------------------------
                         slack                                  4.529    

Slack (MET) :             4.529ns  (required time - arrival time)
  Source:                 u_btn_debouncer/U_debouncer/count_reg[3]/C
                            (rising edge-triggered cell FDRE clocked by sys_clk_pin  {rise@0.000ns fall@5.000ns period=10.000ns})
  Destination:            u_btn_debouncer/U_debouncer/count_reg[13]/R
                            (rising edge-triggered cell FDRE clocked by sys_clk_pin  {rise@0.000ns fall@5.000ns period=10.000ns})
  Path Group:             sys_clk_pin
  Path Type:              Setup (Max at Slow Process Corner)
  Requirement:            10.000ns  (sys_clk_pin rise@10.000ns - sys_clk_pin rise@0.000ns)
  Data Path Delay:        4.778ns  (logic 1.622ns (33.945%)  route 3.156ns (66.055%))
  Logic Levels:           6  (CARRY4=4 LUT2=1 LUT3=1)
  Clock Path Skew:        -0.026ns (DCD - SCD + CPR)
    Destination Clock Delay (DCD):    4.848ns = ( 14.848 - 10.000 ) 
    Source Clock Delay      (SCD):    5.148ns
    Clock Pessimism Removal (CPR):    0.274ns
  Clock Uncertainty:      0.035ns  ((TSJ^2 + TIJ^2)^1/2 + DJ) / 2 + PE
    Total System Jitter     (TSJ):    0.071ns
    Total Input Jitter      (TIJ):    0.000ns
    Discrete Jitter          (DJ):    0.000ns
    Phase Error              (PE):    0.000ns

    Location             Delay type                Incr(ns)  Path(ns)    Netlist Resource(s)
  -------------------------------------------------------------------    -------------------
                         (clock sys_clk_pin rise edge)
                                                      0.000     0.000 r  
    W5                                                0.000     0.000 r  clk (IN)
                         net (fo=0)                   0.000     0.000    clk
    W5                   IBUF (Prop_ibuf_I_O)         1.458     1.458 r  clk_IBUF_inst/O
                         net (fo=1, routed)           1.967     3.425    clk_IBUF
    BUFGCTRL_X0Y0        BUFG (Prop_bufg_I_O)         0.096     3.521 r  clk_IBUF_BUFG_inst/O
                         net (fo=82, routed)          1.627     5.148    u_btn_debouncer/U_debouncer/CLK
    SLICE_X0Y18          FDRE                                         r  u_btn_debouncer/U_debouncer/count_reg[3]/C
  -------------------------------------------------------------------    -------------------
    SLICE_X0Y18          FDRE (Prop_fdre_C_Q)         0.456     5.604 f  u_btn_debouncer/U_debouncer/count_reg[3]/Q
                         net (fo=3, routed)           0.813     6.417    u_btn_debouncer/U_debouncer/count_reg[3]
    SLICE_X1Y19          LUT2 (Prop_lut2_I1_O)        0.124     6.541 r  u_btn_debouncer/U_debouncer/count0_carry_i_6/O
                         net (fo=1, routed)           0.000     6.541    u_btn_debouncer/U_debouncer/count0_carry_i_6_n_0
    SLICE_X1Y19          CARRY4 (Prop_carry4_S[1]_CO[3])
                                                      0.550     7.091 r  u_btn_debouncer/U_debouncer/count0_carry/CO[3]
                         net (fo=1, routed)           0.000     7.091    u_btn_debouncer/U_debouncer/count0_carry_n_0
    SLICE_X1Y20          CARRY4 (Prop_carry4_CI_CO[3])
                                                      0.114     7.205 r  u_btn_debouncer/U_debouncer/count0_carry__0/CO[3]
                         net (fo=1, routed)           0.000     7.205    u_btn_debouncer/U_debouncer/count0_carry__0_n_0
    SLICE_X1Y21          CARRY4 (Prop_carry4_CI_CO[3])
                                                      0.114     7.319 r  u_btn_debouncer/U_debouncer/count0_carry__1/CO[3]
                         net (fo=1, routed)           0.000     7.319    u_btn_debouncer/U_debouncer/count0_carry__1_n_0
    SLICE_X1Y22          CARRY4 (Prop_carry4_CI_CO[3])
                                                      0.114     7.433 r  u_btn_debouncer/U_debouncer/count0_carry__2/CO[3]
                         net (fo=2, routed)           1.083     8.516    u_btn_debouncer/U_debouncer/count0_carry__2_n_0
    SLICE_X3Y18          LUT3 (Prop_lut3_I2_O)        0.150     8.666 r  u_btn_debouncer/U_debouncer/count[0]_i_1/O
                         net (fo=32, routed)          1.260     9.927    u_btn_debouncer/U_debouncer/count[0]_i_1_n_0
    SLICE_X0Y21          FDRE                                         r  u_btn_debouncer/U_debouncer/count_reg[13]/R
  -------------------------------------------------------------------    -------------------

                         (clock sys_clk_pin rise edge)
                                                     10.000    10.000 r  
    W5                                                0.000    10.000 r  clk (IN)
                         net (fo=0)                   0.000    10.000    clk
    W5                   IBUF (Prop_ibuf_I_O)         1.388    11.388 r  clk_IBUF_inst/O
                         net (fo=1, routed)           1.862    13.250    clk_IBUF
    BUFGCTRL_X0Y0        BUFG (Prop_bufg_I_O)         0.091    13.341 r  clk_IBUF_BUFG_inst/O
                         net (fo=82, routed)          1.507    14.848    u_btn_debouncer/U_debouncer/CLK
    SLICE_X0Y21          FDRE                                         r  u_btn_debouncer/U_debouncer/count_reg[13]/C
                         clock pessimism              0.274    15.122    
                         clock uncertainty           -0.035    15.087    
    SLICE_X0Y21          FDRE (Setup_fdre_C_R)       -0.631    14.456    u_btn_debouncer/U_debouncer/count_reg[13]
  -------------------------------------------------------------------
                         required time                         14.456    
                         arrival time                          -9.927    
  -------------------------------------------------------------------
                         slack                                  4.529    

Slack (MET) :             4.529ns  (required time - arrival time)
  Source:                 u_btn_debouncer/U_debouncer/count_reg[3]/C
                            (rising edge-triggered cell FDRE clocked by sys_clk_pin  {rise@0.000ns fall@5.000ns period=10.000ns})
  Destination:            u_btn_debouncer/U_debouncer/count_reg[14]/R
                            (rising edge-triggered cell FDRE clocked by sys_clk_pin  {rise@0.000ns fall@5.000ns period=10.000ns})
  Path Group:             sys_clk_pin
  Path Type:              Setup (Max at Slow Process Corner)
  Requirement:            10.000ns  (sys_clk_pin rise@10.000ns - sys_clk_pin rise@0.000ns)
  Data Path Delay:        4.778ns  (logic 1.622ns (33.945%)  route 3.156ns (66.055%))
  Logic Levels:           6  (CARRY4=4 LUT2=1 LUT3=1)
  Clock Path Skew:        -0.026ns (DCD - SCD + CPR)
    Destination Clock Delay (DCD):    4.848ns = ( 14.848 - 10.000 ) 
    Source Clock Delay      (SCD):    5.148ns
    Clock Pessimism Removal (CPR):    0.274ns
  Clock Uncertainty:      0.035ns  ((TSJ^2 + TIJ^2)^1/2 + DJ) / 2 + PE
    Total System Jitter     (TSJ):    0.071ns
    Total Input Jitter      (TIJ):    0.000ns
    Discrete Jitter          (DJ):    0.000ns
    Phase Error              (PE):    0.000ns

    Location             Delay type                Incr(ns)  Path(ns)    Netlist Resource(s)
  -------------------------------------------------------------------    -------------------
                         (clock sys_clk_pin rise edge)
                                                      0.000     0.000 r  
    W5                                                0.000     0.000 r  clk (IN)
                         net (fo=0)                   0.000     0.000    clk
    W5                   IBUF (Prop_ibuf_I_O)         1.458     1.458 r  clk_IBUF_inst/O
                         net (fo=1, routed)           1.967     3.425    clk_IBUF
    BUFGCTRL_X0Y0        BUFG (Prop_bufg_I_O)         0.096     3.521 r  clk_IBUF_BUFG_inst/O
                         net (fo=82, routed)          1.627     5.148    u_btn_debouncer/U_debouncer/CLK
    SLICE_X0Y18          FDRE                                         r  u_btn_debouncer/U_debouncer/count_reg[3]/C
  -------------------------------------------------------------------    -------------------
    SLICE_X0Y18          FDRE (Prop_fdre_C_Q)         0.456     5.604 f  u_btn_debouncer/U_debouncer/count_reg[3]/Q
                         net (fo=3, routed)           0.813     6.417    u_btn_debouncer/U_debouncer/count_reg[3]
    SLICE_X1Y19          LUT2 (Prop_lut2_I1_O)        0.124     6.541 r  u_btn_debouncer/U_debouncer/count0_carry_i_6/O
                         net (fo=1, routed)           0.000     6.541    u_btn_debouncer/U_debouncer/count0_carry_i_6_n_0
    SLICE_X1Y19          CARRY4 (Prop_carry4_S[1]_CO[3])
                                                      0.550     7.091 r  u_btn_debouncer/U_debouncer/count0_carry/CO[3]
                         net (fo=1, routed)           0.000     7.091    u_btn_debouncer/U_debouncer/count0_carry_n_0
    SLICE_X1Y20          CARRY4 (Prop_carry4_CI_CO[3])
                                                      0.114     7.205 r  u_btn_debouncer/U_debouncer/count0_carry__0/CO[3]
                         net (fo=1, routed)           0.000     7.205    u_btn_debouncer/U_debouncer/count0_carry__0_n_0
    SLICE_X1Y21          CARRY4 (Prop_carry4_CI_CO[3])
                                                      0.114     7.319 r  u_btn_debouncer/U_debouncer/count0_carry__1/CO[3]
                         net (fo=1, routed)           0.000     7.319    u_btn_debouncer/U_debouncer/count0_carry__1_n_0
    SLICE_X1Y22          CARRY4 (Prop_carry4_CI_CO[3])
                                                      0.114     7.433 r  u_btn_debouncer/U_debouncer/count0_carry__2/CO[3]
                         net (fo=2, routed)           1.083     8.516    u_btn_debouncer/U_debouncer/count0_carry__2_n_0
    SLICE_X3Y18          LUT3 (Prop_lut3_I2_O)        0.150     8.666 r  u_btn_debouncer/U_debouncer/count[0]_i_1/O
                         net (fo=32, routed)          1.260     9.927    u_btn_debouncer/U_debouncer/count[0]_i_1_n_0
    SLICE_X0Y21          FDRE                                         r  u_btn_debouncer/U_debouncer/count_reg[14]/R
  -------------------------------------------------------------------    -------------------

                         (clock sys_clk_pin rise edge)
                                                     10.000    10.000 r  
    W5                                                0.000    10.000 r  clk (IN)
                         net (fo=0)                   0.000    10.000    clk
    W5                   IBUF (Prop_ibuf_I_O)         1.388    11.388 r  clk_IBUF_inst/O
                         net (fo=1, routed)           1.862    13.250    clk_IBUF
    BUFGCTRL_X0Y0        BUFG (Prop_bufg_I_O)         0.091    13.341 r  clk_IBUF_BUFG_inst/O
                         net (fo=82, routed)          1.507    14.848    u_btn_debouncer/U_debouncer/CLK
    SLICE_X0Y21          FDRE                                         r  u_btn_debouncer/U_debouncer/count_reg[14]/C
                         clock pessimism              0.274    15.122    
                         clock uncertainty           -0.035    15.087    
    SLICE_X0Y21          FDRE (Setup_fdre_C_R)       -0.631    14.456    u_btn_debouncer/U_debouncer/count_reg[14]
  -------------------------------------------------------------------
                         required time                         14.456    
                         arrival time                          -9.927    
  -------------------------------------------------------------------
                         slack                                  4.529    

Slack (MET) :             4.529ns  (required time - arrival time)
  Source:                 u_btn_debouncer/U_debouncer/count_reg[3]/C
                            (rising edge-triggered cell FDRE clocked by sys_clk_pin  {rise@0.000ns fall@5.000ns period=10.000ns})
  Destination:            u_btn_debouncer/U_debouncer/count_reg[15]/R
                            (rising edge-triggered cell FDRE clocked by sys_clk_pin  {rise@0.000ns fall@5.000ns period=10.000ns})
  Path Group:             sys_clk_pin
  Path Type:              Setup (Max at Slow Process Corner)
  Requirement:            10.000ns  (sys_clk_pin rise@10.000ns - sys_clk_pin rise@0.000ns)
  Data Path Delay:        4.778ns  (logic 1.622ns (33.945%)  route 3.156ns (66.055%))
  Logic Levels:           6  (CARRY4=4 LUT2=1 LUT3=1)
  Clock Path Skew:        -0.026ns (DCD - SCD + CPR)
    Destination Clock Delay (DCD):    4.848ns = ( 14.848 - 10.000 ) 
    Source Clock Delay      (SCD):    5.148ns
    Clock Pessimism Removal (CPR):    0.274ns
  Clock Uncertainty:      0.035ns  ((TSJ^2 + TIJ^2)^1/2 + DJ) / 2 + PE
    Total System Jitter     (TSJ):    0.071ns
    Total Input Jitter      (TIJ):    0.000ns
    Discrete Jitter          (DJ):    0.000ns
    Phase Error              (PE):    0.000ns

    Location             Delay type                Incr(ns)  Path(ns)    Netlist Resource(s)
  -------------------------------------------------------------------    -------------------
                         (clock sys_clk_pin rise edge)
                                                      0.000     0.000 r  
    W5                                                0.000     0.000 r  clk (IN)
                         net (fo=0)                   0.000     0.000    clk
    W5                   IBUF (Prop_ibuf_I_O)         1.458     1.458 r  clk_IBUF_inst/O
                         net (fo=1, routed)           1.967     3.425    clk_IBUF
    BUFGCTRL_X0Y0        BUFG (Prop_bufg_I_O)         0.096     3.521 r  clk_IBUF_BUFG_inst/O
                         net (fo=82, routed)          1.627     5.148    u_btn_debouncer/U_debouncer/CLK
    SLICE_X0Y18          FDRE                                         r  u_btn_debouncer/U_debouncer/count_reg[3]/C
  -------------------------------------------------------------------    -------------------
    SLICE_X0Y18          FDRE (Prop_fdre_C_Q)         0.456     5.604 f  u_btn_debouncer/U_debouncer/count_reg[3]/Q
                         net (fo=3, routed)           0.813     6.417    u_btn_debouncer/U_debouncer/count_reg[3]
    SLICE_X1Y19          LUT2 (Prop_lut2_I1_O)        0.124     6.541 r  u_btn_debouncer/U_debouncer/count0_carry_i_6/O
                         net (fo=1, routed)           0.000     6.541    u_btn_debouncer/U_debouncer/count0_carry_i_6_n_0
    SLICE_X1Y19          CARRY4 (Prop_carry4_S[1]_CO[3])
                                                      0.550     7.091 r  u_btn_debouncer/U_debouncer/count0_carry/CO[3]
                         net (fo=1, routed)           0.000     7.091    u_btn_debouncer/U_debouncer/count0_carry_n_0
    SLICE_X1Y20          CARRY4 (Prop_carry4_CI_CO[3])
                                                      0.114     7.205 r  u_btn_debouncer/U_debouncer/count0_carry__0/CO[3]
                         net (fo=1, routed)           0.000     7.205    u_btn_debouncer/U_debouncer/count0_carry__0_n_0
    SLICE_X1Y21          CARRY4 (Prop_carry4_CI_CO[3])
                                                      0.114     7.319 r  u_btn_debouncer/U_debouncer/count0_carry__1/CO[3]
                         net (fo=1, routed)           0.000     7.319    u_btn_debouncer/U_debouncer/count0_carry__1_n_0
    SLICE_X1Y22          CARRY4 (Prop_carry4_CI_CO[3])
                                                      0.114     7.433 r  u_btn_debouncer/U_debouncer/count0_carry__2/CO[3]
                         net (fo=2, routed)           1.083     8.516    u_btn_debouncer/U_debouncer/count0_carry__2_n_0
    SLICE_X3Y18          LUT3 (Prop_lut3_I2_O)        0.150     8.666 r  u_btn_debouncer/U_debouncer/count[0]_i_1/O
                         net (fo=32, routed)          1.260     9.927    u_btn_debouncer/U_debouncer/count[0]_i_1_n_0
    SLICE_X0Y21          FDRE                                         r  u_btn_debouncer/U_debouncer/count_reg[15]/R
  -------------------------------------------------------------------    -------------------

                         (clock sys_clk_pin rise edge)
                                                     10.000    10.000 r  
    W5                                                0.000    10.000 r  clk (IN)
                         net (fo=0)                   0.000    10.000    clk
    W5                   IBUF (Prop_ibuf_I_O)         1.388    11.388 r  clk_IBUF_inst/O
                         net (fo=1, routed)           1.862    13.250    clk_IBUF
    BUFGCTRL_X0Y0        BUFG (Prop_bufg_I_O)         0.091    13.341 r  clk_IBUF_BUFG_inst/O
                         net (fo=82, routed)          1.507    14.848    u_btn_debouncer/U_debouncer/CLK
    SLICE_X0Y21          FDRE                                         r  u_btn_debouncer/U_debouncer/count_reg[15]/C
                         clock pessimism              0.274    15.122    
                         clock uncertainty           -0.035    15.087    
    SLICE_X0Y21          FDRE (Setup_fdre_C_R)       -0.631    14.456    u_btn_debouncer/U_debouncer/count_reg[15]
  -------------------------------------------------------------------
                         required time                         14.456    
                         arrival time                          -9.927    
  -------------------------------------------------------------------
                         slack                                  4.529    

Slack (MET) :             4.630ns  (required time - arrival time)
  Source:                 u_btn_debouncer/D_debouncer/count_reg[3]/C
                            (rising edge-triggered cell FDRE clocked by sys_clk_pin  {rise@0.000ns fall@5.000ns period=10.000ns})
  Destination:            u_btn_debouncer/D_debouncer/count_reg[24]/R
                            (rising edge-triggered cell FDRE clocked by sys_clk_pin  {rise@0.000ns fall@5.000ns period=10.000ns})
  Path Group:             sys_clk_pin
  Path Type:              Setup (Max at Slow Process Corner)
  Requirement:            10.000ns  (sys_clk_pin rise@10.000ns - sys_clk_pin rise@0.000ns)
  Data Path Delay:        4.779ns  (logic 1.658ns (34.691%)  route 3.121ns (65.309%))
  Logic Levels:           6  (CARRY4=4 LUT2=1 LUT3=1)
  Clock Path Skew:        -0.031ns (DCD - SCD + CPR)
    Destination Clock Delay (DCD):    4.843ns = ( 14.843 - 10.000 ) 
    Source Clock Delay      (SCD):    5.148ns
    Clock Pessimism Removal (CPR):    0.274ns
  Clock Uncertainty:      0.035ns  ((TSJ^2 + TIJ^2)^1/2 + DJ) / 2 + PE
    Total System Jitter     (TSJ):    0.071ns
    Total Input Jitter      (TIJ):    0.000ns
    Discrete Jitter          (DJ):    0.000ns
    Phase Error              (PE):    0.000ns

    Location             Delay type                Incr(ns)  Path(ns)    Netlist Resource(s)
  -------------------------------------------------------------------    -------------------
                         (clock sys_clk_pin rise edge)
                                                      0.000     0.000 r  
    W5                                                0.000     0.000 r  clk (IN)
                         net (fo=0)                   0.000     0.000    clk
    W5                   IBUF (Prop_ibuf_I_O)         1.458     1.458 r  clk_IBUF_inst/O
                         net (fo=1, routed)           1.967     3.425    clk_IBUF
    BUFGCTRL_X0Y0        BUFG (Prop_bufg_I_O)         0.096     3.521 r  clk_IBUF_BUFG_inst/O
                         net (fo=82, routed)          1.627     5.148    u_btn_debouncer/D_debouncer/CLK
    SLICE_X2Y18          FDRE                                         r  u_btn_debouncer/D_debouncer/count_reg[3]/C
  -------------------------------------------------------------------    -------------------
    SLICE_X2Y18          FDRE (Prop_fdre_C_Q)         0.518     5.666 f  u_btn_debouncer/D_debouncer/count_reg[3]/Q
                         net (fo=3, routed)           0.808     6.475    u_btn_debouncer/D_debouncer/count_reg[3]
    SLICE_X3Y19          LUT2 (Prop_lut2_I1_O)        0.124     6.599 r  u_btn_debouncer/D_debouncer/count0_carry_i_6__0/O
                         net (fo=1, routed)           0.000     6.599    u_btn_debouncer/D_debouncer/count0_carry_i_6__0_n_0
    SLICE_X3Y19          CARRY4 (Prop_carry4_S[1]_CO[3])
                                                      0.550     7.149 r  u_btn_debouncer/D_debouncer/count0_carry/CO[3]
                         net (fo=1, routed)           0.000     7.149    u_btn_debouncer/D_debouncer/count0_carry_n_0
    SLICE_X3Y20          CARRY4 (Prop_carry4_CI_CO[3])
                                                      0.114     7.263 r  u_btn_debouncer/D_debouncer/count0_carry__0/CO[3]
                         net (fo=1, routed)           0.000     7.263    u_btn_debouncer/D_debouncer/count0_carry__0_n_0
    SLICE_X3Y21          CARRY4 (Prop_carry4_CI_CO[3])
                                                      0.114     7.377 r  u_btn_debouncer/D_debouncer/count0_carry__1/CO[3]
                         net (fo=1, routed)           0.000     7.377    u_btn_debouncer/D_debouncer/count0_carry__1_n_0
    SLICE_X3Y22          CARRY4 (Prop_carry4_CI_CO[3])
                                                      0.114     7.491 r  u_btn_debouncer/D_debouncer/count0_carry__2/CO[3]
                         net (fo=2, routed)           1.059     8.549    u_btn_debouncer/D_debouncer/count0_carry__2_n_0
    SLICE_X4Y19          LUT3 (Prop_lut3_I2_O)        0.124     8.673 r  u_btn_debouncer/D_debouncer/count[0]_i_1__0/O
                         net (fo=32, routed)          1.254     9.928    u_btn_debouncer/D_debouncer/count[0]_i_1__0_n_0
    SLICE_X2Y24          FDRE                                         r  u_btn_debouncer/D_debouncer/count_reg[24]/R
  -------------------------------------------------------------------    -------------------

                         (clock sys_clk_pin rise edge)
                                                     10.000    10.000 r  
    W5                                                0.000    10.000 r  clk (IN)
                         net (fo=0)                   0.000    10.000    clk
    W5                   IBUF (Prop_ibuf_I_O)         1.388    11.388 r  clk_IBUF_inst/O
                         net (fo=1, routed)           1.862    13.250    clk_IBUF
    BUFGCTRL_X0Y0        BUFG (Prop_bufg_I_O)         0.091    13.341 r  clk_IBUF_BUFG_inst/O
                         net (fo=82, routed)          1.502    14.843    u_btn_debouncer/D_debouncer/CLK
    SLICE_X2Y24          FDRE                                         r  u_btn_debouncer/D_debouncer/count_reg[24]/C
                         clock pessimism              0.274    15.117    
                         clock uncertainty           -0.035    15.082    
    SLICE_X2Y24          FDRE (Setup_fdre_C_R)       -0.524    14.558    u_btn_debouncer/D_debouncer/count_reg[24]
  -------------------------------------------------------------------
                         required time                         14.558    
                         arrival time                          -9.928    
  -------------------------------------------------------------------
                         slack                                  4.630    

Slack (MET) :             4.630ns  (required time - arrival time)
  Source:                 u_btn_debouncer/D_debouncer/count_reg[3]/C
                            (rising edge-triggered cell FDRE clocked by sys_clk_pin  {rise@0.000ns fall@5.000ns period=10.000ns})
  Destination:            u_btn_debouncer/D_debouncer/count_reg[25]/R
                            (rising edge-triggered cell FDRE clocked by sys_clk_pin  {rise@0.000ns fall@5.000ns period=10.000ns})
  Path Group:             sys_clk_pin
  Path Type:              Setup (Max at Slow Process Corner)
  Requirement:            10.000ns  (sys_clk_pin rise@10.000ns - sys_clk_pin rise@0.000ns)
  Data Path Delay:        4.779ns  (logic 1.658ns (34.691%)  route 3.121ns (65.309%))
  Logic Levels:           6  (CARRY4=4 LUT2=1 LUT3=1)
  Clock Path Skew:        -0.031ns (DCD - SCD + CPR)
    Destination Clock Delay (DCD):    4.843ns = ( 14.843 - 10.000 ) 
    Source Clock Delay      (SCD):    5.148ns
    Clock Pessimism Removal (CPR):    0.274ns
  Clock Uncertainty:      0.035ns  ((TSJ^2 + TIJ^2)^1/2 + DJ) / 2 + PE
    Total System Jitter     (TSJ):    0.071ns
    Total Input Jitter      (TIJ):    0.000ns
    Discrete Jitter          (DJ):    0.000ns
    Phase Error              (PE):    0.000ns

    Location             Delay type                Incr(ns)  Path(ns)    Netlist Resource(s)
  -------------------------------------------------------------------    -------------------
                         (clock sys_clk_pin rise edge)
                                                      0.000     0.000 r  
    W5                                                0.000     0.000 r  clk (IN)
                         net (fo=0)                   0.000     0.000    clk
    W5                   IBUF (Prop_ibuf_I_O)         1.458     1.458 r  clk_IBUF_inst/O
                         net (fo=1, routed)           1.967     3.425    clk_IBUF
    BUFGCTRL_X0Y0        BUFG (Prop_bufg_I_O)         0.096     3.521 r  clk_IBUF_BUFG_inst/O
                         net (fo=82, routed)          1.627     5.148    u_btn_debouncer/D_debouncer/CLK
    SLICE_X2Y18          FDRE                                         r  u_btn_debouncer/D_debouncer/count_reg[3]/C
  -------------------------------------------------------------------    -------------------
    SLICE_X2Y18          FDRE (Prop_fdre_C_Q)         0.518     5.666 f  u_btn_debouncer/D_debouncer/count_reg[3]/Q
                         net (fo=3, routed)           0.808     6.475    u_btn_debouncer/D_debouncer/count_reg[3]
    SLICE_X3Y19          LUT2 (Prop_lut2_I1_O)        0.124     6.599 r  u_btn_debouncer/D_debouncer/count0_carry_i_6__0/O
                         net (fo=1, routed)           0.000     6.599    u_btn_debouncer/D_debouncer/count0_carry_i_6__0_n_0
    SLICE_X3Y19          CARRY4 (Prop_carry4_S[1]_CO[3])
                                                      0.550     7.149 r  u_btn_debouncer/D_debouncer/count0_carry/CO[3]
                         net (fo=1, routed)           0.000     7.149    u_btn_debouncer/D_debouncer/count0_carry_n_0
    SLICE_X3Y20          CARRY4 (Prop_carry4_CI_CO[3])
                                                      0.114     7.263 r  u_btn_debouncer/D_debouncer/count0_carry__0/CO[3]
                         net (fo=1, routed)           0.000     7.263    u_btn_debouncer/D_debouncer/count0_carry__0_n_0
    SLICE_X3Y21          CARRY4 (Prop_carry4_CI_CO[3])
                                                      0.114     7.377 r  u_btn_debouncer/D_debouncer/count0_carry__1/CO[3]
                         net (fo=1, routed)           0.000     7.377    u_btn_debouncer/D_debouncer/count0_carry__1_n_0
    SLICE_X3Y22          CARRY4 (Prop_carry4_CI_CO[3])
                                                      0.114     7.491 r  u_btn_debouncer/D_debouncer/count0_carry__2/CO[3]
                         net (fo=2, routed)           1.059     8.549    u_btn_debouncer/D_debouncer/count0_carry__2_n_0
    SLICE_X4Y19          LUT3 (Prop_lut3_I2_O)        0.124     8.673 r  u_btn_debouncer/D_debouncer/count[0]_i_1__0/O
                         net (fo=32, routed)          1.254     9.928    u_btn_debouncer/D_debouncer/count[0]_i_1__0_n_0
    SLICE_X2Y24          FDRE                                         r  u_btn_debouncer/D_debouncer/count_reg[25]/R
  -------------------------------------------------------------------    -------------------

                         (clock sys_clk_pin rise edge)
                                                     10.000    10.000 r  
    W5                                                0.000    10.000 r  clk (IN)
                         net (fo=0)                   0.000    10.000    clk
    W5                   IBUF (Prop_ibuf_I_O)         1.388    11.388 r  clk_IBUF_inst/O
                         net (fo=1, routed)           1.862    13.250    clk_IBUF
    BUFGCTRL_X0Y0        BUFG (Prop_bufg_I_O)         0.091    13.341 r  clk_IBUF_BUFG_inst/O
                         net (fo=82, routed)          1.502    14.843    u_btn_debouncer/D_debouncer/CLK
    SLICE_X2Y24          FDRE                                         r  u_btn_debouncer/D_debouncer/count_reg[25]/C
                         clock pessimism              0.274    15.117    
                         clock uncertainty           -0.035    15.082    
    SLICE_X2Y24          FDRE (Setup_fdre_C_R)       -0.524    14.558    u_btn_debouncer/D_debouncer/count_reg[25]
  -------------------------------------------------------------------
                         required time                         14.558    
                         arrival time                          -9.928    
  -------------------------------------------------------------------
                         slack                                  4.630    





Min Delay Paths
--------------------------------------------------------------------------------------
Slack (MET) :             0.194ns  (arrival time - required time)
  Source:                 sr7_reg[1]/C
                            (rising edge-triggered cell FDCE clocked by sys_clk_pin  {rise@0.000ns fall@5.000ns period=10.000ns})
  Destination:            sr7_reg[2]/D
                            (rising edge-triggered cell FDCE clocked by sys_clk_pin  {rise@0.000ns fall@5.000ns period=10.000ns})
  Path Group:             sys_clk_pin
  Path Type:              Hold (Min at Fast Process Corner)
  Requirement:            0.000ns  (sys_clk_pin rise@0.000ns - sys_clk_pin rise@0.000ns)
  Data Path Delay:        0.269ns  (logic 0.141ns (52.485%)  route 0.128ns (47.515%))
  Logic Levels:           0  
  Clock Path Skew:        0.000ns (DCD - SCD - CPR)
    Destination Clock Delay (DCD):    1.984ns
    Source Clock Delay      (SCD):    1.471ns
    Clock Pessimism Removal (CPR):    0.513ns

    Location             Delay type                Incr(ns)  Path(ns)    Netlist Resource(s)
  -------------------------------------------------------------------    -------------------
                         (clock sys_clk_pin rise edge)
                                                      0.000     0.000 r  
    W5                                                0.000     0.000 r  clk (IN)
                         net (fo=0)                   0.000     0.000    clk
    W5                   IBUF (Prop_ibuf_I_O)         0.226     0.226 r  clk_IBUF_inst/O
                         net (fo=1, routed)           0.631     0.858    clk_IBUF
    BUFGCTRL_X0Y0        BUFG (Prop_bufg_I_O)         0.026     0.884 r  clk_IBUF_BUFG_inst/O
                         net (fo=82, routed)          0.588     1.471    clk_IBUF_BUFG
    SLICE_X1Y18          FDCE                                         r  sr7_reg[1]/C
  -------------------------------------------------------------------    -------------------
    SLICE_X1Y18          FDCE (Prop_fdce_C_Q)         0.141     1.612 r  sr7_reg[1]/Q
                         net (fo=3, routed)           0.128     1.740    led_OBUF[2]
    SLICE_X1Y18          FDCE                                         r  sr7_reg[2]/D
  -------------------------------------------------------------------    -------------------

                         (clock sys_clk_pin rise edge)
                                                      0.000     0.000 r  
    W5                                                0.000     0.000 r  clk (IN)
                         net (fo=0)                   0.000     0.000    clk
    W5                   IBUF (Prop_ibuf_I_O)         0.414     0.414 r  clk_IBUF_inst/O
                         net (fo=1, routed)           0.685     1.099    clk_IBUF
    BUFGCTRL_X0Y0        BUFG (Prop_bufg_I_O)         0.029     1.128 r  clk_IBUF_BUFG_inst/O
                         net (fo=82, routed)          0.857     1.984    clk_IBUF_BUFG
    SLICE_X1Y18          FDCE                                         r  sr7_reg[2]/C
                         clock pessimism             -0.513     1.471    
    SLICE_X1Y18          FDCE (Hold_fdce_C_D)         0.075     1.546    sr7_reg[2]
  -------------------------------------------------------------------
                         required time                         -1.546    
                         arrival time                           1.740    
  -------------------------------------------------------------------
                         slack                                  0.194    

Slack (MET) :             0.215ns  (arrival time - required time)
  Source:                 sr7_reg[3]/C
                            (rising edge-triggered cell FDCE clocked by sys_clk_pin  {rise@0.000ns fall@5.000ns period=10.000ns})
  Destination:            sr7_reg[4]/D
                            (rising edge-triggered cell FDCE clocked by sys_clk_pin  {rise@0.000ns fall@5.000ns period=10.000ns})
  Path Group:             sys_clk_pin
  Path Type:              Hold (Min at Fast Process Corner)
  Requirement:            0.000ns  (sys_clk_pin rise@0.000ns - sys_clk_pin rise@0.000ns)
  Data Path Delay:        0.247ns  (logic 0.128ns (51.769%)  route 0.119ns (48.231%))
  Logic Levels:           0  
  Clock Path Skew:        0.015ns (DCD - SCD - CPR)
    Destination Clock Delay (DCD):    1.985ns
    Source Clock Delay      (SCD):    1.471ns
    Clock Pessimism Removal (CPR):    0.499ns

    Location             Delay type                Incr(ns)  Path(ns)    Netlist Resource(s)
  -------------------------------------------------------------------    -------------------
                         (clock sys_clk_pin rise edge)
                                                      0.000     0.000 r  
    W5                                                0.000     0.000 r  clk (IN)
                         net (fo=0)                   0.000     0.000    clk
    W5                   IBUF (Prop_ibuf_I_O)         0.226     0.226 r  clk_IBUF_inst/O
                         net (fo=1, routed)           0.631     0.858    clk_IBUF
    BUFGCTRL_X0Y0        BUFG (Prop_bufg_I_O)         0.026     0.884 r  clk_IBUF_BUFG_inst/O
                         net (fo=82, routed)          0.588     1.471    clk_IBUF_BUFG
    SLICE_X1Y18          FDCE                                         r  sr7_reg[3]/C
  -------------------------------------------------------------------    -------------------
    SLICE_X1Y18          FDCE (Prop_fdce_C_Q)         0.128     1.599 r  sr7_reg[3]/Q
                         net (fo=3, routed)           0.119     1.718    led_OBUF[4]
    SLICE_X0Y17          FDCE                                         r  sr7_reg[4]/D
  -------------------------------------------------------------------    -------------------

                         (clock sys_clk_pin rise edge)
                                                      0.000     0.000 r  
    W5                                                0.000     0.000 r  clk (IN)
                         net (fo=0)                   0.000     0.000    clk
    W5                   IBUF (Prop_ibuf_I_O)         0.414     0.414 r  clk_IBUF_inst/O
                         net (fo=1, routed)           0.685     1.099    clk_IBUF
    BUFGCTRL_X0Y0        BUFG (Prop_bufg_I_O)         0.029     1.128 r  clk_IBUF_BUFG_inst/O
                         net (fo=82, routed)          0.858     1.985    clk_IBUF_BUFG
    SLICE_X0Y17          FDCE                                         r  sr7_reg[4]/C
                         clock pessimism             -0.499     1.486    
    SLICE_X0Y17          FDCE (Hold_fdce_C_D)         0.017     1.503    sr7_reg[4]
  -------------------------------------------------------------------
                         required time                         -1.503    
                         arrival time                           1.718    
  -------------------------------------------------------------------
                         slack                                  0.215    

Slack (MET) :             0.242ns  (arrival time - required time)
  Source:                 u_btn_debouncer/U_debouncer/btn_state_reg/C
                            (rising edge-triggered cell FDRE clocked by sys_clk_pin  {rise@0.000ns fall@5.000ns period=10.000ns})
  Destination:            r_prev_btn_reg[0]/D
                            (rising edge-triggered cell FDRE clocked by sys_clk_pin  {rise@0.000ns fall@5.000ns period=10.000ns})
  Path Group:             sys_clk_pin
  Path Type:              Hold (Min at Fast Process Corner)
  Requirement:            0.000ns  (sys_clk_pin rise@0.000ns - sys_clk_pin rise@0.000ns)
  Data Path Delay:        0.345ns  (logic 0.141ns (40.879%)  route 0.204ns (59.121%))
  Logic Levels:           0  
  Clock Path Skew:        0.033ns (DCD - SCD - CPR)
    Destination Clock Delay (DCD):    1.982ns
    Source Clock Delay      (SCD):    1.471ns
    Clock Pessimism Removal (CPR):    0.478ns

    Location             Delay type                Incr(ns)  Path(ns)    Netlist Resource(s)
  -------------------------------------------------------------------    -------------------
                         (clock sys_clk_pin rise edge)
                                                      0.000     0.000 r  
    W5                                                0.000     0.000 r  clk (IN)
                         net (fo=0)                   0.000     0.000    clk
    W5                   IBUF (Prop_ibuf_I_O)         0.226     0.226 r  clk_IBUF_inst/O
                         net (fo=1, routed)           0.631     0.858    clk_IBUF
    BUFGCTRL_X0Y0        BUFG (Prop_bufg_I_O)         0.026     0.884 r  clk_IBUF_BUFG_inst/O
                         net (fo=82, routed)          0.588     1.471    u_btn_debouncer/U_debouncer/CLK
    SLICE_X3Y18          FDRE                                         r  u_btn_debouncer/U_debouncer/btn_state_reg/C
  -------------------------------------------------------------------    -------------------
    SLICE_X3Y18          FDRE (Prop_fdre_C_Q)         0.141     1.612 r  u_btn_debouncer/U_debouncer/btn_state_reg/Q
                         net (fo=5, routed)           0.204     1.816    w_debounced_btn[0]
    SLICE_X4Y18          FDRE                                         r  r_prev_btn_reg[0]/D
  -------------------------------------------------------------------    -------------------

                         (clock sys_clk_pin rise edge)
                                                      0.000     0.000 r  
    W5                                                0.000     0.000 r  clk (IN)
                         net (fo=0)                   0.000     0.000    clk
    W5                   IBUF (Prop_ibuf_I_O)         0.414     0.414 r  clk_IBUF_inst/O
                         net (fo=1, routed)           0.685     1.099    clk_IBUF
    BUFGCTRL_X0Y0        BUFG (Prop_bufg_I_O)         0.029     1.128 r  clk_IBUF_BUFG_inst/O
                         net (fo=82, routed)          0.855     1.982    clk_IBUF_BUFG
    SLICE_X4Y18          FDRE                                         r  r_prev_btn_reg[0]/C
                         clock pessimism             -0.478     1.504    
    SLICE_X4Y18          FDRE (Hold_fdre_C_D)         0.070     1.574    r_prev_btn_reg[0]
  -------------------------------------------------------------------
                         required time                         -1.574    
                         arrival time                           1.816    
  -------------------------------------------------------------------
                         slack                                  0.242    

Slack (MET) :             0.258ns  (arrival time - required time)
  Source:                 sr7_reg[1]/C
                            (rising edge-triggered cell FDCE clocked by sys_clk_pin  {rise@0.000ns fall@5.000ns period=10.000ns})
  Destination:            sr7_reg[2]_lopt_replica/D
                            (rising edge-triggered cell FDCE clocked by sys_clk_pin  {rise@0.000ns fall@5.000ns period=10.000ns})
  Path Group:             sys_clk_pin
  Path Type:              Hold (Min at Fast Process Corner)
  Requirement:            0.000ns  (sys_clk_pin rise@0.000ns - sys_clk_pin rise@0.000ns)
  Data Path Delay:        0.329ns  (logic 0.141ns (42.868%)  route 0.188ns (57.132%))
  Logic Levels:           0  
  Clock Path Skew:        0.000ns (DCD - SCD - CPR)
    Destination Clock Delay (DCD):    1.984ns
    Source Clock Delay      (SCD):    1.471ns
    Clock Pessimism Removal (CPR):    0.513ns

    Location             Delay type                Incr(ns)  Path(ns)    Netlist Resource(s)
  -------------------------------------------------------------------    -------------------
                         (clock sys_clk_pin rise edge)
                                                      0.000     0.000 r  
    W5                                                0.000     0.000 r  clk (IN)
                         net (fo=0)                   0.000     0.000    clk
    W5                   IBUF (Prop_ibuf_I_O)         0.226     0.226 r  clk_IBUF_inst/O
                         net (fo=1, routed)           0.631     0.858    clk_IBUF
    BUFGCTRL_X0Y0        BUFG (Prop_bufg_I_O)         0.026     0.884 r  clk_IBUF_BUFG_inst/O
                         net (fo=82, routed)          0.588     1.471    clk_IBUF_BUFG
    SLICE_X1Y18          FDCE                                         r  sr7_reg[1]/C
  -------------------------------------------------------------------    -------------------
    SLICE_X1Y18          FDCE (Prop_fdce_C_Q)         0.141     1.612 r  sr7_reg[1]/Q
                         net (fo=3, routed)           0.188     1.800    led_OBUF[2]
    SLICE_X1Y18          FDCE                                         r  sr7_reg[2]_lopt_replica/D
  -------------------------------------------------------------------    -------------------

                         (clock sys_clk_pin rise edge)
                                                      0.000     0.000 r  
    W5                                                0.000     0.000 r  clk (IN)
                         net (fo=0)                   0.000     0.000    clk
    W5                   IBUF (Prop_ibuf_I_O)         0.414     0.414 r  clk_IBUF_inst/O
                         net (fo=1, routed)           0.685     1.099    clk_IBUF
    BUFGCTRL_X0Y0        BUFG (Prop_bufg_I_O)         0.029     1.128 r  clk_IBUF_BUFG_inst/O
                         net (fo=82, routed)          0.857     1.984    clk_IBUF_BUFG
    SLICE_X1Y18          FDCE                                         r  sr7_reg[2]_lopt_replica/C
                         clock pessimism             -0.513     1.471    
    SLICE_X1Y18          FDCE (Hold_fdce_C_D)         0.071     1.542    sr7_reg[2]_lopt_replica
  -------------------------------------------------------------------
                         required time                         -1.542    
                         arrival time                           1.800    
  -------------------------------------------------------------------
                         slack                                  0.258    

Slack (MET) :             0.259ns  (arrival time - required time)
  Source:                 u_btn_debouncer/D_debouncer/btn_state_reg/C
                            (rising edge-triggered cell FDRE clocked by sys_clk_pin  {rise@0.000ns fall@5.000ns period=10.000ns})
  Destination:            r_prev_btn_reg[1]/D
                            (rising edge-triggered cell FDRE clocked by sys_clk_pin  {rise@0.000ns fall@5.000ns period=10.000ns})
  Path Group:             sys_clk_pin
  Path Type:              Hold (Min at Fast Process Corner)
  Requirement:            0.000ns  (sys_clk_pin rise@0.000ns - sys_clk_pin rise@0.000ns)
  Data Path Delay:        0.340ns  (logic 0.141ns (41.460%)  route 0.199ns (58.540%))
  Logic Levels:           0  
  Clock Path Skew:        0.015ns (DCD - SCD - CPR)
    Destination Clock Delay (DCD):    1.982ns
    Source Clock Delay      (SCD):    1.468ns
    Clock Pessimism Removal (CPR):    0.499ns

    Location             Delay type                Incr(ns)  Path(ns)    Netlist Resource(s)
  -------------------------------------------------------------------    -------------------
                         (clock sys_clk_pin rise edge)
                                                      0.000     0.000 r  
    W5                                                0.000     0.000 r  clk (IN)
                         net (fo=0)                   0.000     0.000    clk
    W5                   IBUF (Prop_ibuf_I_O)         0.226     0.226 r  clk_IBUF_inst/O
                         net (fo=1, routed)           0.631     0.858    clk_IBUF
    BUFGCTRL_X0Y0        BUFG (Prop_bufg_I_O)         0.026     0.884 r  clk_IBUF_BUFG_inst/O
                         net (fo=82, routed)          0.585     1.468    u_btn_debouncer/D_debouncer/CLK
    SLICE_X4Y19          FDRE                                         r  u_btn_debouncer/D_debouncer/btn_state_reg/C
  -------------------------------------------------------------------    -------------------
    SLICE_X4Y19          FDRE (Prop_fdre_C_Q)         0.141     1.609 r  u_btn_debouncer/D_debouncer/btn_state_reg/Q
                         net (fo=4, routed)           0.199     1.808    w_debounced_btn[1]
    SLICE_X4Y18          FDRE                                         r  r_prev_btn_reg[1]/D
  -------------------------------------------------------------------    -------------------

                         (clock sys_clk_pin rise edge)
                                                      0.000     0.000 r  
    W5                                                0.000     0.000 r  clk (IN)
                         net (fo=0)                   0.000     0.000    clk
    W5                   IBUF (Prop_ibuf_I_O)         0.414     0.414 r  clk_IBUF_inst/O
                         net (fo=1, routed)           0.685     1.099    clk_IBUF
    BUFGCTRL_X0Y0        BUFG (Prop_bufg_I_O)         0.029     1.128 r  clk_IBUF_BUFG_inst/O
                         net (fo=82, routed)          0.855     1.982    clk_IBUF_BUFG
    SLICE_X4Y18          FDRE                                         r  r_prev_btn_reg[1]/C
                         clock pessimism             -0.499     1.483    
    SLICE_X4Y18          FDRE (Hold_fdre_C_D)         0.066     1.549    r_prev_btn_reg[1]
  -------------------------------------------------------------------
                         required time                         -1.549    
                         arrival time                           1.808    
  -------------------------------------------------------------------
                         slack                                  0.259    

Slack (MET) :             0.259ns  (arrival time - required time)
  Source:                 sr7_reg[4]/C
                            (rising edge-triggered cell FDCE clocked by sys_clk_pin  {rise@0.000ns fall@5.000ns period=10.000ns})
  Destination:            sr7_reg[5]_lopt_replica/D
                            (rising edge-triggered cell FDCE clocked by sys_clk_pin  {rise@0.000ns fall@5.000ns period=10.000ns})
  Path Group:             sys_clk_pin
  Path Type:              Hold (Min at Fast Process Corner)
  Requirement:            0.000ns  (sys_clk_pin rise@0.000ns - sys_clk_pin rise@0.000ns)
  Data Path Delay:        0.338ns  (logic 0.141ns (41.685%)  route 0.197ns (58.315%))
  Logic Levels:           0  
  Clock Path Skew:        0.013ns (DCD - SCD - CPR)
    Destination Clock Delay (DCD):    1.985ns
    Source Clock Delay      (SCD):    1.472ns
    Clock Pessimism Removal (CPR):    0.500ns

    Location             Delay type                Incr(ns)  Path(ns)    Netlist Resource(s)
  -------------------------------------------------------------------    -------------------
                         (clock sys_clk_pin rise edge)
                                                      0.000     0.000 r  
    W5                                                0.000     0.000 r  clk (IN)
                         net (fo=0)                   0.000     0.000    clk
    W5                   IBUF (Prop_ibuf_I_O)         0.226     0.226 r  clk_IBUF_inst/O
                         net (fo=1, routed)           0.631     0.858    clk_IBUF
    BUFGCTRL_X0Y0        BUFG (Prop_bufg_I_O)         0.026     0.884 r  clk_IBUF_BUFG_inst/O
                         net (fo=82, routed)          0.589     1.472    clk_IBUF_BUFG
    SLICE_X0Y17          FDCE                                         r  sr7_reg[4]/C
  -------------------------------------------------------------------    -------------------
    SLICE_X0Y17          FDCE (Prop_fdce_C_Q)         0.141     1.613 r  sr7_reg[4]/Q
                         net (fo=3, routed)           0.197     1.810    led_OBUF[5]
    SLICE_X1Y17          FDCE                                         r  sr7_reg[5]_lopt_replica/D
  -------------------------------------------------------------------    -------------------

                         (clock sys_clk_pin rise edge)
                                                      0.000     0.000 r  
    W5                                                0.000     0.000 r  clk (IN)
                         net (fo=0)                   0.000     0.000    clk
    W5                   IBUF (Prop_ibuf_I_O)         0.414     0.414 r  clk_IBUF_inst/O
                         net (fo=1, routed)           0.685     1.099    clk_IBUF
    BUFGCTRL_X0Y0        BUFG (Prop_bufg_I_O)         0.029     1.128 r  clk_IBUF_BUFG_inst/O
                         net (fo=82, routed)          0.858     1.985    clk_IBUF_BUFG
    SLICE_X1Y17          FDCE                                         r  sr7_reg[5]_lopt_replica/C
                         clock pessimism             -0.500     1.485    
    SLICE_X1Y17          FDCE (Hold_fdce_C_D)         0.066     1.551    sr7_reg[5]_lopt_replica
  -------------------------------------------------------------------
                         required time                         -1.551    
                         arrival time                           1.810    
  -------------------------------------------------------------------
                         slack                                  0.259    

Slack (MET) :             0.265ns  (arrival time - required time)
  Source:                 u_btn_debouncer/D_debouncer/count_reg[6]/C
                            (rising edge-triggered cell FDRE clocked by sys_clk_pin  {rise@0.000ns fall@5.000ns period=10.000ns})
  Destination:            u_btn_debouncer/D_debouncer/count_reg[6]/D
                            (rising edge-triggered cell FDRE clocked by sys_clk_pin  {rise@0.000ns fall@5.000ns period=10.000ns})
  Path Group:             sys_clk_pin
  Path Type:              Hold (Min at Fast Process Corner)
  Requirement:            0.000ns  (sys_clk_pin rise@0.000ns - sys_clk_pin rise@0.000ns)
  Data Path Delay:        0.399ns  (logic 0.274ns (68.589%)  route 0.125ns (31.411%))
  Logic Levels:           1  (CARRY4=1)
  Clock Path Skew:        0.000ns (DCD - SCD - CPR)
    Destination Clock Delay (DCD):    1.983ns
    Source Clock Delay      (SCD):    1.470ns
    Clock Pessimism Removal (CPR):    0.513ns

    Location             Delay type                Incr(ns)  Path(ns)    Netlist Resource(s)
  -------------------------------------------------------------------    -------------------
                         (clock sys_clk_pin rise edge)
                                                      0.000     0.000 r  
    W5                                                0.000     0.000 r  clk (IN)
                         net (fo=0)                   0.000     0.000    clk
    W5                   IBUF (Prop_ibuf_I_O)         0.226     0.226 r  clk_IBUF_inst/O
                         net (fo=1, routed)           0.631     0.858    clk_IBUF
    BUFGCTRL_X0Y0        BUFG (Prop_bufg_I_O)         0.026     0.884 r  clk_IBUF_BUFG_inst/O
                         net (fo=82, routed)          0.587     1.470    u_btn_debouncer/D_debouncer/CLK
    SLICE_X2Y19          FDRE                                         r  u_btn_debouncer/D_debouncer/count_reg[6]/C
  -------------------------------------------------------------------    -------------------
    SLICE_X2Y19          FDRE (Prop_fdre_C_Q)         0.164     1.634 r  u_btn_debouncer/D_debouncer/count_reg[6]/Q
                         net (fo=2, routed)           0.125     1.760    u_btn_debouncer/D_debouncer/count_reg[6]
    SLICE_X2Y19          CARRY4 (Prop_carry4_S[2]_O[2])
                                                      0.110     1.870 r  u_btn_debouncer/D_debouncer/count_reg[4]_i_1__0/O[2]
                         net (fo=1, routed)           0.000     1.870    u_btn_debouncer/D_debouncer/count_reg[4]_i_1__0_n_5
    SLICE_X2Y19          FDRE                                         r  u_btn_debouncer/D_debouncer/count_reg[6]/D
  -------------------------------------------------------------------    -------------------

                         (clock sys_clk_pin rise edge)
                                                      0.000     0.000 r  
    W5                                                0.000     0.000 r  clk (IN)
                         net (fo=0)                   0.000     0.000    clk
    W5                   IBUF (Prop_ibuf_I_O)         0.414     0.414 r  clk_IBUF_inst/O
                         net (fo=1, routed)           0.685     1.099    clk_IBUF
    BUFGCTRL_X0Y0        BUFG (Prop_bufg_I_O)         0.029     1.128 r  clk_IBUF_BUFG_inst/O
                         net (fo=82, routed)          0.856     1.983    u_btn_debouncer/D_debouncer/CLK
    SLICE_X2Y19          FDRE                                         r  u_btn_debouncer/D_debouncer/count_reg[6]/C
                         clock pessimism             -0.513     1.470    
    SLICE_X2Y19          FDRE (Hold_fdre_C_D)         0.134     1.604    u_btn_debouncer/D_debouncer/count_reg[6]
  -------------------------------------------------------------------
                         required time                         -1.604    
                         arrival time                           1.870    
  -------------------------------------------------------------------
                         slack                                  0.265    

Slack (MET) :             0.266ns  (arrival time - required time)
  Source:                 u_btn_debouncer/D_debouncer/count_reg[10]/C
                            (rising edge-triggered cell FDRE clocked by sys_clk_pin  {rise@0.000ns fall@5.000ns period=10.000ns})
  Destination:            u_btn_debouncer/D_debouncer/count_reg[10]/D
                            (rising edge-triggered cell FDRE clocked by sys_clk_pin  {rise@0.000ns fall@5.000ns period=10.000ns})
  Path Group:             sys_clk_pin
  Path Type:              Hold (Min at Fast Process Corner)
  Requirement:            0.000ns  (sys_clk_pin rise@0.000ns - sys_clk_pin rise@0.000ns)
  Data Path Delay:        0.400ns  (logic 0.274ns (68.524%)  route 0.126ns (31.476%))
  Logic Levels:           1  (CARRY4=1)
  Clock Path Skew:        0.000ns (DCD - SCD - CPR)
    Destination Clock Delay (DCD):    1.982ns
    Source Clock Delay      (SCD):    1.469ns
    Clock Pessimism Removal (CPR):    0.513ns

    Location             Delay type                Incr(ns)  Path(ns)    Netlist Resource(s)
  -------------------------------------------------------------------    -------------------
                         (clock sys_clk_pin rise edge)
                                                      0.000     0.000 r  
    W5                                                0.000     0.000 r  clk (IN)
                         net (fo=0)                   0.000     0.000    clk
    W5                   IBUF (Prop_ibuf_I_O)         0.226     0.226 r  clk_IBUF_inst/O
                         net (fo=1, routed)           0.631     0.858    clk_IBUF
    BUFGCTRL_X0Y0        BUFG (Prop_bufg_I_O)         0.026     0.884 r  clk_IBUF_BUFG_inst/O
                         net (fo=82, routed)          0.586     1.469    u_btn_debouncer/D_debouncer/CLK
    SLICE_X2Y20          FDRE                                         r  u_btn_debouncer/D_debouncer/count_reg[10]/C
  -------------------------------------------------------------------    -------------------
    SLICE_X2Y20          FDRE (Prop_fdre_C_Q)         0.164     1.633 r  u_btn_debouncer/D_debouncer/count_reg[10]/Q
                         net (fo=3, routed)           0.126     1.759    u_btn_debouncer/D_debouncer/count_reg[10]
    SLICE_X2Y20          CARRY4 (Prop_carry4_S[2]_O[2])
                                                      0.110     1.869 r  u_btn_debouncer/D_debouncer/count_reg[8]_i_1__0/O[2]
                         net (fo=1, routed)           0.000     1.869    u_btn_debouncer/D_debouncer/count_reg[8]_i_1__0_n_5
    SLICE_X2Y20          FDRE                                         r  u_btn_debouncer/D_debouncer/count_reg[10]/D
  -------------------------------------------------------------------    -------------------

                         (clock sys_clk_pin rise edge)
                                                      0.000     0.000 r  
    W5                                                0.000     0.000 r  clk (IN)
                         net (fo=0)                   0.000     0.000    clk
    W5                   IBUF (Prop_ibuf_I_O)         0.414     0.414 r  clk_IBUF_inst/O
                         net (fo=1, routed)           0.685     1.099    clk_IBUF
    BUFGCTRL_X0Y0        BUFG (Prop_bufg_I_O)         0.029     1.128 r  clk_IBUF_BUFG_inst/O
                         net (fo=82, routed)          0.855     1.982    u_btn_debouncer/D_debouncer/CLK
    SLICE_X2Y20          FDRE                                         r  u_btn_debouncer/D_debouncer/count_reg[10]/C
                         clock pessimism             -0.513     1.469    
    SLICE_X2Y20          FDRE (Hold_fdre_C_D)         0.134     1.603    u_btn_debouncer/D_debouncer/count_reg[10]
  -------------------------------------------------------------------
                         required time                         -1.603    
                         arrival time                           1.869    
  -------------------------------------------------------------------
                         slack                                  0.266    

Slack (MET) :             0.267ns  (arrival time - required time)
  Source:                 u_btn_debouncer/D_debouncer/count_reg[14]/C
                            (rising edge-triggered cell FDRE clocked by sys_clk_pin  {rise@0.000ns fall@5.000ns period=10.000ns})
  Destination:            u_btn_debouncer/D_debouncer/count_reg[14]/D
                            (rising edge-triggered cell FDRE clocked by sys_clk_pin  {rise@0.000ns fall@5.000ns period=10.000ns})
  Path Group:             sys_clk_pin
  Path Type:              Hold (Min at Fast Process Corner)
  Requirement:            0.000ns  (sys_clk_pin rise@0.000ns - sys_clk_pin rise@0.000ns)
  Data Path Delay:        0.401ns  (logic 0.274ns (68.412%)  route 0.127ns (31.588%))
  Logic Levels:           1  (CARRY4=1)
  Clock Path Skew:        0.000ns (DCD - SCD - CPR)
    Destination Clock Delay (DCD):    1.981ns
    Source Clock Delay      (SCD):    1.468ns
    Clock Pessimism Removal (CPR):    0.513ns

    Location             Delay type                Incr(ns)  Path(ns)    Netlist Resource(s)
  -------------------------------------------------------------------    -------------------
                         (clock sys_clk_pin rise edge)
                                                      0.000     0.000 r  
    W5                                                0.000     0.000 r  clk (IN)
                         net (fo=0)                   0.000     0.000    clk
    W5                   IBUF (Prop_ibuf_I_O)         0.226     0.226 r  clk_IBUF_inst/O
                         net (fo=1, routed)           0.631     0.858    clk_IBUF
    BUFGCTRL_X0Y0        BUFG (Prop_bufg_I_O)         0.026     0.884 r  clk_IBUF_BUFG_inst/O
                         net (fo=82, routed)          0.585     1.468    u_btn_debouncer/D_debouncer/CLK
    SLICE_X2Y21          FDRE                                         r  u_btn_debouncer/D_debouncer/count_reg[14]/C
  -------------------------------------------------------------------    -------------------
    SLICE_X2Y21          FDRE (Prop_fdre_C_Q)         0.164     1.632 r  u_btn_debouncer/D_debouncer/count_reg[14]/Q
                         net (fo=2, routed)           0.127     1.759    u_btn_debouncer/D_debouncer/count_reg[14]
    SLICE_X2Y21          CARRY4 (Prop_carry4_S[2]_O[2])
                                                      0.110     1.869 r  u_btn_debouncer/D_debouncer/count_reg[12]_i_1__0/O[2]
                         net (fo=1, routed)           0.000     1.869    u_btn_debouncer/D_debouncer/count_reg[12]_i_1__0_n_5
    SLICE_X2Y21          FDRE                                         r  u_btn_debouncer/D_debouncer/count_reg[14]/D
  -------------------------------------------------------------------    -------------------

                         (clock sys_clk_pin rise edge)
                                                      0.000     0.000 r  
    W5                                                0.000     0.000 r  clk (IN)
                         net (fo=0)                   0.000     0.000    clk
    W5                   IBUF (Prop_ibuf_I_O)         0.414     0.414 r  clk_IBUF_inst/O
                         net (fo=1, routed)           0.685     1.099    clk_IBUF
    BUFGCTRL_X0Y0        BUFG (Prop_bufg_I_O)         0.029     1.128 r  clk_IBUF_BUFG_inst/O
                         net (fo=82, routed)          0.854     1.981    u_btn_debouncer/D_debouncer/CLK
    SLICE_X2Y21          FDRE                                         r  u_btn_debouncer/D_debouncer/count_reg[14]/C
                         clock pessimism             -0.513     1.468    
    SLICE_X2Y21          FDRE (Hold_fdre_C_D)         0.134     1.602    u_btn_debouncer/D_debouncer/count_reg[14]
  -------------------------------------------------------------------
                         required time                         -1.602    
                         arrival time                           1.869    
  -------------------------------------------------------------------
                         slack                                  0.267    

Slack (MET) :             0.267ns  (arrival time - required time)
  Source:                 u_btn_debouncer/D_debouncer/count_reg[18]/C
                            (rising edge-triggered cell FDRE clocked by sys_clk_pin  {rise@0.000ns fall@5.000ns period=10.000ns})
  Destination:            u_btn_debouncer/D_debouncer/count_reg[18]/D
                            (rising edge-triggered cell FDRE clocked by sys_clk_pin  {rise@0.000ns fall@5.000ns period=10.000ns})
  Path Group:             sys_clk_pin
  Path Type:              Hold (Min at Fast Process Corner)
  Requirement:            0.000ns  (sys_clk_pin rise@0.000ns - sys_clk_pin rise@0.000ns)
  Data Path Delay:        0.401ns  (logic 0.274ns (68.412%)  route 0.127ns (31.588%))
  Logic Levels:           1  (CARRY4=1)
  Clock Path Skew:        0.000ns (DCD - SCD - CPR)
    Destination Clock Delay (DCD):    1.980ns
    Source Clock Delay      (SCD):    1.468ns
    Clock Pessimism Removal (CPR):    0.512ns

    Location             Delay type                Incr(ns)  Path(ns)    Netlist Resource(s)
  -------------------------------------------------------------------    -------------------
                         (clock sys_clk_pin rise edge)
                                                      0.000     0.000 r  
    W5                                                0.000     0.000 r  clk (IN)
                         net (fo=0)                   0.000     0.000    clk
    W5                   IBUF (Prop_ibuf_I_O)         0.226     0.226 r  clk_IBUF_inst/O
                         net (fo=1, routed)           0.631     0.858    clk_IBUF
    BUFGCTRL_X0Y0        BUFG (Prop_bufg_I_O)         0.026     0.884 r  clk_IBUF_BUFG_inst/O
                         net (fo=82, routed)          0.585     1.468    u_btn_debouncer/D_debouncer/CLK
    SLICE_X2Y22          FDRE                                         r  u_btn_debouncer/D_debouncer/count_reg[18]/C
  -------------------------------------------------------------------    -------------------
    SLICE_X2Y22          FDRE (Prop_fdre_C_Q)         0.164     1.632 r  u_btn_debouncer/D_debouncer/count_reg[18]/Q
                         net (fo=2, routed)           0.127     1.759    u_btn_debouncer/D_debouncer/count_reg[18]
    SLICE_X2Y22          CARRY4 (Prop_carry4_S[2]_O[2])
                                                      0.110     1.869 r  u_btn_debouncer/D_debouncer/count_reg[16]_i_1__0/O[2]
                         net (fo=1, routed)           0.000     1.869    u_btn_debouncer/D_debouncer/count_reg[16]_i_1__0_n_5
    SLICE_X2Y22          FDRE                                         r  u_btn_debouncer/D_debouncer/count_reg[18]/D
  -------------------------------------------------------------------    -------------------

                         (clock sys_clk_pin rise edge)
                                                      0.000     0.000 r  
    W5                                                0.000     0.000 r  clk (IN)
                         net (fo=0)                   0.000     0.000    clk
    W5                   IBUF (Prop_ibuf_I_O)         0.414     0.414 r  clk_IBUF_inst/O
                         net (fo=1, routed)           0.685     1.099    clk_IBUF
    BUFGCTRL_X0Y0        BUFG (Prop_bufg_I_O)         0.029     1.128 r  clk_IBUF_BUFG_inst/O
                         net (fo=82, routed)          0.853     1.980    u_btn_debouncer/D_debouncer/CLK
    SLICE_X2Y22          FDRE                                         r  u_btn_debouncer/D_debouncer/count_reg[18]/C
                         clock pessimism             -0.512     1.468    
    SLICE_X2Y22          FDRE (Hold_fdre_C_D)         0.134     1.602    u_btn_debouncer/D_debouncer/count_reg[18]
  -------------------------------------------------------------------
                         required time                         -1.602    
                         arrival time                           1.869    
  -------------------------------------------------------------------
                         slack                                  0.267    





Pulse Width Checks
--------------------------------------------------------------------------------------
Clock Name:         sys_clk_pin
Waveform(ns):       { 0.000 5.000 }
Period(ns):         10.000
Sources:            { clk }

Check Type        Corner  Lib Pin  Reference Pin  Required(ns)  Actual(ns)  Slack(ns)  Location       Pin
Min Period        n/a     BUFG/I   n/a            2.155         10.000      7.845      BUFGCTRL_X0Y0  clk_IBUF_BUFG_inst/I
Min Period        n/a     FDRE/C   n/a            1.000         10.000      9.000      SLICE_X4Y18    r_prev_btn_reg[0]/C
Min Period        n/a     FDRE/C   n/a            1.000         10.000      9.000      SLICE_X4Y18    r_prev_btn_reg[1]/C
Min Period        n/a     FDCE/C   n/a            1.000         10.000      9.000      SLICE_X1Y18    sr7_reg[0]/C
Min Period        n/a     FDCE/C   n/a            1.000         10.000      9.000      SLICE_X1Y18    sr7_reg[0]_lopt_replica/C
Min Period        n/a     FDCE/C   n/a            1.000         10.000      9.000      SLICE_X1Y18    sr7_reg[1]/C
Min Period        n/a     FDCE/C   n/a            1.000         10.000      9.000      SLICE_X1Y18    sr7_reg[1]_lopt_replica/C
Min Period        n/a     FDCE/C   n/a            1.000         10.000      9.000      SLICE_X1Y18    sr7_reg[2]/C
Min Period        n/a     FDCE/C   n/a            1.000         10.000      9.000      SLICE_X1Y18    sr7_reg[2]_lopt_replica/C
Min Period        n/a     FDCE/C   n/a            1.000         10.000      9.000      SLICE_X1Y18    sr7_reg[3]/C
Low Pulse Width   Slow    FDRE/C   n/a            0.500         5.000       4.500      SLICE_X4Y18    r_prev_btn_reg[0]/C
Low Pulse Width   Fast    FDRE/C   n/a            0.500         5.000       4.500      SLICE_X4Y18    r_prev_btn_reg[0]/C
Low Pulse Width   Slow    FDRE/C   n/a            0.500         5.000       4.500      SLICE_X4Y18    r_prev_btn_reg[1]/C
Low Pulse Width   Fast    FDRE/C   n/a            0.500         5.000       4.500      SLICE_X4Y18    r_prev_btn_reg[1]/C
Low Pulse Width   Slow    FDCE/C   n/a            0.500         5.000       4.500      SLICE_X1Y18    sr7_reg[0]/C
Low Pulse Width   Fast    FDCE/C   n/a            0.500         5.000       4.500      SLICE_X1Y18    sr7_reg[0]/C
Low Pulse Width   Slow    FDCE/C   n/a            0.500         5.000       4.500      SLICE_X1Y18    sr7_reg[0]_lopt_replica/C
Low Pulse Width   Fast    FDCE/C   n/a            0.500         5.000       4.500      SLICE_X1Y18    sr7_reg[0]_lopt_replica/C
Low Pulse Width   Slow    FDCE/C   n/a            0.500         5.000       4.500      SLICE_X1Y18    sr7_reg[1]/C
Low Pulse Width   Fast    FDCE/C   n/a            0.500         5.000       4.500      SLICE_X1Y18    sr7_reg[1]/C
High Pulse Width  Slow    FDRE/C   n/a            0.500         5.000       4.500      SLICE_X4Y18    r_prev_btn_reg[0]/C
High Pulse Width  Fast    FDRE/C   n/a            0.500         5.000       4.500      SLICE_X4Y18    r_prev_btn_reg[0]/C
High Pulse Width  Slow    FDRE/C   n/a            0.500         5.000       4.500      SLICE_X4Y18    r_prev_btn_reg[1]/C
High Pulse Width  Fast    FDRE/C   n/a            0.500         5.000       4.500      SLICE_X4Y18    r_prev_btn_reg[1]/C
High Pulse Width  Slow    FDCE/C   n/a            0.500         5.000       4.500      SLICE_X1Y18    sr7_reg[0]/C
High Pulse Width  Fast    FDCE/C   n/a            0.500         5.000       4.500      SLICE_X1Y18    sr7_reg[0]/C
High Pulse Width  Slow    FDCE/C   n/a            0.500         5.000       4.500      SLICE_X1Y18    sr7_reg[0]_lopt_replica/C
High Pulse Width  Fast    FDCE/C   n/a            0.500         5.000       4.500      SLICE_X1Y18    sr7_reg[0]_lopt_replica/C
High Pulse Width  Slow    FDCE/C   n/a            0.500         5.000       4.500      SLICE_X1Y18    sr7_reg[1]/C
High Pulse Width  Fast    FDCE/C   n/a            0.500         5.000       4.500      SLICE_X1Y18    sr7_reg[1]/C



